School.Year,Division.Number,Division.Name,Subject,Race,Test.Level,Test.Source,Test,Pass.Count,Total.Count,Pass.Rate
2005-2006,2,Albemarle County,English:Reading,"Black, not of Hispanic origin",Grade 3,SOL,English Reading,56,85,65.88
2005-2006,2,Albemarle County,English:Reading,"Black, not of Hispanic origin",Grade 8,SOL,English Reading,79,114,69.3
2005-2006,2,Albemarle County,English:Reading,"White, not of Hispanic origin",Grade 3,SOL,English Reading,603,667,90.4
2005-2006,2,Albemarle County,English:Reading,"White, not of Hispanic origin",Grade 8,SOL,English Reading,626,707,88.54
2005-2006,104,Charlottesville City,English:Reading,"Black, not of Hispanic origin",Grade 3,SOL,English Reading,84,128,65.63
2005-2006,104,Charlottesville City,English:Reading,"Black, not of Hispanic origin",Grade 8,SOL,English Reading,63,149,42.28
2005-2006,104,Charlottesville City,English:Reading,"White, not of Hispanic origin",Grade 3,SOL,English Reading,112,129,86.82
2005-2006,104,Charlottesville City,English:Reading,"White, not of Hispanic origin",Grade 8,SOL,English Reading,101,127,79.53
2005-2006,32,Fluvanna County,English:Reading,"Black, not of Hispanic origin",Grade 3,SOL,English Reading,29,43,67.44
2005-2006,32,Fluvanna County,English:Reading,"Black, not of Hispanic origin",Grade 8,SOL,English Reading,32,51,62.75
2005-2006,32,Fluvanna County,English:Reading,"White, not of Hispanic origin",Grade 3,SOL,English Reading,180,229,78.6
2005-2006,32,Fluvanna County,English:Reading,"White, not of Hispanic origin",Grade 8,SOL,English Reading,172,212,81.13
2005-2006,39,Greene County,English:Reading,"Black, not of Hispanic origin",Grade 3,SOL,English Reading,13,19,68.42
2005-2006,39,Greene County,English:Reading,"Black, not of Hispanic origin",Grade 8,SOL,English Reading,13,26,50
2005-2006,39,Greene County,English:Reading,"White, not of Hispanic origin",Grade 3,SOL,English Reading,139,171,81.29
2005-2006,39,Greene County,English:Reading,"White, not of Hispanic origin",Grade 8,SOL,English Reading,126,169,74.56
2005-2006,54,Louisa County,English:Reading,"Black, not of Hispanic origin",Grade 3,SOL,English Reading,40,60,66.67
2005-2006,54,Louisa County,English:Reading,"Black, not of Hispanic origin",Grade 8,SOL,English Reading,63,97,64.95
2005-2006,54,Louisa County,English:Reading,"White, not of Hispanic origin",Grade 3,SOL,English Reading,178,204,87.25
2005-2006,54,Louisa County,English:Reading,"White, not of Hispanic origin",Grade 8,SOL,English Reading,192,243,79.01
2005-2006,62,Nelson County,English:Reading,"Black, not of Hispanic origin",Grade 3,SOL,English Reading,15,17,88.24
2005-2006,62,Nelson County,English:Reading,"Black, not of Hispanic origin",Grade 8,SOL,English Reading,21,29,72.41
2005-2006,62,Nelson County,English:Reading,"White, not of Hispanic origin",Grade 3,SOL,English Reading,81,93,87.1
2005-2006,62,Nelson County,English:Reading,"White, not of Hispanic origin",Grade 8,SOL,English Reading,85,99,85.86
2006-2007,2,Albemarle County,English:Reading,"Black, not of Hispanic origin",Grade 3,SOL,English Reading,79,128,61.72
2006-2007,2,Albemarle County,English:Reading,"Black, not of Hispanic origin",Grade 8,SOL,English Reading,67,124,54.03
2006-2007,2,Albemarle County,English:Reading,"White, not of Hispanic origin",Grade 3,SOL,English Reading,605,681,88.84
2006-2007,2,Albemarle County,English:Reading,"White, not of Hispanic origin",Grade 8,SOL,English Reading,630,716,87.99
2006-2007,104,Charlottesville City,English:Reading,"Black, not of Hispanic origin",Grade 3,SOL,English Reading,70,108,64.81
2006-2007,104,Charlottesville City,English:Reading,"Black, not of Hispanic origin",Grade 8,SOL,English Reading,50,139,35.97
2006-2007,104,Charlottesville City,English:Reading,"White, not of Hispanic origin",Grade 3,SOL,English Reading,111,120,92.5
2006-2007,104,Charlottesville City,English:Reading,"White, not of Hispanic origin",Grade 3,SOL,English Reading,<,<,>50
2006-2007,104,Charlottesville City,English:Reading,"White, not of Hispanic origin",Grade 8,SOL,English Reading,85,96,88.54
2006-2007,32,Fluvanna County,English:Reading,"Black, not of Hispanic origin",Grade 3,SOL,English Reading,27,46,58.7
2006-2007,32,Fluvanna County,English:Reading,"Black, not of Hispanic origin",Grade 8,SOL,English Reading,30,46,65.22
2006-2007,32,Fluvanna County,English:Reading,"White, not of Hispanic origin",Grade 3,SOL,English Reading,181,224,80.8
2006-2007,32,Fluvanna County,English:Reading,"White, not of Hispanic origin",Grade 8,SOL,English Reading,182,212,85.85
2006-2007,39,Greene County,English:Reading,"Black, not of Hispanic origin",Grade 3,SOL,English Reading,16,27,59.26
2006-2007,39,Greene County,English:Reading,"Black, not of Hispanic origin",Grade 8,SOL,English Reading,14,22,63.64
2006-2007,39,Greene County,English:Reading,"White, not of Hispanic origin",Grade 3,SOL,English Reading,126,169,74.56
2006-2007,39,Greene County,English:Reading,"White, not of Hispanic origin",Grade 8,SOL,English Reading,121,152,79.61
2006-2007,54,Louisa County,English:Reading,"Black, not of Hispanic origin",Grade 3,SOL,English Reading,44,73,60.27
2006-2007,54,Louisa County,English:Reading,"Black, not of Hispanic origin",Grade 8,SOL,English Reading,51,92,55.43
2006-2007,54,Louisa County,English:Reading,"White, not of Hispanic origin",Grade 3,SOL,English Reading,195,243,80.25
2006-2007,54,Louisa County,English:Reading,"White, not of Hispanic origin",Grade 3,SOL,English Reading,<,<,<50
2006-2007,54,Louisa County,English:Reading,"White, not of Hispanic origin",Grade 8,SOL,English Reading,202,268,75.37
2006-2007,62,Nelson County,English:Reading,"Black, not of Hispanic origin",Grade 3,SOL,English Reading,19,26,73.08
2006-2007,62,Nelson County,English:Reading,"Black, not of Hispanic origin",Grade 8,SOL,English Reading,18,23,78.26
2006-2007,62,Nelson County,English:Reading,"White, not of Hispanic origin",Grade 3,SOL,English Reading,99,123,80.49
2006-2007,62,Nelson County,English:Reading,"White, not of Hispanic origin",Grade 8,SOL,English Reading,82,88,93.18
2007-2008,2,Albemarle County,English:Reading,"Black, not of Hispanic origin",Grade 3,SOL,English Reading,71,106,66.98
2007-2008,2,Albemarle County,English:Reading,"Black, not of Hispanic origin",Grade 8,SOL,English Reading,79,114,69.3
2007-2008,2,Albemarle County,English:Reading,"White, not of Hispanic origin",Grade 3,SOL,English Reading,612,669,91.48
2007-2008,2,Albemarle County,English:Reading,"White, not of Hispanic origin",Grade 8,SOL,English Reading,664,728,91.21
2007-2008,104,Charlottesville City,English:Reading,"Black, not of Hispanic origin",Grade 3,SOL,English Reading,103,132,78.03
2007-2008,104,Charlottesville City,English:Reading,"Black, not of Hispanic origin",Grade 8,SOL,English Reading,57,122,46.72
2007-2008,104,Charlottesville City,English:Reading,"White, not of Hispanic origin",Grade 3,SOL,English Reading,116,124,93.55
2007-2008,104,Charlottesville City,English:Reading,"White, not of Hispanic origin",Grade 8,SOL,English Reading,99,111,89.19
2007-2008,32,Fluvanna County,English:Reading,"Black, not of Hispanic origin",Grade 3,SOL,English Reading,26,43,60.47
2007-2008,32,Fluvanna County,English:Reading,"Black, not of Hispanic origin",Grade 8,SOL,English Reading,35,47,74.47
2007-2008,32,Fluvanna County,English:Reading,"White, not of Hispanic origin",Grade 3,SOL,English Reading,174,206,84.47
2007-2008,32,Fluvanna County,English:Reading,"White, not of Hispanic origin",Grade 8,SOL,English Reading,185,200,92.5
2007-2008,39,Greene County,English:Reading,"Black, not of Hispanic origin",Grade 3,SOL,English Reading,16,19,84.21
2007-2008,39,Greene County,English:Reading,"Black, not of Hispanic origin",Grade 8,SOL,English Reading,19,31,61.29
2007-2008,39,Greene County,English:Reading,"White, not of Hispanic origin",Grade 3,SOL,English Reading,156,189,82.54
2007-2008,39,Greene County,English:Reading,"White, not of Hispanic origin",Grade 8,SOL,English Reading,150,168,89.29
2007-2008,54,Louisa County,English:Reading,"Black, not of Hispanic origin",Grade 3,SOL,English Reading,45,61,73.77
2007-2008,54,Louisa County,English:Reading,"Black, not of Hispanic origin",Grade 8,SOL,English Reading,52,82,63.41
2007-2008,54,Louisa County,English:Reading,"White, not of Hispanic origin",Grade 3,SOL,English Reading,169,187,90.37
2007-2008,54,Louisa County,English:Reading,"White, not of Hispanic origin",Grade 8,SOL,English Reading,232,276,84.06
2007-2008,62,Nelson County,English:Reading,"Black, not of Hispanic origin",Grade 3,SOL,English Reading,10,22,45.45
2007-2008,62,Nelson County,English:Reading,"Black, not of Hispanic origin",Grade 8,SOL,English Reading,19,24,79.17
2007-2008,62,Nelson County,English:Reading,"White, not of Hispanic origin",Grade 3,SOL,English Reading,100,121,82.64
2007-2008,62,Nelson County,English:Reading,"White, not of Hispanic origin",Grade 8,SOL,English Reading,107,117,91.45
2008-2009,2,Albemarle County,English:Reading,"Black, not of Hispanic origin",Grade 3,SOL,English Reading,96,122,78.69
2008-2009,2,Albemarle County,English:Reading,"Black, not of Hispanic origin",Grade 8,SOL,English Reading,91,114,79.82
2008-2009,2,Albemarle County,English:Reading,"White, not of Hispanic origin",Grade 3,SOL,English Reading,678,727,93.26
2008-2009,2,Albemarle County,English:Reading,"White, not of Hispanic origin",Grade 8,SOL,English Reading,645,671,96.13
2008-2009,104,Charlottesville City,English:Reading,"Black, not of Hispanic origin",Grade 3,SOL,English Reading,81,108,75
2008-2009,104,Charlottesville City,English:Reading,"Black, not of Hispanic origin",Grade 8,SOL,English Reading,63,93,67.74
2008-2009,104,Charlottesville City,English:Reading,"White, not of Hispanic origin",Grade 3,SOL,English Reading,118,122,96.72
2008-2009,104,Charlottesville City,English:Reading,"White, not of Hispanic origin",Grade 8,SOL,English Reading,108,116,93.1
2008-2009,32,Fluvanna County,English:Reading,"Black, not of Hispanic origin",Grade 3,SOL,English Reading,32,45,71.11
2008-2009,32,Fluvanna County,English:Reading,"Black, not of Hispanic origin",Grade 8,SOL,English Reading,29,41,70.73
2008-2009,32,Fluvanna County,English:Reading,"White, not of Hispanic origin",Grade 3,SOL,English Reading,167,200,83.5
2008-2009,32,Fluvanna County,English:Reading,"White, not of Hispanic origin",Grade 8,SOL,English Reading,214,228,93.86
2008-2009,39,Greene County,English:Reading,"Black, not of Hispanic origin",Grade 3,SOL,English Reading,23,34,67.65
2008-2009,39,Greene County,English:Reading,"Black, not of Hispanic origin",Grade 8,SOL,English Reading,10,16,62.5
2008-2009,39,Greene County,English:Reading,"White, not of Hispanic origin",Grade 3,SOL,English Reading,145,179,81.01
2008-2009,39,Greene County,English:Reading,"White, not of Hispanic origin",Grade 8,SOL,English Reading,136,156,87.18
2008-2009,54,Louisa County,English:Reading,"Black, not of Hispanic origin",Grade 3,SOL,English Reading,41,54,75.93
2008-2009,54,Louisa County,English:Reading,"Black, not of Hispanic origin",Grade 8,SOL,English Reading,54,72,75
2008-2009,54,Louisa County,English:Reading,"White, not of Hispanic origin",Grade 3,SOL,English Reading,211,244,86.48
2008-2009,54,Louisa County,English:Reading,"White, not of Hispanic origin",Grade 8,SOL,English Reading,239,266,89.85
2008-2009,62,Nelson County,English:Reading,"Black, not of Hispanic origin",Grade 3,SOL,English Reading,18,23,78.26
2008-2009,62,Nelson County,English:Reading,"Black, not of Hispanic origin",Grade 8,SOL,English Reading,14,22,63.64
2008-2009,62,Nelson County,English:Reading,"White, not of Hispanic origin",Grade 3,SOL,English Reading,93,108,86.11
2008-2009,62,Nelson County,English:Reading,"White, not of Hispanic origin",Grade 8,SOL,English Reading,95,105,90.48
2009-2010,2,Albemarle County,English:Reading,"Black, not of Hispanic origin",Grade 3,SOL,English Reading,84,126,66.67
2009-2010,2,Albemarle County,English:Reading,"Black, not of Hispanic origin",Grade 8,SOL,English Reading,95,107,88.79
2009-2010,2,Albemarle County,English:Reading,"White, not of Hispanic origin",Grade 3,SOL,English Reading,636,694,91.64
2009-2010,2,Albemarle County,English:Reading,"White, not of Hispanic origin",Grade 8,SOL,English Reading,645,666,96.85
2009-2010,104,Charlottesville City,English:Reading,"Black, not of Hispanic origin",Grade 3,SOL,English Reading,79,106,74.53
2009-2010,104,Charlottesville City,English:Reading,"Black, not of Hispanic origin",Grade 8,SOL,English Reading,82,112,73.21
2009-2010,104,Charlottesville City,English:Reading,"White, not of Hispanic origin",Grade 3,SOL,English Reading,104,112,92.86
2009-2010,104,Charlottesville City,English:Reading,"White, not of Hispanic origin",Grade 8,SOL,English Reading,86,90,95.56
2009-2010,32,Fluvanna County,English:Reading,"Black, not of Hispanic origin",Grade 3,SOL,English Reading,24,48,50
2009-2010,32,Fluvanna County,English:Reading,"Black, not of Hispanic origin",Grade 8,SOL,English Reading,40,49,81.63
2009-2010,32,Fluvanna County,English:Reading,"White, not of Hispanic origin",Grade 3,SOL,English Reading,168,214,78.5
2009-2010,32,Fluvanna County,English:Reading,"White, not of Hispanic origin",Grade 8,SOL,English Reading,182,197,92.39
2009-2010,39,Greene County,English:Reading,"Black, not of Hispanic origin",Grade 3,SOL,English Reading,17,25,68
2009-2010,39,Greene County,English:Reading,"Black, not of Hispanic origin",Grade 8,SOL,English Reading,20,24,83.33
2009-2010,39,Greene County,English:Reading,"White, not of Hispanic origin",Grade 3,SOL,English Reading,125,174,71.84
2009-2010,39,Greene County,English:Reading,"White, not of Hispanic origin",Grade 8,SOL,English Reading,146,165,88.48
2009-2010,54,Louisa County,English:Reading,"Black, not of Hispanic origin",Grade 3,SOL,English Reading,44,59,74.58
2009-2010,54,Louisa County,English:Reading,"Black, not of Hispanic origin",Grade 8,SOL,English Reading,35,45,77.78
2009-2010,54,Louisa County,English:Reading,"White, not of Hispanic origin",Grade 3,SOL,English Reading,210,249,84.34
2009-2010,54,Louisa County,English:Reading,"White, not of Hispanic origin",Grade 8,SOL,English Reading,209,233,89.7
2009-2010,62,Nelson County,English:Reading,"Black, not of Hispanic origin",Grade 3,SOL,English Reading,16,25,64
2009-2010,62,Nelson County,English:Reading,"Black, not of Hispanic origin",Grade 8,SOL,English Reading,21,26,80.77
2009-2010,62,Nelson County,English:Reading,"White, not of Hispanic origin",Grade 3,SOL,English Reading,99,110,90
2009-2010,62,Nelson County,English:Reading,"White, not of Hispanic origin",Grade 8,SOL,English Reading,98,111,88.29
2010-2011,2,Albemarle County,English:Reading,"Black, not of Hispanic origin",Grade 3,SOL,English Reading,80,111,72.07
2010-2011,2,Albemarle County,English:Reading,"Black, not of Hispanic origin",Grade 8,SOL,English Reading,79,96,82.29
2010-2011,2,Albemarle County,English:Reading,"White, not of Hispanic origin",Grade 3,SOL,English Reading,632,700,90.29
2010-2011,2,Albemarle County,English:Reading,"White, not of Hispanic origin",Grade 8,SOL,English Reading,644,669,96.26
2010-2011,104,Charlottesville City,English:Reading,"Black, not of Hispanic origin",Grade 3,SOL,English Reading,104,131,79.39
2010-2011,104,Charlottesville City,English:Reading,"Black, not of Hispanic origin",Grade 8,SOL,English Reading,<,<,<50
2010-2011,104,Charlottesville City,English:Reading,"Black, not of Hispanic origin",Grade 8,SOL,English Reading,73,106,68.87
2010-2011,104,Charlottesville City,English:Reading,"White, not of Hispanic origin",Grade 3,SOL,English Reading,124,130,95.38
2010-2011,104,Charlottesville City,English:Reading,"White, not of Hispanic origin",Grade 8,SOL,English Reading,92,101,91.09
2010-2011,32,Fluvanna County,English:Reading,"Black, not of Hispanic origin",Grade 3,SOL,English Reading,29,51,56.86
2010-2011,32,Fluvanna County,English:Reading,"Black, not of Hispanic origin",Grade 8,SOL,English Reading,38,39,97.44
2010-2011,32,Fluvanna County,English:Reading,"White, not of Hispanic origin",Grade 3,SOL,English Reading,180,211,85.31
2010-2011,32,Fluvanna County,English:Reading,"White, not of Hispanic origin",Grade 8,SOL,English Reading,209,228,91.67
2010-2011,39,Greene County,English:Reading,"Black, not of Hispanic origin",Grade 3,SOL,English Reading,10,16,62.5
2010-2011,39,Greene County,English:Reading,"Black, not of Hispanic origin",Grade 8,SOL,English Reading,14,16,87.5
2010-2011,39,Greene County,English:Reading,"White, not of Hispanic origin",Grade 3,SOL,English Reading,137,170,80.59
2010-2011,39,Greene County,English:Reading,"White, not of Hispanic origin",Grade 8,SOL,English Reading,167,180,92.78
2010-2011,54,Louisa County,English:Reading,"Black, not of Hispanic origin",Grade 3,SOL,English Reading,34,54,62.96
2010-2011,54,Louisa County,English:Reading,"Black, not of Hispanic origin",Grade 8,SOL,English Reading,48,61,78.69
2010-2011,54,Louisa County,English:Reading,"White, not of Hispanic origin",Grade 3,SOL,English Reading,210,259,81.08
2010-2011,54,Louisa County,English:Reading,"White, not of Hispanic origin",Grade 8,SOL,English Reading,224,244,91.8
2010-2011,62,Nelson County,English:Reading,"Black, not of Hispanic origin",Grade 3,SOL,English Reading,13,19,68.42
2010-2011,62,Nelson County,English:Reading,"Black, not of Hispanic origin",Grade 8,SOL,English Reading,16,18,88.89
2010-2011,62,Nelson County,English:Reading,"White, not of Hispanic origin",Grade 3,SOL,English Reading,87,104,83.65
2010-2011,62,Nelson County,English:Reading,"White, not of Hispanic origin",Grade 8,SOL,English Reading,93,99,93.94
2011-2012,2,Albemarle County,English:Reading,"Black, not of Hispanic origin",Grade 3,SOL,English Reading,60,99,60.61
2011-2012,2,Albemarle County,English:Reading,"Black, not of Hispanic origin",Grade 8,SOL,English Reading,88,115,76.52
2011-2012,2,Albemarle County,English:Reading,"White, not of Hispanic origin",Grade 3,SOL,English Reading,558,620,90
2011-2012,2,Albemarle County,English:Reading,"White, not of Hispanic origin",Grade 8,SOL,English Reading,653,685,95.33
2011-2012,104,Charlottesville City,English:Reading,"Black, not of Hispanic origin",Grade 3,SOL,English Reading,73,86,84.88
2011-2012,104,Charlottesville City,English:Reading,"Black, not of Hispanic origin",Grade 8,SOL,English Reading,<,<,<50
2011-2012,104,Charlottesville City,English:Reading,"Black, not of Hispanic origin",Grade 8,SOL,English Reading,70,103,67.96
2011-2012,104,Charlottesville City,English:Reading,"White, not of Hispanic origin",Grade 3,SOL,English Reading,135,142,95.07
2011-2012,104,Charlottesville City,English:Reading,"White, not of Hispanic origin",Grade 8,SOL,English Reading,84,85,98.82
2011-2012,32,Fluvanna County,English:Reading,"Black, not of Hispanic origin",Grade 3,SOL,English Reading,30,40,75
2011-2012,32,Fluvanna County,English:Reading,"Black, not of Hispanic origin",Grade 8,SOL,English Reading,38,45,84.44
2011-2012,32,Fluvanna County,English:Reading,"White, not of Hispanic origin",Grade 3,SOL,English Reading,195,228,85.53
2011-2012,32,Fluvanna County,English:Reading,"White, not of Hispanic origin",Grade 8,SOL,English Reading,198,224,88.39
2011-2012,39,Greene County,English:Reading,"Black, not of Hispanic origin",Grade 3,SOL,English Reading,10,16,62.5
2011-2012,39,Greene County,English:Reading,"Black, not of Hispanic origin",Grade 8,SOL,English Reading,18,21,85.71
2011-2012,39,Greene County,English:Reading,"White, not of Hispanic origin",Grade 3,SOL,English Reading,151,184,82.07
2011-2012,39,Greene County,English:Reading,"White, not of Hispanic origin",Grade 8,SOL,English Reading,135,144,93.75
2011-2012,54,Louisa County,English:Reading,"Black, not of Hispanic origin",Grade 3,SOL,English Reading,36,51,70.59
2011-2012,54,Louisa County,English:Reading,"Black, not of Hispanic origin",Grade 8,SOL,English Reading,69,86,80.23
2011-2012,54,Louisa County,English:Reading,"White, not of Hispanic origin",Grade 3,SOL,English Reading,195,230,84.78
2011-2012,54,Louisa County,English:Reading,"White, not of Hispanic origin",Grade 8,SOL,English Reading,200,237,84.39
2011-2012,62,Nelson County,English:Reading,"Black, not of Hispanic origin",Grade 3,SOL,English Reading,12,15,80
2011-2012,62,Nelson County,English:Reading,"Black, not of Hispanic origin",Grade 8,SOL,English Reading,18,19,94.74
2011-2012,62,Nelson County,English:Reading,"White, not of Hispanic origin",Grade 3,SOL,English Reading,99,116,85.34
2011-2012,62,Nelson County,English:Reading,"White, not of Hispanic origin",Grade 8,SOL,English Reading,111,117,94.87
2012-2013,2,Albemarle County,English:Reading,"Black, not of Hispanic origin",Grade 3,SOL,English Reading,43,94,45.74
2012-2013,2,Albemarle County,English:Reading,"Black, not of Hispanic origin",Grade 8,SOL,English Reading,55,116,47.41
2012-2013,2,Albemarle County,English:Reading,"White, not of Hispanic origin",Grade 3,SOL,English Reading,518,662,78.25
2012-2013,2,Albemarle County,English:Reading,"White, not of Hispanic origin",Grade 8,SOL,English Reading,578,670,86.27
2012-2013,104,Charlottesville City,English:Reading,"Black, not of Hispanic origin",Grade 3,SOL,English Reading,55,99,55.56
2012-2013,104,Charlottesville City,English:Reading,"Black, not of Hispanic origin",Grade 8,SOL,English Reading,37,90,41.11
2012-2013,104,Charlottesville City,English:Reading,"White, not of Hispanic origin",Grade 3,SOL,English Reading,124,131,94.66
2012-2013,104,Charlottesville City,English:Reading,"White, not of Hispanic origin",Grade 8,SOL,English Reading,97,110,88.18
2012-2013,32,Fluvanna County,English:Reading,"Black, not of Hispanic origin",Grade 3,SOL,English Reading,19,38,50
2012-2013,32,Fluvanna County,English:Reading,"Black, not of Hispanic origin",Grade 8,SOL,English Reading,25,37,67.57
2012-2013,32,Fluvanna County,English:Reading,"White, not of Hispanic origin",Grade 3,SOL,English Reading,166,202,82.18
2012-2013,32,Fluvanna County,English:Reading,"White, not of Hispanic origin",Grade 8,SOL,English Reading,157,199,78.89
2012-2013,39,Greene County,English:Reading,"Black, not of Hispanic origin",Grade 3,SOL,English Reading,<,15,<50
2012-2013,39,Greene County,English:Reading,"Black, not of Hispanic origin",Grade 8,SOL,English Reading,11,19,57.89
2012-2013,39,Greene County,English:Reading,"White, not of Hispanic origin",Grade 3,SOL,English Reading,128,177,72.32
2012-2013,39,Greene County,English:Reading,"White, not of Hispanic origin",Grade 8,SOL,English Reading,132,185,71.35
2012-2013,54,Louisa County,English:Reading,"Black, not of Hispanic origin",Grade 3,SOL,English Reading,31,67,46.27
2012-2013,54,Louisa County,English:Reading,"Black, not of Hispanic origin",Grade 8,SOL,English Reading,26,73,35.62
2012-2013,54,Louisa County,English:Reading,"White, not of Hispanic origin",Grade 3,SOL,English Reading,183,235,77.87
2012-2013,54,Louisa County,English:Reading,"White, not of Hispanic origin",Grade 8,SOL,English Reading,150,215,69.77
2012-2013,62,Nelson County,English:Reading,"Black, not of Hispanic origin",Grade 3,SOL,English Reading,<,16,<50
2012-2013,62,Nelson County,English:Reading,"Black, not of Hispanic origin",Grade 8,SOL,English Reading,<,18,<50
2012-2013,62,Nelson County,English:Reading,"White, not of Hispanic origin",Grade 3,SOL,English Reading,85,111,76.58
2012-2013,62,Nelson County,English:Reading,"White, not of Hispanic origin",Grade 8,SOL,English Reading,84,116,72.41
2013-2014,2,Albemarle County,English:Reading,"Black, not of Hispanic origin",Grade 3,SOL,English Reading,38,93,40.86
2013-2014,2,Albemarle County,English:Reading,"Black, not of Hispanic origin",Grade 8,SOL,English Reading,58,116,50
2013-2014,2,Albemarle County,English:Reading,"White, not of Hispanic origin",Grade 3,SOL,English Reading,519,659,78.76
2013-2014,2,Albemarle County,English:Reading,"White, not of Hispanic origin",Grade 8,SOL,English Reading,593,696,85.2
2013-2014,104,Charlottesville City,English:Reading,"Black, not of Hispanic origin",Grade 3,SOL,English Reading,58,115,50.43
2013-2014,104,Charlottesville City,English:Reading,"Black, not of Hispanic origin",Grade 8,SOL,English Reading,42,96,43.75
2013-2014,104,Charlottesville City,English:Reading,"White, not of Hispanic origin",Grade 3,SOL,English Reading,125,134,93.28
2013-2014,104,Charlottesville City,English:Reading,"White, not of Hispanic origin",Grade 8,SOL,English Reading,76,83,91.57
2013-2014,32,Fluvanna County,English:Reading,"Black, not of Hispanic origin",Grade 3,SOL,English Reading,25,46,54.35
2013-2014,32,Fluvanna County,English:Reading,"Black, not of Hispanic origin",Grade 8,SOL,English Reading,17,41,41.46
2013-2014,32,Fluvanna County,English:Reading,"White, not of Hispanic origin",Grade 3,SOL,English Reading,140,200,70
2013-2014,32,Fluvanna County,English:Reading,"White, not of Hispanic origin",Grade 8,SOL,English Reading,161,226,71.24
2013-2014,39,Greene County,English:Reading,"Black, not of Hispanic origin",Grade 3,SOL,English Reading,8,22,36.36
2013-2014,39,Greene County,English:Reading,"Black, not of Hispanic origin",Grade 8,SOL,English Reading,12,22,54.55
2013-2014,39,Greene County,English:Reading,"White, not of Hispanic origin",Grade 3,SOL,English Reading,110,198,55.56
2013-2014,39,Greene County,English:Reading,"White, not of Hispanic origin",Grade 8,SOL,English Reading,104,168,61.9
2013-2014,54,Louisa County,English:Reading,"Black, not of Hispanic origin",Grade 3,SOL,English Reading,21,55,38.18
2013-2014,54,Louisa County,English:Reading,"Black, not of Hispanic origin",Grade 8,SOL,English Reading,38,68,55.88
2013-2014,54,Louisa County,English:Reading,"White, not of Hispanic origin",Grade 3,SOL,English Reading,196,272,72.06
2013-2014,54,Louisa County,English:Reading,"White, not of Hispanic origin",Grade 8,SOL,English Reading,189,260,72.69
2013-2014,62,Nelson County,English:Reading,"Black, not of Hispanic origin",Grade 3,SOL,English Reading,<,15,<50
2013-2014,62,Nelson County,English:Reading,"Black, not of Hispanic origin",Grade 8,SOL,English Reading,14,21,66.67
2013-2014,62,Nelson County,English:Reading,"White, not of Hispanic origin",Grade 3,SOL,English Reading,60,97,61.86
2013-2014,62,Nelson County,English:Reading,"White, not of Hispanic origin",Grade 8,SOL,English Reading,80,107,74.77
2014-2015,2,Albemarle County,English:Reading,"Black, not of Hispanic origin",Grade 3,SOL,English Reading,36,85,42.35
2014-2015,2,Albemarle County,English:Reading,"Black, not of Hispanic origin",Grade 8,SOL,English Reading,50,101,49.5
2014-2015,2,Albemarle County,English:Reading,"White, not of Hispanic origin",Grade 3,SOL,English Reading,505,626,80.67
2014-2015,2,Albemarle County,English:Reading,"White, not of Hispanic origin",Grade 8,SOL,English Reading,<,<,>50
2014-2015,2,Albemarle County,English:Reading,"White, not of Hispanic origin",Grade 8,SOL,English Reading,591,676,87.43
2014-2015,104,Charlottesville City,English:Reading,"Black, not of Hispanic origin",Grade 3,SOL,English Reading,68,99,68.69
2014-2015,104,Charlottesville City,English:Reading,"Black, not of Hispanic origin",Grade 8,SOL,English Reading,54,98,55.1
2014-2015,104,Charlottesville City,English:Reading,"White, not of Hispanic origin",Grade 3,SOL,English Reading,129,141,91.49
2014-2015,104,Charlottesville City,English:Reading,"White, not of Hispanic origin",Grade 8,SOL,English Reading,83,88,94.32
2014-2015,32,Fluvanna County,English:Reading,"Black, not of Hispanic origin",Grade 3,SOL,English Reading,24,39,61.54
2014-2015,32,Fluvanna County,English:Reading,"Black, not of Hispanic origin",Grade 8,SOL,English Reading,18,41,43.9
2014-2015,32,Fluvanna County,English:Reading,"White, not of Hispanic origin",Grade 3,SOL,English Reading,155,188,82.45
2014-2015,32,Fluvanna County,English:Reading,"White, not of Hispanic origin",Grade 8,SOL,English Reading,148,190,77.89
2014-2015,39,Greene County,English:Reading,"Black, not of Hispanic origin",Grade 3,SOL,English Reading,9,16,56.25
2014-2015,39,Greene County,English:Reading,"Black, not of Hispanic origin",Grade 8,SOL,English Reading,15,24,62.5
2014-2015,39,Greene County,English:Reading,"White, not of Hispanic origin",Grade 3,SOL,English Reading,125,191,65.45
2014-2015,39,Greene County,English:Reading,"White, not of Hispanic origin",Grade 8,SOL,English Reading,130,180,72.22
2014-2015,54,Louisa County,English:Reading,"Black, not of Hispanic origin",Grade 3,SOL,English Reading,37,68,54.41
2014-2015,54,Louisa County,English:Reading,"Black, not of Hispanic origin",Grade 8,SOL,English Reading,50,70,71.43
2014-2015,54,Louisa County,English:Reading,"White, not of Hispanic origin",Grade 3,SOL,English Reading,181,240,75.42
2014-2015,54,Louisa County,English:Reading,"White, not of Hispanic origin",Grade 8,SOL,English Reading,203,248,81.85
2014-2015,62,Nelson County,English:Reading,"Black, not of Hispanic origin",Grade 3,SOL,English Reading,12,16,75
2014-2015,62,Nelson County,English:Reading,"Black, not of Hispanic origin",Grade 8,SOL,English Reading,<,20,<50
2014-2015,62,Nelson County,English:Reading,"White, not of Hispanic origin",Grade 3,SOL,English Reading,77,98,78.57
2014-2015,62,Nelson County,English:Reading,"White, not of Hispanic origin",Grade 8,SOL,English Reading,82,113,72.57
2015-2016,2,Albemarle County,English:Reading,"Black, not of Hispanic origin",Grade 3,SOL,English Reading,56,105,53.33
2015-2016,2,Albemarle County,English:Reading,"Black, not of Hispanic origin",Grade 8,SOL,English Reading,37,100,37
2015-2016,2,Albemarle County,English:Reading,"White, not of Hispanic origin",Grade 3,SOL,English Reading,568,689,82.44
2015-2016,2,Albemarle County,English:Reading,"White, not of Hispanic origin",Grade 8,SOL,English Reading,575,682,84.31
2015-2016,104,Charlottesville City,English:Reading,"Black, not of Hispanic origin",Grade 3,SOL,English Reading,68,133,51.13
2015-2016,104,Charlottesville City,English:Reading,"Black, not of Hispanic origin",Grade 8,SOL,English Reading,44,94,46.81
2015-2016,104,Charlottesville City,English:Reading,"White, not of Hispanic origin",Grade 3,SOL,English Reading,115,133,86.47
2015-2016,104,Charlottesville City,English:Reading,"White, not of Hispanic origin",Grade 8,SOL,English Reading,84,99,84.85
2015-2016,32,Fluvanna County,English:Reading,"Black, not of Hispanic origin",Grade 3,SOL,English Reading,18,30,60
2015-2016,32,Fluvanna County,English:Reading,"Black, not of Hispanic origin",Grade 8,SOL,English Reading,23,41,56.1
2015-2016,32,Fluvanna County,English:Reading,"White, not of Hispanic origin",Grade 3,SOL,English Reading,147,188,78.19
2015-2016,32,Fluvanna County,English:Reading,"White, not of Hispanic origin",Grade 8,SOL,English Reading,160,200,80
2015-2016,39,Greene County,English:Reading,"Black, not of Hispanic origin",Grade 3,SOL,English Reading,<,<,>50
2015-2016,39,Greene County,English:Reading,"Black, not of Hispanic origin",Grade 8,SOL,English Reading,11,22,50
2015-2016,39,Greene County,English:Reading,"White, not of Hispanic origin",Grade 3,SOL,English Reading,124,178,69.66
2015-2016,39,Greene County,English:Reading,"White, not of Hispanic origin",Grade 8,SOL,English Reading,130,182,71.43
2015-2016,54,Louisa County,English:Reading,"Black, not of Hispanic origin",Grade 3,SOL,English Reading,32,54,59.26
2015-2016,54,Louisa County,English:Reading,"Black, not of Hispanic origin",Grade 8,SOL,English Reading,37,62,59.68
2015-2016,54,Louisa County,English:Reading,"White, not of Hispanic origin",Grade 3,SOL,English Reading,204,243,83.95
2015-2016,54,Louisa County,English:Reading,"White, not of Hispanic origin",Grade 8,SOL,English Reading,215,273,78.75
2015-2016,62,Nelson County,English:Reading,"Black, not of Hispanic origin",Grade 3,SOL,English Reading,8,15,53.33
2015-2016,62,Nelson County,English:Reading,"Black, not of Hispanic origin",Grade 8,SOL,English Reading,10,21,47.62
2015-2016,62,Nelson County,English:Reading,"White, not of Hispanic origin",Grade 3,SOL,English Reading,74,107,69.16
2015-2016,62,Nelson County,English:Reading,"White, not of Hispanic origin",Grade 8,SOL,English Reading,79,105,75.24
2016-2017,2,Albemarle County,English:Reading,"Black, not of Hispanic origin",Grade 3,SOL,English Reading,47,109,43.12
2016-2017,2,Albemarle County,English:Reading,"Black, not of Hispanic origin",Grade 8,SOL,English Reading,54,102,52.94
2016-2017,2,Albemarle County,English:Reading,"White, not of Hispanic origin",Grade 3,SOL,English Reading,521,659,79.06
2016-2017,2,Albemarle County,English:Reading,"White, not of Hispanic origin",Grade 8,SOL,English Reading,524,617,84.93
2016-2017,104,Charlottesville City,English:Reading,"Black, not of Hispanic origin",Grade 3,SOL,English Reading,69,135,51.11
2016-2017,104,Charlottesville City,English:Reading,"Black, not of Hispanic origin",Grade 8,SOL,English Reading,46,84,54.76
2016-2017,104,Charlottesville City,English:Reading,"White, not of Hispanic origin",Grade 3,SOL,English Reading,146,163,89.57
2016-2017,104,Charlottesville City,English:Reading,"White, not of Hispanic origin",Grade 8,SOL,English Reading,86,92,93.48
2016-2017,32,Fluvanna County,English:Reading,"Black, not of Hispanic origin",Grade 3,SOL,English Reading,19,31,61.29
2016-2017,32,Fluvanna County,English:Reading,"Black, not of Hispanic origin",Grade 8,SOL,English Reading,23,39,58.97
2016-2017,32,Fluvanna County,English:Reading,"White, not of Hispanic origin",Grade 3,SOL,English Reading,146,187,78.07
2016-2017,32,Fluvanna County,English:Reading,"White, not of Hispanic origin",Grade 8,SOL,English Reading,171,215,79.53
2016-2017,39,Greene County,English:Reading,"Black, not of Hispanic origin",Grade 3,SOL,English Reading,9,15,60
2016-2017,39,Greene County,English:Reading,"Black, not of Hispanic origin",Grade 8,SOL,English Reading,16,19,84.21
2016-2017,39,Greene County,English:Reading,"White, not of Hispanic origin",Grade 3,SOL,English Reading,123,181,67.96
2016-2017,39,Greene County,English:Reading,"White, not of Hispanic origin",Grade 8,SOL,English Reading,142,178,79.78
2016-2017,54,Louisa County,English:Reading,"Black, not of Hispanic origin",Grade 3,SOL,English Reading,27,51,52.94
2016-2017,54,Louisa County,English:Reading,"Black, not of Hispanic origin",Grade 8,SOL,English Reading,33,53,62.26
2016-2017,54,Louisa County,English:Reading,"White, not of Hispanic origin",Grade 3,SOL,English Reading,175,255,68.63
2016-2017,54,Louisa County,English:Reading,"White, not of Hispanic origin",Grade 8,SOL,English Reading,187,238,78.57
2016-2017,62,Nelson County,English:Reading,"Black, not of Hispanic origin",Grade 3,SOL,English Reading,<,16,<50
2016-2017,62,Nelson County,English:Reading,"Black, not of Hispanic origin",Grade 8,SOL,English Reading,<,14,<50
2016-2017,62,Nelson County,English:Reading,"White, not of Hispanic origin",Grade 3,SOL,English Reading,62,95,65.26
2016-2017,62,Nelson County,English:Reading,"White, not of Hispanic origin",Grade 8,SOL,English Reading,93,115,80.87
2017-2018,2,Albemarle County,English:Reading,"Black, not of Hispanic origin",Grade 3,SOL,English Reading,42,104,40.38
2017-2018,2,Albemarle County,English:Reading,"Black, not of Hispanic origin",Grade 8,SOL,English Reading,53,102,51.96
2017-2018,2,Albemarle County,English:Reading,"White, not of Hispanic origin",Grade 3,SOL,English Reading,579,720,80.42
2017-2018,2,Albemarle County,English:Reading,"White, not of Hispanic origin",Grade 8,SOL,English Reading,<,<,>50
2017-2018,2,Albemarle County,English:Reading,"White, not of Hispanic origin",Grade 8,SOL,English Reading,561,662,84.74
2017-2018,104,Charlottesville City,English:Reading,"Black, not of Hispanic origin",Grade 3,SOL,English Reading,53,137,38.69
2017-2018,104,Charlottesville City,English:Reading,"Black, not of Hispanic origin",Grade 8,SOL,English Reading,27,77,35.06
2017-2018,104,Charlottesville City,English:Reading,"White, not of Hispanic origin",Grade 3,SOL,English Reading,115,131,87.79
2017-2018,104,Charlottesville City,English:Reading,"White, not of Hispanic origin",Grade 8,SOL,English Reading,80,99,80.81
2017-2018,32,Fluvanna County,English:Reading,"Black, not of Hispanic origin",Grade 3,SOL,English Reading,24,37,64.86
2017-2018,32,Fluvanna County,English:Reading,"Black, not of Hispanic origin",Grade 8,SOL,English Reading,30,45,66.67
2017-2018,32,Fluvanna County,English:Reading,"White, not of Hispanic origin",Grade 3,SOL,English Reading,151,186,81.18
2017-2018,32,Fluvanna County,English:Reading,"White, not of Hispanic origin",Grade 8,SOL,English Reading,182,219,83.11
2017-2018,39,Greene County,English:Reading,"Black, not of Hispanic origin",Grade 3,SOL,English Reading,8,23,34.78
2017-2018,39,Greene County,English:Reading,"Black, not of Hispanic origin",Grade 8,SOL,English Reading,13,19,68.42
2017-2018,39,Greene County,English:Reading,"White, not of Hispanic origin",Grade 3,SOL,English Reading,123,177,69.49
2017-2018,39,Greene County,English:Reading,"White, not of Hispanic origin",Grade 8,SOL,English Reading,126,165,76.36
2017-2018,54,Louisa County,English:Reading,"Black, not of Hispanic origin",Grade 3,SOL,English Reading,29,57,50.88
2017-2018,54,Louisa County,English:Reading,"Black, not of Hispanic origin",Grade 8,SOL,English Reading,40,64,62.5
2017-2018,54,Louisa County,English:Reading,"White, not of Hispanic origin",Grade 3,SOL,English Reading,186,251,74.1
2017-2018,54,Louisa County,English:Reading,"White, not of Hispanic origin",Grade 8,SOL,English Reading,195,252,77.38
2017-2018,62,Nelson County,English:Reading,"Black, not of Hispanic origin",Grade 3,SOL,English Reading,<,18,<50
2017-2018,62,Nelson County,English:Reading,"Black, not of Hispanic origin",Grade 8,SOL,English Reading,<,16,<50
2017-2018,62,Nelson County,English:Reading,"White, not of Hispanic origin",Grade 3,SOL,English Reading,68,97,70.1
2017-2018,62,Nelson County,English:Reading,"White, not of Hispanic origin",Grade 8,SOL,English Reading,95,118,80.51
2018-2019,2,Albemarle County,English:Reading,"Black, not of Hispanic origin",Grade 3,SOL,English Reading,31,94,32.98
2018-2019,2,Albemarle County,English:Reading,"Black, not of Hispanic origin",Grade 8,SOL,English Reading,66,119,55.46
2018-2019,2,Albemarle County,English:Reading,"White, not of Hispanic origin",Grade 3,SOL,English Reading,535,672,79.61
2018-2019,2,Albemarle County,English:Reading,"White, not of Hispanic origin",Grade 8,SOL,English Reading,578,679,85.13
2018-2019,104,Charlottesville City,English:Reading,"Black, not of Hispanic origin",Grade 3,SOL,English Reading,48,108,44.44
2018-2019,104,Charlottesville City,English:Reading,"Black, not of Hispanic origin",Grade 8,SOL,English Reading,47,99,47.47
2018-2019,104,Charlottesville City,English:Reading,"White, not of Hispanic origin",Grade 3,SOL,English Reading,148,169,87.57
2018-2019,104,Charlottesville City,English:Reading,"White, not of Hispanic origin",Grade 8,SOL,English Reading,78,93,83.87
2018-2019,32,Fluvanna County,English:Reading,"Black, not of Hispanic origin",Grade 3,SOL,English Reading,17,38,44.74
2018-2019,32,Fluvanna County,English:Reading,"Black, not of Hispanic origin",Grade 8,SOL,English Reading,25,39,64.1
2018-2019,32,Fluvanna County,English:Reading,"White, not of Hispanic origin",Grade 3,SOL,English Reading,108,158,68.35
2018-2019,32,Fluvanna County,English:Reading,"White, not of Hispanic origin",Grade 8,SOL,English Reading,159,211,75.36
2018-2019,39,Greene County,English:Reading,"Black, not of Hispanic origin",Grade 3,SOL,English Reading,8,10,80
2018-2019,39,Greene County,English:Reading,"Black, not of Hispanic origin",Grade 8,SOL,English Reading,11,19,57.89
2018-2019,39,Greene County,English:Reading,"White, not of Hispanic origin",Grade 3,SOL,English Reading,100,157,63.69
2018-2019,39,Greene County,English:Reading,"White, not of Hispanic origin",Grade 8,SOL,English Reading,120,171,70.18
2018-2019,54,Louisa County,English:Reading,"Black, not of Hispanic origin",Grade 3,SOL,English Reading,29,48,60.42
2018-2019,54,Louisa County,English:Reading,"Black, not of Hispanic origin",Grade 8,SOL,English Reading,32,57,56.14
2018-2019,54,Louisa County,English:Reading,"White, not of Hispanic origin",Grade 3,SOL,English Reading,196,261,75.1
2018-2019,54,Louisa County,English:Reading,"White, not of Hispanic origin",Grade 8,SOL,English Reading,209,271,77.12
2018-2019,62,Nelson County,English:Reading,"Black, not of Hispanic origin",Grade 3,SOL,English Reading,<,16,<50
2018-2019,62,Nelson County,English:Reading,"Black, not of Hispanic origin",Grade 8,SOL,English Reading,10,16,62.5
2018-2019,62,Nelson County,English:Reading,"White, not of Hispanic origin",Grade 3,SOL,English Reading,53,78,67.95
2018-2019,62,Nelson County,English:Reading,"White, not of Hispanic origin",Grade 8,SOL,English Reading,67,88,76.14
