School Year,Level,Division Number,Division Name,School Number,School Name,Subject,Grade,Test Level,Test Source,Test,Pass Count,Total Count,Pass Rate
2005-2006,School,2,Albemarle County,160,Agnor-Hurt Elementary,English:Reading,3,Grade 3,SOL,English Reading,45,57,78.95
2005-2006,School,2,Albemarle County,1053,Baker-Butler Elementary,English:Reading,3,Grade 3,SOL,English Reading,72,81,88.89
2005-2006,School,2,Albemarle County,900,Benjamin F. Yancey Elementary,English:Reading,3,Grade 3,SOL,English Reading,17,27,62.96
2005-2006,School,2,Albemarle County,100,Broadus Wood Elementary,English:Reading,3,Grade 3,SOL,English Reading,46,53,86.79
2005-2006,School,2,Albemarle County,941,Brownsville Elementary,English:Reading,3,Grade 3,SOL,English Reading,54,63,85.71
2005-2006,School,2,Albemarle County,340,Crozet Elementary,English:Reading,3,Grade 3,SOL,English Reading,63,66,95.45
2005-2006,School,2,Albemarle County,10,Hollymead Elementary,English:Reading,3,Grade 3,SOL,English Reading,67,71,94.37
2005-2006,School,2,Albemarle County,950,Jack Jouett Middle,English:Reading,8,Grade 8,SOL,English Reading,148,169,87.57
2005-2006,School,2,Albemarle County,69,Jackson P. Burley Middle,English:Reading,8,Grade 8,SOL,English Reading,92,106,86.79
2005-2006,School,2,Albemarle County,942,Joseph T. Henley Middle,English:Reading,8,Grade 8,SOL,English Reading,198,237,83.54
2005-2006,School,2,Albemarle County,20,Leslie H. Walton Middle,English:Reading,8,Grade 8,SOL,English Reading,131,164,79.88
2005-2006,School,2,Albemarle County,40,Mary Carr Greer Elementary,English:Reading,3,Grade 3,SOL,English Reading,38,43,88.37
2005-2006,School,2,Albemarle County,250,Meriwether Lewis Elementary,English:Reading,3,Grade 3,SOL,English Reading,59,60,98.33
2005-2006,School,2,Albemarle County,1051,Mortimer Y. Sutherland Middle,English:Reading,8,Grade 8,SOL,English Reading,201,210,95.71
2005-2006,School,2,Albemarle County,150,Paul H. Cale Elementary,English:Reading,3,Grade 3,SOL,English Reading,62,71,87.32
2005-2006,School,2,Albemarle County,540,Red Hill Elementary,English:Reading,3,Grade 3,SOL,English Reading,17,20,85.00
2005-2006,School,2,Albemarle County,30,Scottsville Elementary,English:Reading,3,Grade 3,SOL,English Reading,23,27,85.19
2005-2006,School,2,Albemarle County,920,Stone Robinson Elementary,English:Reading,3,Grade 3,SOL,English Reading,53,64,82.81
2005-2006,School,2,Albemarle County,240,Stony Point Elementary,English:Reading,3,Grade 3,SOL,English Reading,27,31,87.10
2005-2006,School,2,Albemarle County,910,Virginia L. Murray Elementary,English:Reading,3,Grade 3,SOL,English Reading,45,46,97.83
2005-2006,School,2,Albemarle County,930,Woodbrook Elementary,English:Reading,3,Grade 3,SOL,English Reading,43,45,95.56
2005-2006,Division,2,Albemarle County,,,English:Reading,3,Grade 3,SOL,English Reading,732,833,87.88
2005-2006,Division,2,Albemarle County,,,English:Reading,8,Grade 8,SOL,English Reading,771,891,86.53
2005-2006,School,104,Charlottesville City,100,Buford Middle,English:Reading,8,Grade 8,SOL,English Reading,176,291,60.48
2005-2006,School,104,Charlottesville City,70,Burnley-Moran Elementary,English:Reading,3,Grade 3,SOL,English Reading,42,52,80.77
2005-2006,School,104,Charlottesville City,50,Clark Elementary,English:Reading,3,Grade 3,SOL,English Reading,21,32,65.63
2005-2006,School,104,Charlottesville City,90,Greenbrier Elementary,English:Reading,3,Grade 3,SOL,English Reading,47,54,87.04
2005-2006,School,104,Charlottesville City,120,Jackson - Via Elementary,English:Reading,3,Grade 3,SOL,English Reading,28,41,68.29
2005-2006,School,104,Charlottesville City,10,Johnson Elementary,English:Reading,3,Grade 3,SOL,English Reading,35,51,68.63
2005-2006,School,104,Charlottesville City,40,Venable Elementary,English:Reading,3,Grade 3,SOL,English Reading,45,47,95.74
2005-2006,Division,104,Charlottesville City,,,English:Reading,3,Grade 3,SOL,English Reading,218,281,77.58
2005-2006,Division,104,Charlottesville City,,,English:Reading,8,Grade 8,SOL,English Reading,177,296,59.80
2005-2006,School,32,Fluvanna County,300,Central Elementary,English:Reading,3,Grade 3,SOL,English Reading,213,276,77.17
2005-2006,School,32,Fluvanna County,20,Fluvanna Middle,English:Reading,8,Grade 8,SOL,English Reading,210,272,77.21
2005-2006,Division,32,Fluvanna County,,,English:Reading,3,Grade 3,SOL,English Reading,214,277,77.26
2005-2006,Division,32,Fluvanna County,,,English:Reading,8,Grade 8,SOL,English Reading,212,276,76.81
2005-2006,School,39,Greene County,20,Nathanael Greene Elementary,English:Reading,3,Grade 3,SOL,English Reading,95,116,81.90
2005-2006,School,39,Greene County,30,Ruckersville Elementary,English:Reading,3,Grade 3,SOL,English Reading,72,95,75.79
2005-2006,School,39,Greene County,71,William Monroe Middle,English:Reading,8,Grade 8,SOL,English Reading,140,198,70.71
2005-2006,Division,39,Greene County,,,English:Reading,3,Grade 3,SOL,English Reading,167,211,79.15
2005-2006,Division,39,Greene County,,,English:Reading,8,Grade 8,SOL,English Reading,143,203,70.44
2005-2006,School,54,Louisa County,660,Jouett Elementary,English:Reading,3,Grade 3,SOL,English Reading,80,97,82.47
2005-2006,School,54,Louisa County,601,Louisa County Middle,English:Reading,8,Grade 8,SOL,English Reading,260,343,75.80
2005-2006,School,54,Louisa County,610,Thomas Jefferson Elementary,English:Reading,3,Grade 3,SOL,English Reading,81,92,88.04
2005-2006,School,54,Louisa County,641,Trevilians Elementary,English:Reading,3,Grade 3,SOL,English Reading,72,95,75.79
2005-2006,Division,54,Louisa County,,,English:Reading,3,Grade 3,SOL,English Reading,233,284,82.04
2005-2006,Division,54,Louisa County,,,English:Reading,8,Grade 8,SOL,English Reading,260,345,75.36
2005-2006,School,62,Nelson County,730,Nelson Middle,English:Reading,8,Grade 8,SOL,English Reading,110,132,83.33
2005-2006,School,62,Nelson County,10,Rockfish River Elementary,English:Reading,3,Grade 3,SOL,English Reading,45,49,91.84
2005-2006,School,62,Nelson County,20,Tye River Elementary,English:Reading,3,Grade 3,SOL,English Reading,61,72,84.72
2005-2006,Division,62,Nelson County,,,English:Reading,3,Grade 3,SOL,English Reading,106,122,86.89
2005-2006,Division,62,Nelson County,,,English:Reading,8,Grade 8,SOL,English Reading,110,133,82.71
2006-2007,School,2,Albemarle County,160,Agnor-Hurt Elementary,English:Reading,3,Grade 3,SOL,English Reading,43,52,82.69
2006-2007,School,2,Albemarle County,1053,Baker-Butler Elementary,English:Reading,3,Grade 3,SOL,English Reading,73,86,84.88
2006-2007,School,2,Albemarle County,900,Benjamin F. Yancey Elementary,English:Reading,3,Grade 3,SOL,English Reading,11,24,45.83
2006-2007,School,2,Albemarle County,100,Broadus Wood Elementary,English:Reading,3,Grade 3,SOL,English Reading,43,49,87.76
2006-2007,School,2,Albemarle County,941,Brownsville Elementary,English:Reading,3,Grade 3,SOL,English Reading,50,62,80.65
2006-2007,School,2,Albemarle County,340,Crozet Elementary,English:Reading,3,Grade 3,SOL,English Reading,66,75,88.00
2006-2007,School,2,Albemarle County,10,Hollymead Elementary,English:Reading,3,Grade 3,SOL,English Reading,69,74,93.24
2006-2007,School,2,Albemarle County,950,Jack Jouett Middle,English:Reading,8,Grade 8,SOL,English Reading,143,165,86.67
2006-2007,School,2,Albemarle County,69,Jackson P. Burley Middle,English:Reading,8,Grade 8,SOL,English Reading,127,165,76.97
2006-2007,School,2,Albemarle County,942,Joseph T. Henley Middle,English:Reading,8,Grade 8,SOL,English Reading,199,227,87.67
2006-2007,School,2,Albemarle County,20,Leslie H. Walton Middle,English:Reading,8,Grade 8,SOL,English Reading,111,148,75.00
2006-2007,School,2,Albemarle County,40,Mary Carr Greer Elementary,English:Reading,3,Grade 3,SOL,English Reading,43,60,71.67
2006-2007,School,2,Albemarle County,250,Meriwether Lewis Elementary,English:Reading,3,Grade 3,SOL,English Reading,72,77,93.51
2006-2007,School,2,Albemarle County,1051,Mortimer Y. Sutherland Middle,English:Reading,8,Grade 8,SOL,English Reading,188,205,91.71
2006-2007,School,2,Albemarle County,150,Paul H. Cale Elementary,English:Reading,3,Grade 3,SOL,English Reading,66,78,84.62
2006-2007,School,2,Albemarle County,540,Red Hill Elementary,English:Reading,3,Grade 3,SOL,English Reading,28,32,87.50
2006-2007,School,2,Albemarle County,30,Scottsville Elementary,English:Reading,3,Grade 3,SOL,English Reading,21,23,91.30
2006-2007,School,2,Albemarle County,920,Stone Robinson Elementary,English:Reading,3,Grade 3,SOL,English Reading,62,73,84.93
2006-2007,School,2,Albemarle County,240,Stony Point Elementary,English:Reading,3,Grade 3,SOL,English Reading,35,40,87.50
2006-2007,School,2,Albemarle County,910,Virginia L. Murray Elementary,English:Reading,3,Grade 3,SOL,English Reading,44,44,100.00
2006-2007,School,2,Albemarle County,930,Woodbrook Elementary,English:Reading,3,Grade 3,SOL,English Reading,29,43,67.44
2006-2007,Division,2,Albemarle County,,,English:Reading,3,Grade 3,SOL,English Reading,755,894,84.45
2006-2007,Division,2,Albemarle County,,,English:Reading,8,Grade 8,SOL,English Reading,769,920,83.59
2006-2007,School,104,Charlottesville City,100,Buford Middle,English:Reading,8,Grade 8,SOL,English Reading,148,247,59.92
2006-2007,School,104,Charlottesville City,70,Burnley-Moran Elementary,English:Reading,3,Grade 3,SOL,English Reading,50,60,83.33
2006-2007,School,104,Charlottesville City,50,Clark Elementary,English:Reading,3,Grade 3,SOL,English Reading,17,32,53.13
2006-2007,School,104,Charlottesville City,90,Greenbrier Elementary,English:Reading,3,Grade 3,SOL,English Reading,48,50,96.00
2006-2007,School,104,Charlottesville City,120,Jackson - Via Elementary,English:Reading,3,Grade 3,SOL,English Reading,26,38,68.42
2006-2007,School,104,Charlottesville City,10,Johnson Elementary,English:Reading,3,Grade 3,SOL,English Reading,26,31,83.87
2006-2007,School,104,Charlottesville City,40,Venable Elementary,English:Reading,3,Grade 3,SOL,English Reading,38,45,84.44
2006-2007,Division,104,Charlottesville City,,,English:Reading,3,Grade 3,SOL,English Reading,205,257,79.77
2006-2007,Division,104,Charlottesville City,,,English:Reading,4,Grade 3,SOL,English Reading,<,<,>50
2006-2007,Division,104,Charlottesville City,,,English:Reading,8,Grade 8,SOL,English Reading,148,255,58.04
2006-2007,School,32,Fluvanna County,300,Central Elementary,English:Reading,3,Grade 3,SOL,English Reading,220,282,78.01
2006-2007,School,32,Fluvanna County,20,Fluvanna Middle,English:Reading,8,Grade 8,SOL,English Reading,220,268,82.09
2006-2007,Division,32,Fluvanna County,,,English:Reading,3,Grade 3,SOL,English Reading,220,282,78.01
2006-2007,Division,32,Fluvanna County,,,English:Reading,8,Grade 8,SOL,English Reading,222,270,82.22
2006-2007,School,39,Greene County,20,Nathanael Greene Elementary,English:Reading,3,Grade 3,SOL,English Reading,89,118,75.42
2006-2007,School,39,Greene County,30,Ruckersville Elementary,English:Reading,3,Grade 3,SOL,English Reading,61,88,69.32
2006-2007,School,39,Greene County,71,William Monroe Middle,English:Reading,8,Grade 8,SOL,English Reading,141,186,75.81
2006-2007,Division,39,Greene County,,,English:Reading,3,Grade 3,SOL,English Reading,150,206,72.82
2006-2007,Division,39,Greene County,,,English:Reading,8,Grade 8,SOL,English Reading,141,186,75.81
2006-2007,School,54,Louisa County,660,Jouett Elementary,English:Reading,3,Grade 3,SOL,English Reading,79,109,72.48
2006-2007,School,54,Louisa County,601,Louisa County Middle,English:Reading,8,Grade 8,SOL,English Reading,259,369,70.19
2006-2007,School,54,Louisa County,610,Thomas Jefferson Elementary,English:Reading,3,Grade 3,SOL,English Reading,96,120,80.00
2006-2007,School,54,Louisa County,641,Trevilians Elementary,English:Reading,3,Grade 3,SOL,English Reading,80,104,76.92
2006-2007,Division,54,Louisa County,,,English:Reading,3,Grade 3,SOL,English Reading,255,335,76.12
2006-2007,Division,54,Louisa County,,,English:Reading,4,Grade 3,SOL,English Reading,<,<,<50
2006-2007,Division,54,Louisa County,,,English:Reading,8,Grade 8,SOL,English Reading,259,369,70.19
2006-2007,School,62,Nelson County,730,Nelson Middle,English:Reading,8,Grade 8,SOL,English Reading,109,120,90.83
2006-2007,School,62,Nelson County,10,Rockfish River Elementary,English:Reading,3,Grade 3,SOL,English Reading,60,68,88.24
2006-2007,School,62,Nelson County,20,Tye River Elementary,English:Reading,3,Grade 3,SOL,English Reading,65,94,69.15
2006-2007,Division,62,Nelson County,,,English:Reading,3,Grade 3,SOL,English Reading,125,163,76.69
2006-2007,Division,62,Nelson County,,,English:Reading,8,Grade 8,SOL,English Reading,109,121,90.08
2007-2008,School,2,Albemarle County,160,Agnor-Hurt Elementary,English:Reading,3,Grade 3,SOL,English Reading,45,57,78.95
2007-2008,School,2,Albemarle County,1053,Baker-Butler Elementary,English:Reading,3,Grade 3,SOL,English Reading,84,89,94.38
2007-2008,School,2,Albemarle County,900,Benjamin F. Yancey Elementary,English:Reading,3,Grade 3,SOL,English Reading,19,28,67.86
2007-2008,School,2,Albemarle County,100,Broadus Wood Elementary,English:Reading,3,Grade 3,SOL,English Reading,35,45,77.78
2007-2008,School,2,Albemarle County,941,Brownsville Elementary,English:Reading,3,Grade 3,SOL,English Reading,60,69,86.96
2007-2008,School,2,Albemarle County,340,Crozet Elementary,English:Reading,3,Grade 3,SOL,English Reading,45,51,88.24
2007-2008,School,2,Albemarle County,10,Hollymead Elementary,English:Reading,3,Grade 3,SOL,English Reading,76,79,96.20
2007-2008,School,2,Albemarle County,950,Jack Jouett Middle,English:Reading,8,Grade 8,SOL,English Reading,143,160,89.38
2007-2008,School,2,Albemarle County,69,Jackson P. Burley Middle,English:Reading,8,Grade 8,SOL,English Reading,129,145,88.97
2007-2008,School,2,Albemarle County,942,Joseph T. Henley Middle,English:Reading,8,Grade 8,SOL,English Reading,249,268,92.91
2007-2008,School,2,Albemarle County,20,Leslie H. Walton Middle,English:Reading,8,Grade 8,SOL,English Reading,124,157,78.98
2007-2008,School,2,Albemarle County,40,Mary Carr Greer Elementary,English:Reading,3,Grade 3,SOL,English Reading,40,48,83.33
2007-2008,School,2,Albemarle County,250,Meriwether Lewis Elementary,English:Reading,3,Grade 3,SOL,English Reading,78,80,97.50
2007-2008,School,2,Albemarle County,1051,Mortimer Y. Sutherland Middle,English:Reading,8,Grade 8,SOL,English Reading,157,174,90.23
2007-2008,School,2,Albemarle County,150,Paul H. Cale Elementary,English:Reading,3,Grade 3,SOL,English Reading,86,99,86.87
2007-2008,School,2,Albemarle County,540,Red Hill Elementary,English:Reading,3,Grade 3,SOL,English Reading,26,30,86.67
2007-2008,School,2,Albemarle County,30,Scottsville Elementary,English:Reading,3,Grade 3,SOL,English Reading,28,31,90.32
2007-2008,School,2,Albemarle County,920,Stone Robinson Elementary,English:Reading,3,Grade 3,SOL,English Reading,50,60,83.33
2007-2008,School,2,Albemarle County,240,Stony Point Elementary,English:Reading,3,Grade 3,SOL,English Reading,33,37,89.19
2007-2008,School,2,Albemarle County,910,Virginia L. Murray Elementary,English:Reading,3,Grade 3,SOL,English Reading,31,32,96.88
2007-2008,School,2,Albemarle County,930,Woodbrook Elementary,English:Reading,3,Grade 3,SOL,English Reading,30,36,83.33
2007-2008,Division,2,Albemarle County,,,English:Reading,3,Grade 3,SOL,English Reading,767,876,87.56
2007-2008,Division,2,Albemarle County,,,English:Reading,8,Grade 8,SOL,English Reading,802,909,88.23
2007-2008,School,104,Charlottesville City,100,Buford Middle,English:Reading,8,Grade 8,SOL,English Reading,173,256,67.58
2007-2008,School,104,Charlottesville City,70,Burnley-Moran Elementary,English:Reading,3,Grade 3,SOL,English Reading,49,62,79.03
2007-2008,School,104,Charlottesville City,50,Clark Elementary,English:Reading,3,Grade 3,SOL,English Reading,29,30,96.67
2007-2008,School,104,Charlottesville City,90,Greenbrier Elementary,English:Reading,3,Grade 3,SOL,English Reading,43,49,87.76
2007-2008,School,104,Charlottesville City,120,Jackson-Via Elementary,English:Reading,3,Grade 3,SOL,English Reading,44,48,91.67
2007-2008,School,104,Charlottesville City,10,Johnson Elementary,English:Reading,3,Grade 3,SOL,English Reading,38,39,97.44
2007-2008,School,104,Charlottesville City,40,Venable Elementary,English:Reading,3,Grade 3,SOL,English Reading,50,61,81.97
2007-2008,Division,104,Charlottesville City,,,English:Reading,3,Grade 3,SOL,English Reading,255,297,85.86
2007-2008,Division,104,Charlottesville City,,,English:Reading,8,Grade 8,SOL,English Reading,175,260,67.31
2007-2008,School,32,Fluvanna County,300,Central Elementary,English:Reading,3,Grade 3,SOL,English Reading,214,266,80.45
2007-2008,School,32,Fluvanna County,20,Fluvanna Middle,English:Reading,8,Grade 8,SOL,English Reading,238,267,89.14
2007-2008,Division,32,Fluvanna County,,,English:Reading,3,Grade 3,SOL,English Reading,214,266,80.45
2007-2008,Division,32,Fluvanna County,,,English:Reading,8,Grade 8,SOL,English Reading,238,267,89.14
2007-2008,School,39,Greene County,20,Nathanael Greene Elementary,English:Reading,3,Grade 3,SOL,English Reading,110,137,80.29
2007-2008,School,39,Greene County,30,Ruckersville Elementary,English:Reading,3,Grade 3,SOL,English Reading,75,87,86.21
2007-2008,School,39,Greene County,71,William Monroe Middle,English:Reading,8,Grade 8,SOL,English Reading,174,206,84.47
2007-2008,Division,39,Greene County,,,English:Reading,3,Grade 3,SOL,English Reading,185,225,82.22
2007-2008,Division,39,Greene County,,,English:Reading,8,Grade 8,SOL,English Reading,175,208,84.13
2007-2008,School,54,Louisa County,660,Jouett Elementary,English:Reading,3,Grade 3,SOL,English Reading,69,80,86.25
2007-2008,School,54,Louisa County,601,Louisa County Middle,English:Reading,8,Grade 8,SOL,English Reading,294,370,79.46
2007-2008,School,54,Louisa County,610,Thomas Jefferson Elementary,English:Reading,3,Grade 3,SOL,English Reading,74,87,85.06
2007-2008,School,54,Louisa County,641,Trevilians Elementary,English:Reading,3,Grade 3,SOL,English Reading,87,97,89.69
2007-2008,Division,54,Louisa County,,,English:Reading,3,Grade 3,SOL,English Reading,230,265,86.79
2007-2008,Division,54,Louisa County,,,English:Reading,8,Grade 8,SOL,English Reading,294,370,79.46
2007-2008,School,62,Nelson County,730,Nelson Middle,English:Reading,8,Grade 8,SOL,English Reading,129,142,90.85
2007-2008,School,62,Nelson County,10,Rockfish River Elementary,English:Reading,3,Grade 3,SOL,English Reading,67,79,84.81
2007-2008,School,62,Nelson County,20,Tye River Elementary,English:Reading,3,Grade 3,SOL,English Reading,52,73,71.23
2007-2008,Division,62,Nelson County,,,English:Reading,3,Grade 3,SOL,English Reading,119,153,77.78
2007-2008,Division,62,Nelson County,,,English:Reading,8,Grade 8,SOL,English Reading,131,146,89.73
2008-2009,School,2,Albemarle County,160,Agnor-Hurt Elementary,English:Reading,3,Grade 3,SOL,English Reading,66,74,89.19
2008-2009,School,2,Albemarle County,1053,Baker-Butler Elementary,English:Reading,3,Grade 3,SOL,English Reading,83,87,95.40
2008-2009,School,2,Albemarle County,900,Benjamin F. Yancey Elementary,English:Reading,3,Grade 3,SOL,English Reading,19,25,76.00
2008-2009,School,2,Albemarle County,100,Broadus Wood Elementary,English:Reading,3,Grade 3,SOL,English Reading,58,65,89.23
2008-2009,School,2,Albemarle County,941,Brownsville Elementary,English:Reading,3,Grade 3,SOL,English Reading,46,54,85.19
2008-2009,School,2,Albemarle County,340,Crozet Elementary,English:Reading,3,Grade 3,SOL,English Reading,66,78,84.62
2008-2009,School,2,Albemarle County,10,Hollymead Elementary,English:Reading,3,Grade 3,SOL,English Reading,82,85,96.47
2008-2009,School,2,Albemarle County,950,Jack Jouett Middle,English:Reading,8,Grade 8,SOL,English Reading,155,175,88.57
2008-2009,School,2,Albemarle County,69,Jackson P. Burley Middle,English:Reading,8,Grade 8,SOL,English Reading,133,142,93.66
2008-2009,School,2,Albemarle County,942,Joseph T. Henley Middle,English:Reading,8,Grade 8,SOL,English Reading,241,258,93.41
2008-2009,School,2,Albemarle County,20,Leslie H. Walton Middle,English:Reading,8,Grade 8,SOL,English Reading,103,107,96.26
2008-2009,School,2,Albemarle County,40,Mary Carr Greer Elementary,English:Reading,3,Grade 3,SOL,English Reading,59,61,96.72
2008-2009,School,2,Albemarle County,250,Meriwether Lewis Elementary,English:Reading,3,Grade 3,SOL,English Reading,82,84,97.62
2008-2009,School,2,Albemarle County,1051,Mortimer Y. Sutherland Middle,English:Reading,8,Grade 8,SOL,English Reading,188,194,96.91
2008-2009,School,2,Albemarle County,150,Paul H. Cale Elementary,English:Reading,3,Grade 3,SOL,English Reading,67,78,85.90
2008-2009,School,2,Albemarle County,540,Red Hill Elementary,English:Reading,3,Grade 3,SOL,English Reading,19,20,95.00
2008-2009,School,2,Albemarle County,30,Scottsville Elementary,English:Reading,3,Grade 3,SOL,English Reading,21,21,100.00
2008-2009,School,2,Albemarle County,920,Stone Robinson Elementary,English:Reading,3,Grade 3,SOL,English Reading,62,72,86.11
2008-2009,School,2,Albemarle County,240,Stony Point Elementary,English:Reading,3,Grade 3,SOL,English Reading,53,57,92.98
2008-2009,School,2,Albemarle County,910,Virginia L. Murray Elementary,English:Reading,3,Grade 3,SOL,English Reading,46,46,100.00
2008-2009,School,2,Albemarle County,930,Woodbrook Elementary,English:Reading,3,Grade 3,SOL,English Reading,37,45,82.22
2008-2009,Division,2,Albemarle County,,,English:Reading,3,Grade 3,SOL,English Reading,866,954,90.78
2008-2009,Division,2,Albemarle County,,,English:Reading,8,Grade 8,SOL,English Reading,821,883,92.98
2008-2009,School,104,Charlottesville City,100,Buford Middle,English:Reading,8,Grade 8,SOL,English Reading,191,235,81.28
2008-2009,School,104,Charlottesville City,70,Burnley-Moran Elementary,English:Reading,3,Grade 3,SOL,English Reading,41,46,89.13
2008-2009,School,104,Charlottesville City,50,Clark Elementary,English:Reading,3,Grade 3,SOL,English Reading,30,37,81.08
2008-2009,School,104,Charlottesville City,90,Greenbrier Elementary,English:Reading,3,Grade 3,SOL,English Reading,47,48,97.92
2008-2009,School,104,Charlottesville City,120,Jackson-Via Elementary,English:Reading,3,Grade 3,SOL,English Reading,41,50,82.00
2008-2009,School,104,Charlottesville City,10,Johnson Elementary,English:Reading,3,Grade 3,SOL,English Reading,32,35,91.43
2008-2009,School,104,Charlottesville City,40,Venable Elementary,English:Reading,3,Grade 3,SOL,English Reading,44,48,91.67
2008-2009,Division,104,Charlottesville City,,,English:Reading,3,Grade 3,SOL,English Reading,236,270,87.41
2008-2009,Division,104,Charlottesville City,,,English:Reading,8,Grade 8,SOL,English Reading,193,237,81.43
2008-2009,School,32,Fluvanna County,300,Central Elementary,English:Reading,3,Grade 3,SOL,English Reading,209,256,81.64
2008-2009,School,32,Fluvanna County,20,Fluvanna Middle,English:Reading,8,Grade 8,SOL,English Reading,254,280,90.71
2008-2009,Division,32,Fluvanna County,,,English:Reading,3,Grade 3,SOL,English Reading,210,257,81.71
2008-2009,Division,32,Fluvanna County,,,English:Reading,8,Grade 8,SOL,English Reading,254,281,90.39
2008-2009,School,39,Greene County,20,Nathanael Greene Elementary,English:Reading,3,Grade 3,SOL,English Reading,96,129,74.42
2008-2009,School,39,Greene County,30,Ruckersville Elementary,English:Reading,3,Grade 3,SOL,English Reading,87,106,82.08
2008-2009,School,39,Greene County,71,William Monroe Middle,English:Reading,8,Grade 8,SOL,English Reading,156,182,85.71
2008-2009,Division,39,Greene County,,,English:Reading,3,Grade 3,SOL,English Reading,184,236,77.97
2008-2009,Division,39,Greene County,,,English:Reading,8,Grade 8,SOL,English Reading,156,185,84.32
2008-2009,School,54,Louisa County,660,Jouett Elementary,English:Reading,3,Grade 3,SOL,English Reading,84,103,81.55
2008-2009,School,54,Louisa County,601,Louisa County Middle,English:Reading,8,Grade 8,SOL,English Reading,299,344,86.92
2008-2009,School,54,Louisa County,610,Thomas Jefferson Elementary,English:Reading,3,Grade 3,SOL,English Reading,93,108,86.11
2008-2009,School,54,Louisa County,641,Trevilians Elementary,English:Reading,3,Grade 3,SOL,English Reading,94,110,85.45
2008-2009,Division,54,Louisa County,,,English:Reading,3,Grade 3,SOL,English Reading,271,321,84.42
2008-2009,Division,54,Louisa County,,,English:Reading,8,Grade 8,SOL,English Reading,299,345,86.67
2008-2009,School,62,Nelson County,730,Nelson Middle,English:Reading,8,Grade 8,SOL,English Reading,116,133,87.22
2008-2009,School,62,Nelson County,10,Rockfish River Elementary,English:Reading,3,Grade 3,SOL,English Reading,61,68,89.71
2008-2009,School,62,Nelson County,20,Tye River Elementary,English:Reading,3,Grade 3,SOL,English Reading,59,70,84.29
2008-2009,Division,62,Nelson County,,,English:Reading,3,Grade 3,SOL,English Reading,120,140,85.71
2008-2009,Division,62,Nelson County,,,English:Reading,8,Grade 8,SOL,English Reading,118,137,86.13
2009-2010,School,2,Albemarle County,160,Agnor-Hurt Elementary,English:Reading,3,Grade 3,SOL,English Reading,81,90,90.00
2009-2010,School,2,Albemarle County,1053,Baker-Butler Elementary,English:Reading,3,Grade 3,SOL,English Reading,70,76,92.11
2009-2010,School,2,Albemarle County,900,Benjamin F. Yancey Elementary,English:Reading,3,Grade 3,SOL,English Reading,17,26,65.38
2009-2010,School,2,Albemarle County,100,Broadus Wood Elementary,English:Reading,3,Grade 3,SOL,English Reading,39,43,90.70
2009-2010,School,2,Albemarle County,941,Brownsville Elementary,English:Reading,3,Grade 3,SOL,English Reading,87,97,89.69
2009-2010,School,2,Albemarle County,340,Crozet Elementary,English:Reading,3,Grade 3,SOL,English Reading,46,50,92.00
2009-2010,School,2,Albemarle County,10,Hollymead Elementary,English:Reading,3,Grade 3,SOL,English Reading,68,71,95.77
2009-2010,School,2,Albemarle County,950,Jack Jouett Middle,English:Reading,8,Grade 8,SOL,English Reading,151,162,93.21
2009-2010,School,2,Albemarle County,69,Jackson P. Burley Middle,English:Reading,8,Grade 8,SOL,English Reading,144,149,96.64
2009-2010,School,2,Albemarle County,942,Joseph T. Henley Middle,English:Reading,8,Grade 8,SOL,English Reading,232,241,96.27
2009-2010,School,2,Albemarle County,20,Leslie H. Walton Middle,English:Reading,8,Grade 8,SOL,English Reading,112,121,92.56
2009-2010,School,2,Albemarle County,40,Mary Carr Greer Elementary,English:Reading,3,Grade 3,SOL,English Reading,35,53,66.04
2009-2010,School,2,Albemarle County,250,Meriwether Lewis Elementary,English:Reading,3,Grade 3,SOL,English Reading,70,72,97.22
2009-2010,School,2,Albemarle County,1051,Mortimer Y. Sutherland Middle,English:Reading,8,Grade 8,SOL,English Reading,186,189,98.41
2009-2010,School,2,Albemarle County,150,Paul H. Cale Elementary,English:Reading,3,Grade 3,SOL,English Reading,82,93,88.17
2009-2010,School,2,Albemarle County,540,Red Hill Elementary,English:Reading,3,Grade 3,SOL,English Reading,32,34,94.12
2009-2010,School,2,Albemarle County,30,Scottsville Elementary,English:Reading,3,Grade 3,SOL,English Reading,25,29,86.21
2009-2010,School,2,Albemarle County,920,Stone Robinson Elementary,English:Reading,3,Grade 3,SOL,English Reading,57,75,76.00
2009-2010,School,2,Albemarle County,240,Stony Point Elementary,English:Reading,3,Grade 3,SOL,English Reading,48,48,100.00
2009-2010,School,2,Albemarle County,910,Virginia L. Murray Elementary,English:Reading,3,Grade 3,SOL,English Reading,41,42,97.62
2009-2010,School,2,Albemarle County,930,Woodbrook Elementary,English:Reading,3,Grade 3,SOL,English Reading,21,33,63.64
2009-2010,Division,2,Albemarle County,,,English:Reading,3,Grade 3,SOL,English Reading,821,941,87.25
2009-2010,Division,2,Albemarle County,,,English:Reading,8,Grade 8,SOL,English Reading,828,866,95.61
2009-2010,School,104,Charlottesville City,100,Buford Middle,English:Reading,8,Grade 8,SOL,English Reading,189,223,84.75
2009-2010,School,104,Charlottesville City,70,Burnley-Moran Elementary,English:Reading,3,Grade 3,SOL,English Reading,40,47,85.11
2009-2010,School,104,Charlottesville City,50,Clark Elementary,English:Reading,3,Grade 3,SOL,English Reading,26,36,72.22
2009-2010,School,104,Charlottesville City,90,Greenbrier Elementary,English:Reading,3,Grade 3,SOL,English Reading,46,48,95.83
2009-2010,School,104,Charlottesville City,120,Jackson-Via Elementary,English:Reading,3,Grade 3,SOL,English Reading,35,42,83.33
2009-2010,School,104,Charlottesville City,10,Johnson Elementary,English:Reading,3,Grade 3,SOL,English Reading,31,37,83.78
2009-2010,School,104,Charlottesville City,40,Venable Elementary,English:Reading,3,Grade 3,SOL,English Reading,45,50,90.00
2009-2010,Division,104,Charlottesville City,,,English:Reading,3,Grade 3,SOL,English Reading,223,263,84.79
2009-2010,Division,104,Charlottesville City,,,English:Reading,8,Grade 8,SOL,English Reading,189,224,84.38
2009-2010,School,32,Fluvanna County,300,Central Elementary,English:Reading,3,Grade 3,SOL,English Reading,195,272,71.69
2009-2010,School,32,Fluvanna County,260,Fluvanna County High,English:Reading,8,Grade 8,SOL,English Reading,12,16,75.00
2009-2010,School,32,Fluvanna County,20,Fluvanna Middle,English:Reading,8,Grade 8,SOL,English Reading,221,241,91.70
2009-2010,Division,32,Fluvanna County,,,English:Reading,3,Grade 3,SOL,English Reading,195,272,71.69
2009-2010,Division,32,Fluvanna County,,,English:Reading,8,Grade 8,SOL,English Reading,234,259,90.35
2009-2010,School,39,Greene County,20,Nathanael Greene Elementary,English:Reading,3,Grade 3,SOL,English Reading,82,126,65.08
2009-2010,School,39,Greene County,30,Ruckersville Elementary,English:Reading,3,Grade 3,SOL,English Reading,70,89,78.65
2009-2010,School,39,Greene County,71,William Monroe Middle,English:Reading,8,Grade 8,SOL,English Reading,178,203,87.68
2009-2010,Division,39,Greene County,,,English:Reading,3,Grade 3,SOL,English Reading,152,215,70.70
2009-2010,Division,39,Greene County,,,English:Reading,8,Grade 8,SOL,English Reading,178,203,87.68
2009-2010,School,54,Louisa County,660,Jouett Elementary,English:Reading,3,Grade 3,SOL,English Reading,81,97,83.51
2009-2010,School,54,Louisa County,601,Louisa County Middle,English:Reading,8,Grade 8,SOL,English Reading,259,291,89.00
2009-2010,School,54,Louisa County,610,Thomas Jefferson Elementary,English:Reading,3,Grade 3,SOL,English Reading,103,116,88.79
2009-2010,School,54,Louisa County,641,Trevilians Elementary,English:Reading,3,Grade 3,SOL,English Reading,95,122,77.87
2009-2010,Division,54,Louisa County,,,English:Reading,3,Grade 3,SOL,English Reading,279,337,82.79
2009-2010,Division,54,Louisa County,,,English:Reading,8,Grade 8,SOL,English Reading,259,293,88.40
2009-2010,School,62,Nelson County,730,Nelson Middle,English:Reading,8,Grade 8,SOL,English Reading,126,144,87.50
2009-2010,School,62,Nelson County,10,Rockfish River Elementary,English:Reading,3,Grade 3,SOL,English Reading,55,64,85.94
2009-2010,School,62,Nelson County,20,Tye River Elementary,English:Reading,3,Grade 3,SOL,English Reading,71,82,86.59
2009-2010,Division,62,Nelson County,,,English:Reading,3,Grade 3,SOL,English Reading,126,147,85.71
2009-2010,Division,62,Nelson County,,,English:Reading,8,Grade 8,SOL,English Reading,126,145,86.90
2010-2011,School,2,Albemarle County,160,Agnor-Hurt Elementary,English:Reading,3,Grade 3,SOL,English Reading,65,75,86.67
2010-2011,School,2,Albemarle County,1060,Albemarle County Community Public Charter,English:Reading,8,Grade 8,SOL,English Reading,12,16,75.00
2010-2011,School,2,Albemarle County,1053,Baker-Butler Elementary,English:Reading,3,Grade 3,SOL,English Reading,69,83,83.13
2010-2011,School,2,Albemarle County,900,Benjamin F. Yancey Elementary,English:Reading,3,Grade 3,SOL,English Reading,18,21,85.71
2010-2011,School,2,Albemarle County,100,Broadus Wood Elementary,English:Reading,3,Grade 3,SOL,English Reading,37,47,78.72
2010-2011,School,2,Albemarle County,941,Brownsville Elementary,English:Reading,3,Grade 3,SOL,English Reading,76,92,82.61
2010-2011,School,2,Albemarle County,340,Crozet Elementary,English:Reading,3,Grade 3,SOL,English Reading,48,53,90.57
2010-2011,School,2,Albemarle County,10,Hollymead Elementary,English:Reading,3,Grade 3,SOL,English Reading,75,88,85.23
2010-2011,School,2,Albemarle County,950,Jack Jouett Middle,English:Reading,8,Grade 8,SOL,English Reading,189,206,91.75
2010-2011,School,2,Albemarle County,69,Jackson P. Burley Middle,English:Reading,8,Grade 8,SOL,English Reading,140,153,91.50
2010-2011,School,2,Albemarle County,942,Joseph T. Henley Middle,English:Reading,8,Grade 8,SOL,English Reading,249,251,99.20
2010-2011,School,2,Albemarle County,20,Leslie H. Walton Middle,English:Reading,8,Grade 8,SOL,English Reading,101,109,92.66
2010-2011,School,2,Albemarle County,40,Mary Carr Greer Elementary,English:Reading,3,Grade 3,SOL,English Reading,47,58,81.03
2010-2011,School,2,Albemarle County,250,Meriwether Lewis Elementary,English:Reading,3,Grade 3,SOL,English Reading,68,70,97.14
2010-2011,School,2,Albemarle County,1051,Mortimer Y. Sutherland Middle,English:Reading,8,Grade 8,SOL,English Reading,186,194,95.88
2010-2011,School,2,Albemarle County,150,Paul H. Cale Elementary,English:Reading,3,Grade 3,SOL,English Reading,68,80,85.00
2010-2011,School,2,Albemarle County,540,Red Hill Elementary,English:Reading,3,Grade 3,SOL,English Reading,25,31,80.65
2010-2011,School,2,Albemarle County,30,Scottsville Elementary,English:Reading,3,Grade 3,SOL,English Reading,39,44,88.64
2010-2011,School,2,Albemarle County,920,Stone Robinson Elementary,English:Reading,3,Grade 3,SOL,English Reading,76,84,90.48
2010-2011,School,2,Albemarle County,240,Stony Point Elementary,English:Reading,3,Grade 3,SOL,English Reading,37,41,90.24
2010-2011,School,2,Albemarle County,910,Virginia L. Murray Elementary,English:Reading,3,Grade 3,SOL,English Reading,49,50,98.00
2010-2011,School,2,Albemarle County,930,Woodbrook Elementary,English:Reading,3,Grade 3,SOL,English Reading,36,45,80.00
2010-2011,Division,2,Albemarle County,,,English:Reading,3,Grade 3,SOL,English Reading,835,967,86.35
2010-2011,Division,2,Albemarle County,,,English:Reading,8,Grade 8,SOL,English Reading,880,935,94.12
2010-2011,School,104,Charlottesville City,100,Buford Middle,English:Reading,7,Grade 8,SOL,English Reading,<,<,<50
2010-2011,School,104,Charlottesville City,100,Buford Middle,English:Reading,8,Grade 8,SOL,English Reading,185,225,82.22
2010-2011,School,104,Charlottesville City,70,Burnley-Moran Elementary,English:Reading,3,Grade 3,SOL,English Reading,66,69,95.65
2010-2011,School,104,Charlottesville City,50,Clark Elementary,English:Reading,3,Grade 3,SOL,English Reading,31,40,77.50
2010-2011,School,104,Charlottesville City,90,Greenbrier Elementary,English:Reading,3,Grade 3,SOL,English Reading,42,44,95.45
2010-2011,School,104,Charlottesville City,120,Jackson-Via Elementary,English:Reading,3,Grade 3,SOL,English Reading,42,52,80.77
2010-2011,School,104,Charlottesville City,10,Johnson Elementary,English:Reading,3,Grade 3,SOL,English Reading,42,47,89.36
2010-2011,School,104,Charlottesville City,40,Venable Elementary,English:Reading,3,Grade 3,SOL,English Reading,42,47,89.36
2010-2011,Division,104,Charlottesville City,,,English:Reading,3,Grade 3,SOL,English Reading,265,302,87.75
2010-2011,Division,104,Charlottesville City,,,English:Reading,7,Grade 8,SOL,English Reading,<,<,<50
2010-2011,Division,104,Charlottesville City,,,English:Reading,8,Grade 8,SOL,English Reading,185,230,80.43
2010-2011,School,32,Fluvanna County,300,Central Elementary,English:Reading,3,Grade 3,SOL,English Reading,221,277,79.78
2010-2011,School,32,Fluvanna County,260,Fluvanna County High,English:Reading,8,Grade 8,SOL,English Reading,<,<,>50
2010-2011,School,32,Fluvanna County,20,Fluvanna Middle,English:Reading,8,Grade 8,SOL,English Reading,275,298,92.28
2010-2011,Division,32,Fluvanna County,,,English:Reading,3,Grade 3,SOL,English Reading,222,278,79.86
2010-2011,Division,32,Fluvanna County,,,English:Reading,8,Grade 8,SOL,English Reading,279,303,92.08
2010-2011,School,39,Greene County,20,Nathanael Greene Elementary,English:Reading,3,Grade 3,SOL,English Reading,103,134,76.87
2010-2011,School,39,Greene County,30,Ruckersville Elementary,English:Reading,3,Grade 3,SOL,English Reading,67,83,80.72
2010-2011,School,39,Greene County,71,William Monroe Middle,English:Reading,8,Grade 8,SOL,English Reading,206,223,92.38
2010-2011,Division,39,Greene County,,,English:Reading,3,Grade 3,SOL,English Reading,170,220,77.27
2010-2011,Division,39,Greene County,,,English:Reading,8,Grade 8,SOL,English Reading,206,223,92.38
2010-2011,School,54,Louisa County,660,Jouett Elementary,English:Reading,3,Grade 3,SOL,English Reading,72,97,74.23
2010-2011,School,54,Louisa County,601,Louisa County Middle,English:Reading,8,Grade 8,SOL,English Reading,301,341,88.27
2010-2011,School,54,Louisa County,80,Moss-Nuckols Elementary,English:Reading,3,Grade 3,SOL,English Reading,78,96,81.25
2010-2011,School,54,Louisa County,610,Thomas Jefferson Elementary,English:Reading,3,Grade 3,SOL,English Reading,69,87,79.31
2010-2011,School,54,Louisa County,641,Trevilians Elementary,English:Reading,3,Grade 3,SOL,English Reading,49,60,81.67
2010-2011,Division,54,Louisa County,,,English:Reading,3,Grade 3,SOL,English Reading,269,342,78.65
2010-2011,Division,54,Louisa County,,,English:Reading,8,Grade 8,SOL,English Reading,302,342,88.30
2010-2011,School,62,Nelson County,730,Nelson Middle,English:Reading,8,Grade 8,SOL,English Reading,123,132,93.18
2010-2011,School,62,Nelson County,10,Rockfish River Elementary,English:Reading,3,Grade 3,SOL,English Reading,47,58,81.03
2010-2011,School,62,Nelson County,20,Tye River Elementary,English:Reading,3,Grade 3,SOL,English Reading,67,82,81.71
2010-2011,Division,62,Nelson County,,,English:Reading,3,Grade 3,SOL,English Reading,114,141,80.85
2010-2011,Division,62,Nelson County,,,English:Reading,8,Grade 8,SOL,English Reading,124,133,93.23
2011-2012,School,2,Albemarle County,160,Agnor-Hurt Elementary,English:Reading,3,Grade 3,SOL,English Reading,62,81,76.54
2011-2012,School,2,Albemarle County,1060,Albemarle County Community Public Charter,English:Reading,8,Grade 8,SOL,English Reading,<,<,>50
2011-2012,School,2,Albemarle County,1053,Baker-Butler Elementary,English:Reading,3,Grade 3,SOL,English Reading,58,68,85.29
2011-2012,School,2,Albemarle County,900,Benjamin F. Yancey Elementary,English:Reading,3,Grade 3,SOL,English Reading,20,25,80.00
2011-2012,School,2,Albemarle County,100,Broadus Wood Elementary,English:Reading,3,Grade 3,SOL,English Reading,39,46,84.78
2011-2012,School,2,Albemarle County,941,Brownsville Elementary,English:Reading,3,Grade 3,SOL,English Reading,86,99,86.87
2011-2012,School,2,Albemarle County,340,Crozet Elementary,English:Reading,3,Grade 3,SOL,English Reading,43,53,81.13
2011-2012,School,2,Albemarle County,10,Hollymead Elementary,English:Reading,3,Grade 3,SOL,English Reading,91,93,97.85
2011-2012,School,2,Albemarle County,950,Jack Jouett Middle,English:Reading,8,Grade 8,SOL,English Reading,146,161,90.68
2011-2012,School,2,Albemarle County,69,Jackson P. Burley Middle,English:Reading,8,Grade 8,SOL,English Reading,146,165,88.48
2011-2012,School,2,Albemarle County,942,Joseph T. Henley Middle,English:Reading,8,Grade 8,SOL,English Reading,268,279,96.06
2011-2012,School,2,Albemarle County,20,Leslie H. Walton Middle,English:Reading,8,Grade 8,SOL,English Reading,121,136,88.97
2011-2012,School,2,Albemarle County,40,Mary Carr Greer Elementary,English:Reading,3,Grade 3,SOL,English Reading,48,59,81.36
2011-2012,School,2,Albemarle County,250,Meriwether Lewis Elementary,English:Reading,3,Grade 3,SOL,English Reading,60,66,90.91
2011-2012,School,2,Albemarle County,1051,Mortimer Y. Sutherland Middle,English:Reading,8,Grade 8,SOL,English Reading,177,186,95.16
2011-2012,School,2,Albemarle County,150,Paul H. Cale Elementary,English:Reading,3,Grade 3,SOL,English Reading,78,90,86.67
2011-2012,School,2,Albemarle County,540,Red Hill Elementary,English:Reading,3,Grade 3,SOL,English Reading,16,18,88.89
2011-2012,School,2,Albemarle County,30,Scottsville Elementary,English:Reading,3,Grade 3,SOL,English Reading,19,20,95.00
2011-2012,School,2,Albemarle County,920,Stone Robinson Elementary,English:Reading,3,Grade 3,SOL,English Reading,48,65,73.85
2011-2012,School,2,Albemarle County,240,Stony Point Elementary,English:Reading,3,Grade 3,SOL,English Reading,37,42,88.10
2011-2012,School,2,Albemarle County,910,Virginia L. Murray Elementary,English:Reading,3,Grade 3,SOL,English Reading,45,47,95.74
2011-2012,School,2,Albemarle County,930,Woodbrook Elementary,English:Reading,3,Grade 3,SOL,English Reading,41,48,85.42
2011-2012,Division,2,Albemarle County,,,English:Reading,3,Grade 3,SOL,English Reading,792,925,85.62
2011-2012,Division,2,Albemarle County,,,English:Reading,8,Grade 8,SOL,English Reading,865,937,92.32
2011-2012,School,104,Charlottesville City,100,Buford Middle,English:Reading,8,Grade 8,SOL,English Reading,180,215,83.72
2011-2012,School,104,Charlottesville City,70,Burnley-Moran Elementary,English:Reading,3,Grade 3,SOL,English Reading,59,63,93.65
2011-2012,School,104,Charlottesville City,50,Clark Elementary,English:Reading,3,Grade 3,SOL,English Reading,33,39,84.62
2011-2012,School,104,Charlottesville City,90,Greenbrier Elementary,English:Reading,3,Grade 3,SOL,English Reading,46,52,88.46
2011-2012,School,104,Charlottesville City,120,Jackson-Via Elementary,English:Reading,3,Grade 3,SOL,English Reading,39,45,86.67
2011-2012,School,104,Charlottesville City,10,Johnson Elementary,English:Reading,3,Grade 3,SOL,English Reading,38,43,88.37
2011-2012,School,104,Charlottesville City,40,Venable Elementary,English:Reading,3,Grade 3,SOL,English Reading,51,53,96.23
2011-2012,Division,104,Charlottesville City,,,English:Reading,3,Grade 3,SOL,English Reading,266,296,89.86
2011-2012,Division,104,Charlottesville City,,,English:Reading,7,Grade 8,SOL,English Reading,<,<,<50
2011-2012,Division,104,Charlottesville City,,,English:Reading,8,Grade 8,SOL,English Reading,181,219,82.65
2011-2012,School,32,Fluvanna County,300,Central Elementary,English:Reading,3,Grade 3,SOL,English Reading,246,294,83.67
2011-2012,School,32,Fluvanna County,260,Fluvanna County High,English:Reading,8,Grade 8,SOL,English Reading,<,13,<50
2011-2012,School,32,Fluvanna County,20,Fluvanna Middle,English:Reading,8,Grade 8,SOL,English Reading,261,289,90.31
2011-2012,Division,32,Fluvanna County,,,English:Reading,3,Grade 3,SOL,English Reading,246,294,83.67
2011-2012,Division,32,Fluvanna County,,,English:Reading,8,Grade 8,SOL,English Reading,268,305,87.87
2011-2012,School,39,Greene County,20,Nathanael Greene Elementary,English:Reading,3,Grade 3,SOL,English Reading,101,135,74.81
2011-2012,School,39,Greene County,30,Ruckersville Elementary,English:Reading,3,Grade 3,SOL,English Reading,92,107,85.98
2011-2012,School,39,Greene County,71,William Monroe Middle,English:Reading,8,Grade 8,SOL,English Reading,175,188,93.09
2011-2012,Division,39,Greene County,,,English:Reading,3,Grade 3,SOL,English Reading,193,243,79.42
2011-2012,Division,39,Greene County,,,English:Reading,8,Grade 8,SOL,English Reading,175,188,93.09
2011-2012,School,54,Louisa County,660,Jouett Elementary,English:Reading,3,Grade 3,SOL,English Reading,72,81,88.89
2011-2012,School,54,Louisa County,601,Louisa County Middle,English:Reading,8,Grade 8,SOL,English Reading,299,356,83.99
2011-2012,School,54,Louisa County,80,Moss-Nuckols Elementary,English:Reading,3,Grade 3,SOL,English Reading,75,94,79.79
2011-2012,School,54,Louisa County,610,Thomas Jefferson Elementary,English:Reading,3,Grade 3,SOL,English Reading,59,81,72.84
2011-2012,School,54,Louisa County,641,Trevilians Elementary,English:Reading,3,Grade 3,SOL,English Reading,52,59,88.14
2011-2012,Division,54,Louisa County,,,English:Reading,3,Grade 3,SOL,English Reading,258,315,81.90
2011-2012,Division,54,Louisa County,,,English:Reading,8,Grade 8,SOL,English Reading,300,360,83.33
2011-2012,School,62,Nelson County,730,Nelson Middle,English:Reading,8,Grade 8,SOL,English Reading,143,155,92.26
2011-2012,School,62,Nelson County,10,Rockfish River Elementary,English:Reading,3,Grade 3,SOL,English Reading,55,67,82.09
2011-2012,School,62,Nelson County,20,Tye River Elementary,English:Reading,3,Grade 3,SOL,English Reading,71,85,83.53
2011-2012,Division,62,Nelson County,,,English:Reading,3,Grade 3,SOL,English Reading,126,154,81.82
2011-2012,Division,62,Nelson County,,,English:Reading,8,Grade 8,SOL,English Reading,144,156,92.31
2012-2013,School,2,Albemarle County,160,Agnor-Hurt Elementary,English:Reading,3,Grade 3,SOL,English Reading,45,86,52.33
2012-2013,School,2,Albemarle County,1060,Albemarle County Community Public Charter,English:Reading,8,Grade 8,SOL,English Reading,11,19,57.89
2012-2013,School,2,Albemarle County,1053,Baker-Butler Elementary,English:Reading,3,Grade 3,SOL,English Reading,78,103,75.73
2012-2013,School,2,Albemarle County,900,Benjamin F. Yancey Elementary,English:Reading,3,Grade 3,SOL,English Reading,12,26,46.15
2012-2013,School,2,Albemarle County,100,Broadus Wood Elementary,English:Reading,3,Grade 3,SOL,English Reading,29,40,72.50
2012-2013,School,2,Albemarle County,941,Brownsville Elementary,English:Reading,3,Grade 3,SOL,English Reading,92,116,79.31
2012-2013,School,2,Albemarle County,340,Crozet Elementary,English:Reading,3,Grade 3,SOL,English Reading,35,53,66.04
2012-2013,School,2,Albemarle County,10,Hollymead Elementary,English:Reading,3,Grade 3,SOL,English Reading,66,76,86.84
2012-2013,School,2,Albemarle County,950,Jack Jouett Middle,English:Reading,8,Grade 8,SOL,English Reading,118,169,69.82
2012-2013,School,2,Albemarle County,69,Jackson P. Burley Middle,English:Reading,8,Grade 8,SOL,English Reading,122,163,74.85
2012-2013,School,2,Albemarle County,942,Joseph T. Henley Middle,English:Reading,8,Grade 8,SOL,English Reading,217,243,89.30
2012-2013,School,2,Albemarle County,20,Leslie H. Walton Middle,English:Reading,8,Grade 8,SOL,English Reading,95,135,70.37
2012-2013,School,2,Albemarle County,40,Mary Carr Greer Elementary,English:Reading,3,Grade 3,SOL,English Reading,30,58,51.72
2012-2013,School,2,Albemarle County,250,Meriwether Lewis Elementary,English:Reading,3,Grade 3,SOL,English Reading,57,66,86.36
2012-2013,School,2,Albemarle County,1051,Mortimer Y. Sutherland Middle,English:Reading,8,Grade 8,SOL,English Reading,183,209,87.56
2012-2013,School,2,Albemarle County,150,Paul H. Cale Elementary,English:Reading,3,Grade 3,SOL,English Reading,72,88,81.82
2012-2013,School,2,Albemarle County,540,Red Hill Elementary,English:Reading,3,Grade 3,SOL,English Reading,12,26,46.15
2012-2013,School,2,Albemarle County,30,Scottsville Elementary,English:Reading,3,Grade 3,SOL,English Reading,10,20,50.00
2012-2013,School,2,Albemarle County,920,Stone Robinson Elementary,English:Reading,3,Grade 3,SOL,English Reading,41,59,69.49
2012-2013,School,2,Albemarle County,240,Stony Point Elementary,English:Reading,3,Grade 3,SOL,English Reading,23,29,79.31
2012-2013,School,2,Albemarle County,910,Virginia L. Murray Elementary,English:Reading,3,Grade 3,SOL,English Reading,44,49,89.80
2012-2013,School,2,Albemarle County,930,Woodbrook Elementary,English:Reading,3,Grade 3,SOL,English Reading,27,42,64.29
2012-2013,Division,2,Albemarle County,,,English:Reading,3,Grade 3,SOL,English Reading,674,948,71.10
2012-2013,Division,2,Albemarle County,,,English:Reading,8,Grade 8,SOL,English Reading,747,946,78.96
2012-2013,School,104,Charlottesville City,100,Buford Middle,English:Reading,8,Grade 8,SOL,English Reading,165,243,67.90
2012-2013,School,104,Charlottesville City,70,Burnley-Moran Elementary,English:Reading,3,Grade 3,SOL,English Reading,43,50,86.00
2012-2013,School,104,Charlottesville City,50,Clark Elementary,English:Reading,3,Grade 3,SOL,English Reading,19,36,52.78
2012-2013,School,104,Charlottesville City,90,Greenbrier Elementary,English:Reading,3,Grade 3,SOL,English Reading,56,67,83.58
2012-2013,School,104,Charlottesville City,120,Jackson-Via Elementary,English:Reading,3,Grade 3,SOL,English Reading,27,38,71.05
2012-2013,School,104,Charlottesville City,10,Johnson Elementary,English:Reading,3,Grade 3,SOL,English Reading,28,41,68.29
2012-2013,School,104,Charlottesville City,40,Venable Elementary,English:Reading,3,Grade 3,SOL,English Reading,50,57,87.72
2012-2013,Division,104,Charlottesville City,,,English:Reading,3,Grade 3,SOL,English Reading,223,291,76.63
2012-2013,Division,104,Charlottesville City,,,English:Reading,8,Grade 8,SOL,English Reading,165,250,66.00
2012-2013,School,32,Fluvanna County,300,Carysbrook Elementary,English:Reading,3,Grade 3,SOL,English Reading,213,278,76.62
2012-2013,School,32,Fluvanna County,260,Fluvanna County High,English:Reading,8,Grade 8,SOL,English Reading,210,270,77.78
2012-2013,Division,32,Fluvanna County,,,English:Reading,3,Grade 3,SOL,English Reading,213,279,76.34
2012-2013,Division,32,Fluvanna County,,,English:Reading,8,Grade 8,SOL,English Reading,211,272,77.57
2012-2013,School,39,Greene County,20,Nathanael Greene Elementary,English:Reading,3,Grade 3,SOL,English Reading,91,145,62.76
2012-2013,School,39,Greene County,30,Ruckersville Elementary,English:Reading,3,Grade 3,SOL,English Reading,62,90,68.89
2012-2013,School,39,Greene County,71,William Monroe Middle,English:Reading,8,Grade 8,SOL,English Reading,168,236,71.19
2012-2013,Division,39,Greene County,,,English:Reading,3,Grade 3,SOL,English Reading,153,235,65.11
2012-2013,Division,39,Greene County,,,English:Reading,8,Grade 8,SOL,English Reading,169,237,71.31
2012-2013,School,54,Louisa County,660,Jouett Elementary,English:Reading,3,Grade 3,SOL,English Reading,62,78,79.49
2012-2013,School,54,Louisa County,601,Louisa County Middle,English:Reading,8,Grade 8,SOL,English Reading,186,309,60.19
2012-2013,School,54,Louisa County,80,Moss-Nuckols Elementary,English:Reading,3,Grade 3,SOL,English Reading,80,101,79.21
2012-2013,School,54,Louisa County,610,Thomas Jefferson Elementary,English:Reading,3,Grade 3,SOL,English Reading,53,92,57.61
2012-2013,School,54,Louisa County,641,Trevilians Elementary,English:Reading,3,Grade 3,SOL,English Reading,46,64,71.88
2012-2013,Division,54,Louisa County,,,English:Reading,3,Grade 3,SOL,English Reading,241,340,70.88
2012-2013,Division,54,Louisa County,,,English:Reading,8,Grade 8,SOL,English Reading,187,312,59.94
2012-2013,School,62,Nelson County,730,Nelson Middle,English:Reading,8,Grade 8,SOL,English Reading,105,152,69.08
2012-2013,School,62,Nelson County,10,Rockfish River Elementary,English:Reading,3,Grade 3,SOL,English Reading,58,83,69.88
2012-2013,School,62,Nelson County,20,Tye River Elementary,English:Reading,3,Grade 3,SOL,English Reading,43,64,67.19
2012-2013,Division,62,Nelson County,,,English:Reading,3,Grade 3,SOL,English Reading,101,147,68.71
2012-2013,Division,62,Nelson County,,,English:Reading,8,Grade 8,SOL,English Reading,105,152,69.08
2013-2014,School,2,Albemarle County,160,Agnor-Hurt Elementary,English:Reading,3,Grade 3,SOL,English Reading,31,67,46.27
2013-2014,School,2,Albemarle County,1060,Albemarle County Community Public Charter,English:Reading,8,Grade 8,SOL,English Reading,8,12,66.67
2013-2014,School,2,Albemarle County,1053,Baker-Butler Elementary,English:Reading,3,Grade 3,SOL,English Reading,64,86,74.42
2013-2014,School,2,Albemarle County,900,Benjamin F. Yancey Elementary,English:Reading,3,Grade 3,SOL,English Reading,7,13,53.85
2013-2014,School,2,Albemarle County,100,Broadus Wood Elementary,English:Reading,3,Grade 3,SOL,English Reading,51,57,89.47
2013-2014,School,2,Albemarle County,941,Brownsville Elementary,English:Reading,3,Grade 3,SOL,English Reading,96,117,82.05
2013-2014,School,2,Albemarle County,340,Crozet Elementary,English:Reading,3,Grade 3,SOL,English Reading,43,56,76.79
2013-2014,School,2,Albemarle County,10,Hollymead Elementary,English:Reading,3,Grade 3,SOL,English Reading,70,72,97.22
2013-2014,School,2,Albemarle County,950,Jack Jouett Middle,English:Reading,8,Grade 8,SOL,English Reading,170,228,74.56
2013-2014,School,2,Albemarle County,69,Jackson P. Burley Middle,English:Reading,8,Grade 8,SOL,English Reading,129,188,68.62
2013-2014,School,2,Albemarle County,942,Joseph T. Henley Middle,English:Reading,8,Grade 8,SOL,English Reading,230,258,89.15
2013-2014,School,2,Albemarle County,20,Leslie H. Walton Middle,English:Reading,8,Grade 8,SOL,English Reading,66,102,64.71
2013-2014,School,2,Albemarle County,40,Mary Carr Greer Elementary,English:Reading,3,Grade 3,SOL,English Reading,22,48,45.83
2013-2014,School,2,Albemarle County,250,Meriwether Lewis Elementary,English:Reading,3,Grade 3,SOL,English Reading,56,73,76.71
2013-2014,School,2,Albemarle County,1051,Mortimer Y. Sutherland Middle,English:Reading,8,Grade 8,SOL,English Reading,164,189,86.77
2013-2014,School,2,Albemarle County,150,Paul H. Cale Elementary,English:Reading,3,Grade 3,SOL,English Reading,64,100,64.00
2013-2014,School,2,Albemarle County,540,Red Hill Elementary,English:Reading,3,Grade 3,SOL,English Reading,14,20,70.00
2013-2014,School,2,Albemarle County,30,Scottsville Elementary,English:Reading,3,Grade 3,SOL,English Reading,24,33,72.73
2013-2014,School,2,Albemarle County,920,Stone Robinson Elementary,English:Reading,3,Grade 3,SOL,English Reading,39,71,54.93
2013-2014,School,2,Albemarle County,240,Stony Point Elementary,English:Reading,3,Grade 3,SOL,English Reading,35,49,71.43
2013-2014,School,2,Albemarle County,910,Virginia L. Murray Elementary,English:Reading,3,Grade 3,SOL,English Reading,41,42,97.62
2013-2014,School,2,Albemarle County,930,Woodbrook Elementary,English:Reading,3,Grade 3,SOL,English Reading,32,39,82.05
2013-2014,Division,2,Albemarle County,,,English:Reading,3,Grade 3,SOL,English Reading,689,950,72.53
2013-2014,Division,2,Albemarle County,,,English:Reading,8,Grade 8,SOL,English Reading,771,985,78.27
2013-2014,School,104,Charlottesville City,100,Buford Middle,English:Reading,8,Grade 8,SOL,English Reading,149,220,67.73
2013-2014,School,104,Charlottesville City,70,Burnley-Moran Elementary,English:Reading,3,Grade 3,SOL,English Reading,53,66,80.30
2013-2014,School,104,Charlottesville City,50,Clark Elementary,English:Reading,3,Grade 3,SOL,English Reading,26,44,59.09
2013-2014,School,104,Charlottesville City,90,Greenbrier Elementary,English:Reading,3,Grade 3,SOL,English Reading,44,55,80.00
2013-2014,School,104,Charlottesville City,120,Jackson-Via Elementary,English:Reading,3,Grade 3,SOL,English Reading,20,33,60.61
2013-2014,School,104,Charlottesville City,10,Johnson Elementary,English:Reading,3,Grade 3,SOL,English Reading,35,50,70.00
2013-2014,School,104,Charlottesville City,40,Venable Elementary,English:Reading,3,Grade 3,SOL,English Reading,52,61,85.25
2013-2014,Division,104,Charlottesville City,,,English:Reading,3,Grade 3,SOL,English Reading,230,314,73.25
2013-2014,Division,104,Charlottesville City,,,English:Reading,8,Grade 8,SOL,English Reading,149,224,66.52
2013-2014,School,32,Fluvanna County,300,Carysbrook Elementary,English:Reading,3,Grade 3,SOL,English Reading,189,281,67.26
2013-2014,School,32,Fluvanna County,260,Fluvanna County High,English:Reading,8,Grade 8,SOL,English Reading,192,287,66.90
2013-2014,Division,32,Fluvanna County,,,English:Reading,3,Grade 3,SOL,English Reading,189,283,66.78
2013-2014,Division,32,Fluvanna County,,,English:Reading,8,Grade 8,SOL,English Reading,192,289,66.44
2013-2014,School,39,Greene County,20,Nathanael Greene Elementary,English:Reading,3,Grade 3,SOL,English Reading,79,152,51.97
2013-2014,School,39,Greene County,30,Ruckersville Elementary,English:Reading,3,Grade 3,SOL,English Reading,55,104,52.88
2013-2014,School,39,Greene County,71,William Monroe Middle,English:Reading,8,Grade 8,SOL,English Reading,134,229,58.52
2013-2014,Division,39,Greene County,,,English:Reading,3,Grade 3,SOL,English Reading,134,258,51.94
2013-2014,Division,39,Greene County,,,English:Reading,8,Grade 8,SOL,English Reading,136,232,58.62
2013-2014,School,54,Louisa County,660,Jouett Elementary,English:Reading,3,Grade 3,SOL,English Reading,77,107,71.96
2013-2014,School,54,Louisa County,601,Louisa County Middle,English:Reading,8,Grade 8,SOL,English Reading,254,363,69.97
2013-2014,School,54,Louisa County,80,Moss-Nuckols Elementary,English:Reading,3,Grade 3,SOL,English Reading,75,107,70.09
2013-2014,School,54,Louisa County,610,Thomas Jefferson Elementary,English:Reading,3,Grade 3,SOL,English Reading,46,77,59.74
2013-2014,School,54,Louisa County,641,Trevilians Elementary,English:Reading,3,Grade 3,SOL,English Reading,35,60,58.33
2013-2014,Division,54,Louisa County,,,English:Reading,3,Grade 3,SOL,English Reading,233,354,65.82
2013-2014,Division,54,Louisa County,,,English:Reading,8,Grade 8,SOL,English Reading,254,368,69.02
2013-2014,School,62,Nelson County,730,Nelson Middle,English:Reading,8,Grade 8,SOL,English Reading,108,143,75.52
2013-2014,School,62,Nelson County,10,Rockfish River Elementary,English:Reading,3,Grade 3,SOL,English Reading,38,54,70.37
2013-2014,School,62,Nelson County,20,Tye River Elementary,English:Reading,3,Grade 3,SOL,English Reading,38,76,50.00
2013-2014,Division,62,Nelson County,,,English:Reading,3,Grade 3,SOL,English Reading,76,130,58.46
2013-2014,Division,62,Nelson County,,,English:Reading,8,Grade 8,SOL,English Reading,108,144,75.00
2014-2015,School,2,Albemarle County,160,Agnor-Hurt Elementary,English:Reading,3,Grade 3,SOL,English Reading,38,71,53.52
2014-2015,School,2,Albemarle County,1060,Albemarle County Community Public Charter,English:Reading,8,Grade 8,SOL,English Reading,<,<,>50
2014-2015,School,2,Albemarle County,1053,Baker-Butler Elem,English:Reading,3,Grade 3,SOL,English Reading,73,90,81.11
2014-2015,School,2,Albemarle County,900,Benjamin F. Yancey Elementary,English:Reading,3,Grade 3,SOL,English Reading,14,27,51.85
2014-2015,School,2,Albemarle County,100,Broadus Wood Elementary,English:Reading,3,Grade 3,SOL,English Reading,34,48,70.83
2014-2015,School,2,Albemarle County,941,Brownsville Elementary,English:Reading,3,Grade 3,SOL,English Reading,86,103,83.50
2014-2015,School,2,Albemarle County,340,Crozet Elementary,English:Reading,3,Grade 3,SOL,English Reading,32,45,71.11
2014-2015,School,2,Albemarle County,10,Hollymead Elementary,English:Reading,3,Grade 3,SOL,English Reading,69,77,89.61
2014-2015,School,2,Albemarle County,950,Jack Jouett Middle,English:Reading,8,Grade 8,SOL,English Reading,133,180,73.89
2014-2015,School,2,Albemarle County,69,Jackson P. Burley Middle,English:Reading,8,Grade 8,SOL,English Reading,142,176,80.68
2014-2015,School,2,Albemarle County,942,Joseph T. Henley Middle,English:Reading,8,Grade 8,SOL,English Reading,247,266,92.86
2014-2015,School,2,Albemarle County,20,Leslie H. Walton Middle,English:Reading,7,Grade 8,SOL,English Reading,<,<,>50
2014-2015,School,2,Albemarle County,20,Leslie H. Walton Middle,English:Reading,8,Grade 8,SOL,English Reading,84,130,64.62
2014-2015,School,2,Albemarle County,40,Mary Carr Greer Elementary,English:Reading,3,Grade 3,SOL,English Reading,39,65,60.00
2014-2015,School,2,Albemarle County,250,Meriwether Lewis Elementary,English:Reading,3,Grade 3,SOL,English Reading,66,77,85.71
2014-2015,School,2,Albemarle County,1051,Mortimer Y. Sutherland Middle,English:Reading,8,Grade 8,SOL,English Reading,156,180,86.67
2014-2015,School,2,Albemarle County,150,Paul H. Cale Elementary,English:Reading,3,Grade 3,SOL,English Reading,51,80,63.75
2014-2015,School,2,Albemarle County,540,Red Hill Elementary,English:Reading,3,Grade 3,SOL,English Reading,14,28,50.00
2014-2015,School,2,Albemarle County,30,Scottsville Elementary,English:Reading,3,Grade 3,SOL,English Reading,21,24,87.50
2014-2015,School,2,Albemarle County,920,Stone Robinson Elementary,English:Reading,3,Grade 3,SOL,English Reading,31,55,56.36
2014-2015,School,2,Albemarle County,240,Stony Point Elementary,English:Reading,3,Grade 3,SOL,English Reading,21,31,67.74
2014-2015,School,2,Albemarle County,910,Virginia L. Murray Elementary,English:Reading,3,Grade 3,SOL,English Reading,31,38,81.58
2014-2015,School,2,Albemarle County,930,Woodbrook Elementary,English:Reading,3,Grade 3,SOL,English Reading,35,41,85.37
2014-2015,Division,2,Albemarle County,,,English:Reading,3,Grade 3,SOL,English Reading,656,902,72.73
2014-2015,Division,2,Albemarle County,,,English:Reading,7,Grade 8,SOL,English Reading,<,<,>50
2014-2015,Division,2,Albemarle County,,,English:Reading,8,Grade 8,SOL,English Reading,768,947,81.10
2014-2015,School,104,Charlottesville City,100,Buford Middle,English:Reading,8,Grade 8,SOL,English Reading,167,224,74.55
2014-2015,School,104,Charlottesville City,70,Burnley-Moran Elementary,English:Reading,3,Grade 3,SOL,English Reading,53,61,86.89
2014-2015,School,104,Charlottesville City,50,Clark Elementary,English:Reading,3,Grade 3,SOL,English Reading,38,47,80.85
2014-2015,School,104,Charlottesville City,90,Greenbrier Elementary,English:Reading,3,Grade 3,SOL,English Reading,51,58,87.93
2014-2015,School,104,Charlottesville City,120,Jackson-Via Elementary,English:Reading,3,Grade 3,SOL,English Reading,38,51,74.51
2014-2015,School,104,Charlottesville City,10,Johnson Elementary,English:Reading,3,Grade 3,SOL,English Reading,33,40,82.50
2014-2015,School,104,Charlottesville City,40,Venable Elementary,English:Reading,3,Grade 3,SOL,English Reading,48,52,92.31
2014-2015,Division,104,Charlottesville City,,,English:Reading,3,Grade 3,SOL,English Reading,261,315,82.86
2014-2015,Division,104,Charlottesville City,,,English:Reading,8,Grade 8,SOL,English Reading,168,227,74.01
2014-2015,School,32,Fluvanna County,300,Carysbrook Elementary,English:Reading,3,Grade 3,SOL,English Reading,211,266,79.32
2014-2015,School,32,Fluvanna County,260,Fluvanna County High,English:Reading,8,Grade 8,SOL,English Reading,181,251,72.11
2014-2015,Division,32,Fluvanna County,,,English:Reading,3,Grade 3,SOL,English Reading,211,266,79.32
2014-2015,Division,32,Fluvanna County,,,English:Reading,8,Grade 8,SOL,English Reading,183,256,71.48
2014-2015,School,39,Greene County,20,Nathanael Greene Elementary,English:Reading,3,Grade 3,SOL,English Reading,76,144,52.78
2014-2015,School,39,Greene County,30,Ruckersville Elementary,English:Reading,3,Grade 3,SOL,English Reading,74,92,80.43
2014-2015,School,39,Greene County,71,William Monroe Middle,English:Reading,8,Grade 8,SOL,English Reading,167,230,72.61
2014-2015,Division,39,Greene County,,,English:Reading,3,Grade 3,SOL,English Reading,150,236,63.56
2014-2015,Division,39,Greene County,,,English:Reading,8,Grade 8,SOL,English Reading,167,233,71.67
2014-2015,School,54,Louisa County,660,Jouett Elementary,English:Reading,3,Grade 3,SOL,English Reading,70,101,69.31
2014-2015,School,54,Louisa County,601,Louisa County Middle,English:Reading,8,Grade 8,SOL,English Reading,273,341,80.06
2014-2015,School,54,Louisa County,80,Moss-Nuckols Elementary,English:Reading,3,Grade 3,SOL,English Reading,75,97,77.32
2014-2015,School,54,Louisa County,610,Thomas Jefferson Elementary,English:Reading,3,Grade 3,SOL,English Reading,51,76,67.11
2014-2015,School,54,Louisa County,641,Trevilians Elementary,English:Reading,3,Grade 3,SOL,English Reading,51,79,64.56
2014-2015,Division,54,Louisa County,,,English:Reading,3,Grade 3,SOL,English Reading,247,357,69.19
2014-2015,Division,54,Louisa County,,,English:Reading,8,Grade 8,SOL,English Reading,274,348,78.74
2014-2015,School,62,Nelson County,730,Nelson Middle,English:Reading,8,Grade 8,SOL,English Reading,107,149,71.81
2014-2015,School,62,Nelson County,10,Rockfish River Elementary,English:Reading,3,Grade 3,SOL,English Reading,46,62,74.19
2014-2015,School,62,Nelson County,20,Tye River Elementary,English:Reading,3,Grade 3,SOL,English Reading,50,68,73.53
2014-2015,Division,62,Nelson County,,,English:Reading,3,Grade 3,SOL,English Reading,96,130,73.85
2014-2015,Division,62,Nelson County,,,English:Reading,8,Grade 8,SOL,English Reading,107,153,69.93
2015-2016,School,2,Albemarle County,160,Agnor-Hurt Elementary,English:Reading,3,Grade 3,SOL,English Reading,47,83,56.63
2015-2016,School,2,Albemarle County,1060,Albemarle County Community Public Charter,English:Reading,8,Grade 8,SOL,English Reading,9,17,52.94
2015-2016,School,2,Albemarle County,1053,Baker-Butler Elem,English:Reading,3,Grade 3,SOL,English Reading,82,99,82.83
2015-2016,School,2,Albemarle County,900,Benjamin F. Yancey Elementary,English:Reading,3,Grade 3,SOL,English Reading,<,17,<50
2015-2016,School,2,Albemarle County,100,Broadus Wood Elementary,English:Reading,3,Grade 3,SOL,English Reading,46,54,85.19
2015-2016,School,2,Albemarle County,941,Brownsville Elementary,English:Reading,3,Grade 3,SOL,English Reading,116,133,87.22
2015-2016,School,2,Albemarle County,340,Crozet Elementary,English:Reading,3,Grade 3,SOL,English Reading,39,54,72.22
2015-2016,School,2,Albemarle County,10,Hollymead Elementary,English:Reading,3,Grade 3,SOL,English Reading,73,81,90.12
2015-2016,School,2,Albemarle County,950,Jack Jouett Middle,English:Reading,8,Grade 8,SOL,English Reading,133,190,70.00
2015-2016,School,2,Albemarle County,69,Jackson P. Burley Middle,English:Reading,8,Grade 8,SOL,English Reading,118,162,72.84
2015-2016,School,2,Albemarle County,942,Joseph T. Henley Middle,English:Reading,8,Grade 8,SOL,English Reading,239,271,88.19
2015-2016,School,2,Albemarle County,20,Leslie H. Walton Middle,English:Reading,8,Grade 8,SOL,English Reading,71,123,57.72
2015-2016,School,2,Albemarle County,40,Mary Carr Greer Elementary,English:Reading,3,Grade 3,SOL,English Reading,42,64,65.63
2015-2016,School,2,Albemarle County,250,Meriwether Lewis Elementary,English:Reading,3,Grade 3,SOL,English Reading,65,75,86.67
2015-2016,School,2,Albemarle County,1051,Mortimer Y. Sutherland Middle,English:Reading,8,Grade 8,SOL,English Reading,156,183,85.25
2015-2016,School,2,Albemarle County,150,Paul H. Cale Elementary,English:Reading,3,Grade 3,SOL,English Reading,59,105,56.19
2015-2016,School,2,Albemarle County,540,Red Hill Elementary,English:Reading,3,Grade 3,SOL,English Reading,13,21,61.90
2015-2016,School,2,Albemarle County,30,Scottsville Elementary,English:Reading,3,Grade 3,SOL,English Reading,22,27,81.48
2015-2016,School,2,Albemarle County,920,Stone Robinson Elementary,English:Reading,3,Grade 3,SOL,English Reading,54,63,85.71
2015-2016,School,2,Albemarle County,240,Stony Point Elementary,English:Reading,3,Grade 3,SOL,English Reading,31,43,72.09
2015-2016,School,2,Albemarle County,910,Virginia L. Murray Elementary,English:Reading,3,Grade 3,SOL,English Reading,38,42,90.48
2015-2016,School,2,Albemarle County,930,Woodbrook Elementary,English:Reading,3,Grade 3,SOL,English Reading,35,41,85.37
2015-2016,Division,2,Albemarle County,,,English:Reading,3,Grade 3,SOL,English Reading,767,"1,013",75.72
2015-2016,Division,2,Albemarle County,,,English:Reading,8,Grade 8,SOL,English Reading,727,956,76.05
2015-2016,School,104,Charlottesville City,100,Buford Middle,English:Reading,8,Grade 8,SOL,English Reading,162,240,67.50
2015-2016,School,104,Charlottesville City,70,Burnley-Moran Elementary,English:Reading,3,Grade 3,SOL,English Reading,48,68,70.59
2015-2016,School,104,Charlottesville City,50,Clark Elementary,English:Reading,3,Grade 3,SOL,English Reading,31,52,59.62
2015-2016,School,104,Charlottesville City,90,Greenbrier Elementary,English:Reading,3,Grade 3,SOL,English Reading,45,58,77.59
2015-2016,School,104,Charlottesville City,120,Jackson-Via Elementary,English:Reading,3,Grade 3,SOL,English Reading,40,54,74.07
2015-2016,School,104,Charlottesville City,10,Johnson Elementary,English:Reading,3,Grade 3,SOL,English Reading,34,51,66.67
2015-2016,School,104,Charlottesville City,40,Venable Elementary,English:Reading,3,Grade 3,SOL,English Reading,40,50,80.00
2015-2016,Division,104,Charlottesville City,,,English:Reading,3,Grade 3,SOL,English Reading,238,339,70.21
2015-2016,Division,104,Charlottesville City,,,English:Reading,8,Grade 8,SOL,English Reading,163,243,67.08
2015-2016,School,32,Fluvanna County,300,Carysbrook Elementary,English:Reading,3,Grade 3,SOL,English Reading,202,265,76.23
2015-2016,School,32,Fluvanna County,260,Fluvanna County High,English:Reading,8,Grade 8,SOL,English Reading,203,263,77.19
2015-2016,Division,32,Fluvanna County,,,English:Reading,3,Grade 3,SOL,English Reading,202,265,76.23
2015-2016,Division,32,Fluvanna County,,,English:Reading,8,Grade 8,SOL,English Reading,203,264,76.89
2015-2016,School,39,Greene County,20,Nathanael Greene Elementary,English:Reading,3,Grade 3,SOL,English Reading,97,136,71.32
2015-2016,School,39,Greene County,30,Ruckersville Elementary,English:Reading,3,Grade 3,SOL,English Reading,61,93,65.59
2015-2016,School,39,Greene County,71,William Monroe Middle,English:Reading,8,Grade 8,SOL,English Reading,165,238,69.33
2015-2016,Division,39,Greene County,,,English:Reading,3,Grade 3,SOL,English Reading,158,230,68.70
2015-2016,Division,39,Greene County,,,English:Reading,8,Grade 8,SOL,English Reading,165,241,68.46
2015-2016,School,54,Louisa County,660,Jouett Elementary,English:Reading,3,Grade 3,SOL,English Reading,74,88,84.09
2015-2016,School,54,Louisa County,601,Louisa County Middle,English:Reading,8,Grade 8,SOL,English Reading,288,377,76.39
2015-2016,School,54,Louisa County,80,Moss-Nuckols Elementary,English:Reading,3,Grade 3,SOL,English Reading,68,92,73.91
2015-2016,School,54,Louisa County,610,Thomas Jefferson Elementary,English:Reading,3,Grade 3,SOL,English Reading,78,97,80.41
2015-2016,School,54,Louisa County,641,Trevilians Elementary,English:Reading,3,Grade 3,SOL,English Reading,52,71,73.24
2015-2016,Division,54,Louisa County,,,English:Reading,3,Grade 3,SOL,English Reading,272,350,77.71
2015-2016,Division,54,Louisa County,,,English:Reading,8,Grade 8,SOL,English Reading,288,378,76.19
2015-2016,School,62,Nelson County,730,Nelson Middle,English:Reading,8,Grade 8,SOL,English Reading,101,141,71.63
2015-2016,School,62,Nelson County,10,Rockfish River Elementary,English:Reading,3,Grade 3,SOL,English Reading,43,56,76.79
2015-2016,School,62,Nelson County,20,Tye River Elementary,English:Reading,3,Grade 3,SOL,English Reading,49,82,59.76
2015-2016,Division,62,Nelson County,,,English:Reading,3,Grade 3,SOL,English Reading,92,140,65.71
2015-2016,Division,62,Nelson County,,,English:Reading,8,Grade 8,SOL,English Reading,101,142,71.13
2016-2017,School,2,Albemarle County,160,Agnor-Hurt Elementary,English:Reading,3,Grade 3,SOL,English Reading,48,79,60.76
2016-2017,School,2,Albemarle County,1060,Albemarle County Community Public Charter,English:Reading,8,Grade 8,SOL,English Reading,13,18,72.22
2016-2017,School,2,Albemarle County,1053,Baker-Butler Elem,English:Reading,3,Grade 3,SOL,English Reading,82,107,76.64
2016-2017,School,2,Albemarle County,900,Benjamin F. Yancey Elementary,English:Reading,3,Grade 3,SOL,English Reading,<,14,<50
2016-2017,School,2,Albemarle County,100,Broadus Wood Elementary,English:Reading,3,Grade 3,SOL,English Reading,27,42,64.29
2016-2017,School,2,Albemarle County,941,Brownsville Elementary,English:Reading,3,Grade 3,SOL,English Reading,103,121,85.12
2016-2017,School,2,Albemarle County,340,Crozet Elementary,English:Reading,3,Grade 3,SOL,English Reading,42,67,62.69
2016-2017,School,2,Albemarle County,10,Hollymead Elementary,English:Reading,3,Grade 3,SOL,English Reading,74,83,89.16
2016-2017,School,2,Albemarle County,950,Jack Jouett Middle,English:Reading,8,Grade 8,SOL,English Reading,132,183,72.13
2016-2017,School,2,Albemarle County,69,Jackson P. Burley Middle,English:Reading,8,Grade 8,SOL,English Reading,137,183,74.86
2016-2017,School,2,Albemarle County,942,Joseph T. Henley Middle,English:Reading,8,Grade 8,SOL,English Reading,230,271,84.87
2016-2017,School,2,Albemarle County,20,Leslie H. Walton Middle,English:Reading,8,Grade 8,SOL,English Reading,67,95,70.53
2016-2017,School,2,Albemarle County,40,Mary Carr Greer Elementary,English:Reading,3,Grade 3,SOL,English Reading,37,73,50.68
2016-2017,School,2,Albemarle County,250,Meriwether Lewis Elementary,English:Reading,3,Grade 3,SOL,English Reading,58,72,80.56
2016-2017,School,2,Albemarle County,1051,Mortimer Y. Sutherland Middle,English:Reading,8,Grade 8,SOL,English Reading,147,179,82.12
2016-2017,School,2,Albemarle County,150,Paul H. Cale Elementary,English:Reading,3,Grade 3,SOL,English Reading,56,96,58.33
2016-2017,School,2,Albemarle County,540,Red Hill Elementary,English:Reading,3,Grade 3,SOL,English Reading,9,18,50.00
2016-2017,School,2,Albemarle County,30,Scottsville Elementary,English:Reading,3,Grade 3,SOL,English Reading,24,34,70.59
2016-2017,School,2,Albemarle County,920,Stone Robinson Elementary,English:Reading,3,Grade 3,SOL,English Reading,42,57,73.68
2016-2017,School,2,Albemarle County,240,Stony Point Elementary,English:Reading,3,Grade 3,SOL,English Reading,34,45,75.56
2016-2017,School,2,Albemarle County,910,Virginia L. Murray Elementary,English:Reading,3,Grade 3,SOL,English Reading,41,44,93.18
2016-2017,School,2,Albemarle County,930,Woodbrook Elementary,English:Reading,3,Grade 3,SOL,English Reading,33,49,67.35
2016-2017,Division,2,Albemarle County,,,English:Reading,3,Grade 3,SOL,English Reading,716,"1,011",70.82
2016-2017,Division,2,Albemarle County,,,English:Reading,8,Grade 8,SOL,English Reading,727,933,77.92
2016-2017,School,104,Charlottesville City,100,Buford Middle,English:Reading,8,Grade 8,SOL,English Reading,164,230,71.30
2016-2017,School,104,Charlottesville City,70,Burnley-Moran Elementary,English:Reading,3,Grade 3,SOL,English Reading,63,78,80.77
2016-2017,School,104,Charlottesville City,50,Clark Elementary,English:Reading,3,Grade 3,SOL,English Reading,28,48,58.33
2016-2017,School,104,Charlottesville City,90,Greenbrier Elementary,English:Reading,3,Grade 3,SOL,English Reading,53,70,75.71
2016-2017,School,104,Charlottesville City,120,Jackson-Via Elementary,English:Reading,3,Grade 3,SOL,English Reading,39,57,68.42
2016-2017,School,104,Charlottesville City,10,Johnson Elementary,English:Reading,3,Grade 3,SOL,English Reading,42,61,68.85
2016-2017,School,104,Charlottesville City,40,Venable Elementary,English:Reading,3,Grade 3,SOL,English Reading,50,61,81.97
2016-2017,Division,104,Charlottesville City,,,English:Reading,3,Grade 3,SOL,English Reading,276,382,72.25
2016-2017,Division,104,Charlottesville City,,,English:Reading,8,Grade 8,SOL,English Reading,164,233,70.39
2016-2017,School,32,Fluvanna County,300,Carysbrook Elementary,English:Reading,3,Grade 3,SOL,English Reading,197,261,75.48
2016-2017,School,32,Fluvanna County,260,Fluvanna County High,English:Reading,8,Grade 8,SOL,English Reading,214,279,76.70
2016-2017,Division,32,Fluvanna County,,,English:Reading,3,Grade 3,SOL,English Reading,198,262,75.57
2016-2017,Division,32,Fluvanna County,,,English:Reading,8,Grade 8,SOL,English Reading,215,281,76.51
2016-2017,School,39,Greene County,20,Nathanael Greene Elementary,English:Reading,3,Grade 3,SOL,English Reading,95,145,65.52
2016-2017,School,39,Greene County,30,Ruckersville Elementary,English:Reading,3,Grade 3,SOL,English Reading,62,93,66.67
2016-2017,School,39,Greene County,71,William Monroe Middle,English:Reading,8,Grade 8,SOL,English Reading,183,233,78.54
2016-2017,Division,39,Greene County,,,English:Reading,3,Grade 3,SOL,English Reading,157,238,65.97
2016-2017,Division,39,Greene County,,,English:Reading,8,Grade 8,SOL,English Reading,183,234,78.21
2016-2017,School,54,Louisa County,660,Jouett Elementary,English:Reading,3,Grade 3,SOL,English Reading,64,97,65.98
2016-2017,School,54,Louisa County,601,Louisa County Middle,English:Reading,8,Grade 8,SOL,English Reading,256,342,74.85
2016-2017,School,54,Louisa County,80,Moss-Nuckols Elementary,English:Reading,3,Grade 3,SOL,English Reading,71,100,71.00
2016-2017,School,54,Louisa County,610,Thomas Jefferson Elementary,English:Reading,3,Grade 3,SOL,English Reading,57,91,62.64
2016-2017,School,54,Louisa County,641,Trevilians Elementary,English:Reading,3,Grade 3,SOL,English Reading,58,81,71.60
2016-2017,Division,54,Louisa County,,,English:Reading,3,Grade 3,SOL,English Reading,250,371,67.39
2016-2017,Division,54,Louisa County,,,English:Reading,8,Grade 8,SOL,English Reading,256,343,74.64
2016-2017,School,62,Nelson County,730,Nelson Middle,English:Reading,8,Grade 8,SOL,English Reading,113,153,73.86
2016-2017,School,62,Nelson County,10,Rockfish River Elementary,English:Reading,3,Grade 3,SOL,English Reading,36,57,63.16
2016-2017,School,62,Nelson County,20,Tye River Elementary,English:Reading,3,Grade 3,SOL,English Reading,42,73,57.53
2016-2017,Division,62,Nelson County,,,English:Reading,3,Grade 3,SOL,English Reading,78,131,59.54
2016-2017,Division,62,Nelson County,,,English:Reading,8,Grade 8,SOL,English Reading,113,154,73.38
2017-2018,School,2,Albemarle County,160,Agnor-Hurt Elementary,English:Reading,3,Grade 3,SOL,English Reading,47,72,65.28
2017-2018,School,2,Albemarle County,1060,Albemarle County Community Public Charter,English:Reading,7,Grade 8,SOL,English Reading,<,<,>50
2017-2018,School,2,Albemarle County,1060,Albemarle County Community Public Charter,English:Reading,8,Grade 8,SOL,English Reading,<,12,<50
2017-2018,School,2,Albemarle County,1053,Baker-Butler Elem,English:Reading,3,Grade 3,SOL,English Reading,91,116,78.45
2017-2018,School,2,Albemarle County,100,Broadus Wood Elementary,English:Reading,3,Grade 3,SOL,English Reading,35,42,83.33
2017-2018,School,2,Albemarle County,941,Brownsville Elementary,English:Reading,3,Grade 3,SOL,English Reading,118,135,87.41
2017-2018,School,2,Albemarle County,340,Crozet Elementary,English:Reading,3,Grade 3,SOL,English Reading,38,62,61.29
2017-2018,School,2,Albemarle County,10,Hollymead Elementary,English:Reading,3,Grade 3,SOL,English Reading,63,75,84.00
2017-2018,School,2,Albemarle County,950,Jack Jouett Middle,English:Reading,8,Grade 8,SOL,English Reading,128,182,70.33
2017-2018,School,2,Albemarle County,69,Jackson P. Burley Middle,English:Reading,8,Grade 8,SOL,English Reading,122,177,68.93
2017-2018,School,2,Albemarle County,942,Joseph T. Henley Middle,English:Reading,8,Grade 8,SOL,English Reading,240,286,83.92
2017-2018,School,2,Albemarle County,20,Leslie H. Walton Middle,English:Reading,8,Grade 8,SOL,English Reading,83,113,73.45
2017-2018,School,2,Albemarle County,40,Mary Carr Greer Elementary,English:Reading,3,Grade 3,SOL,English Reading,46,114,40.35
2017-2018,School,2,Albemarle County,250,Meriwether Lewis Elementary,English:Reading,3,Grade 3,SOL,English Reading,60,74,81.08
2017-2018,School,2,Albemarle County,1051,Mortimer Y. Sutherland Middle,English:Reading,8,Grade 8,SOL,English Reading,180,205,87.80
2017-2018,School,2,Albemarle County,150,Paul H. Cale Elementary,English:Reading,3,Grade 3,SOL,English Reading,64,115,55.65
2017-2018,School,2,Albemarle County,540,Red Hill Elementary,English:Reading,3,Grade 3,SOL,English Reading,19,33,57.58
2017-2018,School,2,Albemarle County,30,Scottsville Elementary,English:Reading,3,Grade 3,SOL,English Reading,23,35,65.71
2017-2018,School,2,Albemarle County,920,Stone Robinson Elementary,English:Reading,3,Grade 3,SOL,English Reading,63,76,82.89
2017-2018,School,2,Albemarle County,240,Stony Point Elementary,English:Reading,3,Grade 3,SOL,English Reading,25,39,64.10
2017-2018,School,2,Albemarle County,910,Virginia L. Murray Elementary,English:Reading,3,Grade 3,SOL,English Reading,34,37,91.89
2017-2018,School,2,Albemarle County,930,Woodbrook Elementary,English:Reading,3,Grade 3,SOL,English Reading,48,68,70.59
2017-2018,Division,2,Albemarle County,,,English:Reading,3,Grade 3,SOL,English Reading,774,"1,098",70.49
2017-2018,Division,2,Albemarle County,,,English:Reading,7,Grade 8,SOL,English Reading,<,<,>50
2017-2018,Division,2,Albemarle County,,,English:Reading,8,Grade 8,SOL,English Reading,758,980,77.35
2017-2018,School,104,Charlottesville City,100,Buford Middle,English:Reading,8,Grade 8,SOL,English Reading,157,244,64.34
2017-2018,School,104,Charlottesville City,70,Burnley-Moran Elementary,English:Reading,3,Grade 3,SOL,English Reading,46,69,66.67
2017-2018,School,104,Charlottesville City,50,Clark Elementary,English:Reading,3,Grade 3,SOL,English Reading,25,47,53.19
2017-2018,School,104,Charlottesville City,90,Greenbrier Elementary,English:Reading,3,Grade 3,SOL,English Reading,53,73,72.60
2017-2018,School,104,Charlottesville City,120,Jackson-Via Elementary,English:Reading,3,Grade 3,SOL,English Reading,24,56,42.86
2017-2018,School,104,Charlottesville City,10,Johnson Elementary,English:Reading,3,Grade 3,SOL,English Reading,34,57,59.65
2017-2018,School,104,Charlottesville City,40,Venable Elementary,English:Reading,3,Grade 3,SOL,English Reading,46,56,82.14
2017-2018,Division,104,Charlottesville City,,,English:Reading,3,Grade 3,SOL,English Reading,228,363,62.81
2017-2018,Division,104,Charlottesville City,,,English:Reading,8,Grade 8,SOL,English Reading,157,247,63.56
2017-2018,School,32,Fluvanna County,300,Carysbrook Elementary,English:Reading,3,Grade 3,SOL,English Reading,196,251,78.09
2017-2018,School,32,Fluvanna County,260,Fluvanna County High,English:Reading,8,Grade 8,SOL,English Reading,241,308,78.25
2017-2018,Division,32,Fluvanna County,,,English:Reading,3,Grade 3,SOL,English Reading,196,252,77.78
2017-2018,Division,32,Fluvanna County,,,English:Reading,8,Grade 8,SOL,English Reading,241,309,77.99
2017-2018,School,39,Greene County,20,Nathanael Greene Elementary,English:Reading,3,Grade 3,SOL,English Reading,87,127,68.50
2017-2018,School,39,Greene County,30,Ruckersville Elementary,English:Reading,3,Grade 3,SOL,English Reading,76,123,61.79
2017-2018,School,39,Greene County,71,William Monroe Middle,English:Reading,8,Grade 8,SOL,English Reading,180,244,73.77
2017-2018,Division,39,Greene County,,,English:Reading,3,Grade 3,SOL,English Reading,163,250,65.20
2017-2018,Division,39,Greene County,,,English:Reading,8,Grade 8,SOL,English Reading,181,245,73.88
2017-2018,School,54,Louisa County,660,Jouett Elementary,English:Reading,3,Grade 3,SOL,English Reading,73,99,73.74
2017-2018,School,54,Louisa County,601,Louisa County Middle,English:Reading,8,Grade 8,SOL,English Reading,270,357,75.63
2017-2018,School,54,Louisa County,80,Moss-Nuckols Elementary,English:Reading,3,Grade 3,SOL,English Reading,64,97,65.98
2017-2018,School,54,Louisa County,610,Thomas Jefferson Elementary,English:Reading,3,Grade 3,SOL,English Reading,67,103,65.05
2017-2018,School,54,Louisa County,641,Trevilians Elementary,English:Reading,3,Grade 3,SOL,English Reading,53,74,71.62
2017-2018,Division,54,Louisa County,,,English:Reading,3,Grade 3,SOL,English Reading,257,375,68.53
2017-2018,Division,54,Louisa County,,,English:Reading,8,Grade 8,SOL,English Reading,270,360,75.00
2017-2018,School,62,Nelson County,730,Nelson Middle,English:Reading,8,Grade 8,SOL,English Reading,115,152,75.66
2017-2018,School,62,Nelson County,10,Rockfish River Elementary,English:Reading,3,Grade 3,SOL,English Reading,44,58,75.86
2017-2018,School,62,Nelson County,20,Tye River Elementary,English:Reading,3,Grade 3,SOL,English Reading,43,73,58.90
2017-2018,Division,62,Nelson County,,,English:Reading,3,Grade 3,SOL,English Reading,87,131,66.41
2017-2018,Division,62,Nelson County,,,English:Reading,8,Grade 8,SOL,English Reading,115,153,75.16
2018-2019,School,2,Albemarle County,160,Agnor-Hurt Elementary,English:Reading,3,Grade 3,SOL,English Reading,49,81,60.49
2018-2019,School,2,Albemarle County,1060,Albemarle County Community Public Charter,English:Reading,8,Grade 8,SOL,English Reading,11,17,64.71
2018-2019,School,2,Albemarle County,1053,Baker-Butler Elem,English:Reading,3,Grade 3,SOL,English Reading,76,91,83.52
2018-2019,School,2,Albemarle County,100,Broadus Wood Elementary,English:Reading,3,Grade 3,SOL,English Reading,34,44,77.27
2018-2019,School,2,Albemarle County,941,Brownsville Elementary,English:Reading,3,Grade 3,SOL,English Reading,103,131,78.63
2018-2019,School,2,Albemarle County,340,Crozet Elementary,English:Reading,3,Grade 3,SOL,English Reading,31,62,50.00
2018-2019,School,2,Albemarle County,10,Hollymead Elementary,English:Reading,3,Grade 3,SOL,English Reading,62,67,92.54
2018-2019,School,2,Albemarle County,950,Jack Jouett Middle,English:Reading,8,Grade 8,SOL,English Reading,145,193,75.13
2018-2019,School,2,Albemarle County,69,Jackson P. Burley Middle,English:Reading,8,Grade 8,SOL,English Reading,142,201,70.65
2018-2019,School,2,Albemarle County,942,Joseph T. Henley Middle,English:Reading,8,Grade 8,SOL,English Reading,263,299,87.96
2018-2019,School,2,Albemarle County,20,Leslie H. Walton Middle,English:Reading,8,Grade 8,SOL,English Reading,96,128,75.00
2018-2019,School,2,Albemarle County,40,Mary Carr Greer Elementary,English:Reading,3,Grade 3,SOL,English Reading,39,72,54.17
2018-2019,School,2,Albemarle County,250,Meriwether Lewis Elementary,English:Reading,3,Grade 3,SOL,English Reading,64,78,82.05
2018-2019,School,2,Albemarle County,1051,Mortimer Y. Sutherland Middle,English:Reading,8,Grade 8,SOL,English Reading,141,169,83.43
2018-2019,School,2,Albemarle County,150,Paul H. Cale Elementary,English:Reading,3,Grade 3,SOL,English Reading,54,91,59.34
2018-2019,School,2,Albemarle County,540,Red Hill Elementary,English:Reading,3,Grade 3,SOL,English Reading,15,29,51.72
2018-2019,School,2,Albemarle County,30,Scottsville Elementary,English:Reading,3,Grade 3,SOL,English Reading,25,39,64.10
2018-2019,School,2,Albemarle County,920,Stone Robinson Elementary,English:Reading,3,Grade 3,SOL,English Reading,35,54,64.81
2018-2019,School,2,Albemarle County,240,Stony Point Elementary,English:Reading,3,Grade 3,SOL,English Reading,28,38,73.68
2018-2019,School,2,Albemarle County,910,Virginia L. Murray Elementary,English:Reading,3,Grade 3,SOL,English Reading,39,44,88.64
2018-2019,School,2,Albemarle County,930,Woodbrook Elementary,English:Reading,3,Grade 3,SOL,English Reading,46,79,58.23
2018-2019,Division,2,Albemarle County,,,English:Reading,3,Grade 3,SOL,English Reading,700,"1,003",69.79
2018-2019,Division,2,Albemarle County,,,English:Reading,8,Grade 8,SOL,English Reading,801,"1,012",79.15
2018-2019,School,104,Charlottesville City,100,Buford Middle,English:Reading,8,Grade 8,SOL,English Reading,170,255,66.67
2018-2019,School,104,Charlottesville City,70,Burnley-Moran Elementary,English:Reading,3,Grade 3,SOL,English Reading,51,68,75.00
2018-2019,School,104,Charlottesville City,50,Clark Elementary,English:Reading,3,Grade 3,SOL,English Reading,31,48,64.58
2018-2019,School,104,Charlottesville City,90,Greenbrier Elementary,English:Reading,3,Grade 3,SOL,English Reading,63,89,70.79
2018-2019,School,104,Charlottesville City,120,Jackson-Via Elementary,English:Reading,3,Grade 3,SOL,English Reading,37,57,64.91
2018-2019,School,104,Charlottesville City,10,Johnson Elementary,English:Reading,3,Grade 3,SOL,English Reading,35,55,63.64
2018-2019,School,104,Charlottesville City,40,Venable Elementary,English:Reading,3,Grade 3,SOL,English Reading,49,59,83.05
2018-2019,Division,104,Charlottesville City,,,English:Reading,3,Grade 3,SOL,English Reading,266,378,70.37
2018-2019,Division,104,Charlottesville City,,,English:Reading,8,Grade 8,SOL,English Reading,170,257,66.15
2018-2019,School,32,Fluvanna County,300,Carysbrook Elementary,English:Reading,3,Grade 3,SOL,English Reading,146,224,65.18
2018-2019,School,32,Fluvanna County,260,Fluvanna County High,English:Reading,8,Grade 8,SOL,English Reading,214,293,73.04
2018-2019,Division,32,Fluvanna County,,,English:Reading,3,Grade 3,SOL,English Reading,146,225,64.89
2018-2019,Division,32,Fluvanna County,,,English:Reading,8,Grade 8,SOL,English Reading,215,294,73.13
2018-2019,School,39,Greene County,20,Nathanael Greene Elementary,English:Reading,3,Grade 3,SOL,English Reading,66,105,62.86
2018-2019,School,39,Greene County,30,Ruckersville Elementary,English:Reading,3,Grade 3,SOL,English Reading,64,107,59.81
2018-2019,School,39,Greene County,71,William Monroe Middle,English:Reading,8,Grade 8,SOL,English Reading,160,233,68.67
2018-2019,Division,39,Greene County,,,English:Reading,3,Grade 3,SOL,English Reading,130,212,61.32
2018-2019,Division,39,Greene County,,,English:Reading,8,Grade 8,SOL,English Reading,160,235,68.09
2018-2019,School,54,Louisa County,660,Jouett Elementary,English:Reading,3,Grade 3,SOL,English Reading,68,93,73.12
2018-2019,School,54,Louisa County,601,Louisa County Middle,English:Reading,8,Grade 8,SOL,English Reading,266,365,72.88
2018-2019,School,54,Louisa County,80,Moss-Nuckols Elementary,English:Reading,3,Grade 3,SOL,English Reading,65,92,70.65
2018-2019,School,54,Louisa County,610,Thomas Jefferson Elementary,English:Reading,3,Grade 3,SOL,English Reading,69,94,73.40
2018-2019,School,54,Louisa County,641,Trevilians Elementary,English:Reading,3,Grade 3,SOL,English Reading,54,79,68.35
2018-2019,Division,54,Louisa County,,,English:Reading,3,Grade 3,SOL,English Reading,257,360,71.39
2018-2019,Division,54,Louisa County,,,English:Reading,8,Grade 8,SOL,English Reading,267,370,72.16
2018-2019,School,62,Nelson County,730,Nelson Middle,English:Reading,8,Grade 8,SOL,English Reading,89,121,73.55
2018-2019,School,62,Nelson County,10,Rockfish River Elementary,English:Reading,3,Grade 3,SOL,English Reading,32,50,64.00
2018-2019,School,62,Nelson County,20,Tye River Elementary,English:Reading,3,Grade 3,SOL,English Reading,34,63,53.97
2018-2019,Division,62,Nelson County,,,English:Reading,3,Grade 3,SOL,English Reading,66,113,58.41
2018-2019,Division,62,Nelson County,,,English:Reading,8,Grade 8,SOL,English Reading,90,124,72.58