division_name,ayear,grade,total_count,pass_count,pass_rate,pass_proficient_count,pass_proficient_rate,pass_advanced_count,pass_advanced_rate,min_grade,years_from_start,cohort,race,average,black,division_use
Albemarle County,2006,3,833,732,87.88,343,41.18,389,46.7,3,0,2005,All,87.88,65.88,albemarle_county
Albemarle County,2007,4,857,782,91.25,276,32.21,506,59.04,3,1,2005,All,91.25,81.25,albemarle_county
Albemarle County,2008,5,824,762,92.48,340,41.26,422,51.21,3,2,2005,All,92.48,84.85,albemarle_county
Albemarle County,2009,6,858,766,89.28,368,42.89,398,46.39,3,3,2005,All,89.28,72.22,albemarle_county
Albemarle County,2010,7,890,811,91.12,385,43.26,426,47.87,3,4,2005,All,91.12,77.67,albemarle_county
Albemarle County,2011,8,937,881,94.02,359,38.31,522,55.71,3,5,2005,All,94.02,82.47,albemarle_county
Albemarle County,2006,3,85,56,65.88,42,49.41,14,16.47,3,0,2005,Black,87.88,65.88,albemarle_county
Albemarle County,2007,4,96,78,81.25,46,47.92,32,33.33,3,1,2005,Black,91.25,81.25,albemarle_county
Albemarle County,2008,5,99,84,84.85,61,61.62,23,23.23,3,2,2005,Black,92.48,84.85,albemarle_county
Albemarle County,2009,6,108,78,72.22,63,58.33,15,13.89,3,3,2005,Black,89.28,72.22,albemarle_county
Albemarle County,2010,7,103,80,77.67,62,60.19,18,17.48,3,4,2005,Black,91.12,77.67,albemarle_county
Albemarle County,2011,8,97,80,82.47,54,55.67,26,26.8,3,5,2005,Black,94.02,82.47,albemarle_county
Albemarle County,2006,3,667,603,90.4,261,39.13,342,51.27,3,0,2005,White,87.88,65.88,albemarle_county
Albemarle County,2007,4,665,621,93.38,202,30.38,419,63.01,3,1,2005,White,91.25,81.25,albemarle_county
Albemarle County,2008,5,633,596,94.15,234,36.97,362,57.19,3,2,2005,White,92.48,84.85,albemarle_county
Albemarle County,2009,6,652,605,92.79,264,40.49,341,52.3,3,3,2005,White,89.28,72.22,albemarle_county
Albemarle County,2010,7,685,639,93.28,274,40,365,53.28,3,4,2005,White,91.12,77.67,albemarle_county
Albemarle County,2011,8,670,644,96.12,228,34.03,416,62.09,3,5,2005,White,94.02,82.47,albemarle_county
Charlottesville City,2006,3,281,218,77.58,99,35.23,119,42.35,3,0,2005,All,77.58,65.63,charlottesville_city
Charlottesville City,2007,4,271,229,84.5,114,42.07,115,42.44,3,1,2005,All,84.5,76.67,charlottesville_city
Charlottesville City,2008,5,245,191,77.96,106,43.27,85,34.69,3,2,2005,All,77.96,63.46,charlottesville_city
Charlottesville City,2009,6,235,198,84.26,112,47.66,86,36.6,3,3,2005,All,84.26,72.73,charlottesville_city
Charlottesville City,2010,7,209,167,79.9,86,41.15,81,38.76,3,4,2005,All,79.9,65.31,charlottesville_city
Charlottesville City,2011,8,237,187,78.9,104,43.88,83,35.02,3,5,2005,All,78.9,66.37,charlottesville_city
Charlottesville City,2006,3,128,84,65.63,53,41.41,31,24.22,3,0,2005,Black,77.58,65.63,charlottesville_city
Charlottesville City,2007,4,120,92,76.67,66,55,26,21.67,3,1,2005,Black,84.5,76.67,charlottesville_city
Charlottesville City,2008,5,104,66,63.46,55,52.88,11,10.58,3,2,2005,Black,77.96,63.46,charlottesville_city
Charlottesville City,2009,6,99,72,72.73,56,56.57,16,16.16,3,3,2005,Black,84.26,72.73,charlottesville_city
Charlottesville City,2010,7,98,64,65.31,50,51.02,14,14.29,3,4,2005,Black,79.9,65.31,charlottesville_city
Charlottesville City,2011,8,113,75,66.37,63,55.75,12,10.62,3,5,2005,Black,78.9,66.37,charlottesville_city
Charlottesville City,2006,3,129,112,86.82,33,25.58,79,61.24,3,0,2005,White,77.58,65.63,charlottesville_city
Charlottesville City,2007,4,122,112,91.8,33,27.05,79,64.75,3,1,2005,White,84.5,76.67,charlottesville_city
Charlottesville City,2008,5,114,105,92.11,35,30.7,70,61.4,3,2,2005,White,77.96,63.46,charlottesville_city
Charlottesville City,2009,6,110,105,95.45,40,36.36,65,59.09,3,3,2005,White,84.26,72.73,charlottesville_city
Charlottesville City,2010,7,93,89,95.7,26,27.96,63,67.74,3,4,2005,White,79.9,65.31,charlottesville_city
Charlottesville City,2011,8,101,92,91.09,25,24.75,67,66.34,3,5,2005,White,78.9,66.37,charlottesville_city
Fluvanna County,2006,3,277,214,77.26,121,43.68,93,33.57,3,0,2005,All,77.26,67.44,fluvanna_county
Fluvanna County,2007,4,286,231,80.77,115,40.21,116,40.56,3,1,2005,All,80.77,62,fluvanna_county
Fluvanna County,2008,5,275,236,85.82,133,48.36,103,37.45,3,2,2005,All,85.82,75,fluvanna_county
Fluvanna County,2009,6,284,253,89.08,151,53.17,102,35.92,3,3,2005,All,89.08,83.33,fluvanna_county
Fluvanna County,2010,7,288,255,88.54,129,44.79,126,43.75,3,4,2005,All,88.54,87.76,fluvanna_county
Fluvanna County,2011,8,314,286,91.08,184,58.6,102,32.48,3,5,2005,All,91.08,93.02,fluvanna_county
Fluvanna County,2006,3,43,29,67.44,18,41.86,11,25.58,3,0,2005,Black,77.26,67.44,fluvanna_county
Fluvanna County,2007,4,50,31,62,19,38,12,24,3,1,2005,Black,80.77,62,fluvanna_county
Fluvanna County,2008,5,44,33,75,26,59.09,7,15.91,3,2,2005,Black,85.82,75,fluvanna_county
Fluvanna County,2009,6,48,40,83.33,32,66.67,8,16.67,3,3,2005,Black,89.08,83.33,fluvanna_county
Fluvanna County,2010,7,49,43,87.76,31,63.27,12,24.49,3,4,2005,Black,88.54,87.76,fluvanna_county
Fluvanna County,2011,8,43,40,93.02,34,79.07,6,13.95,3,5,2005,Black,91.08,93.02,fluvanna_county
Fluvanna County,2006,3,229,180,78.6,99,43.23,81,35.37,3,0,2005,White,77.26,67.44,fluvanna_county
Fluvanna County,2007,4,223,191,85.65,89,39.91,102,45.74,3,1,2005,White,80.77,62,fluvanna_county
Fluvanna County,2008,5,219,194,88.58,102,46.58,92,42.01,3,2,2005,White,85.82,75,fluvanna_county
Fluvanna County,2009,6,220,200,90.91,110,50,90,40.91,3,3,2005,White,89.08,83.33,fluvanna_county
Fluvanna County,2010,7,225,201,89.33,94,41.78,107,47.56,3,4,2005,White,88.54,87.76,fluvanna_county
Fluvanna County,2011,8,234,213,91.03,128,54.7,85,36.32,3,5,2005,White,91.08,93.02,fluvanna_county
Greene County,2006,3,212,168,79.25,100,47.17,68,32.08,3,0,2005,All,79.25,68.42,greene_county
Greene County,2007,4,210,178,84.76,102,48.57,76,36.19,3,1,2005,All,84.76,70.59,greene_county
Greene County,2008,5,208,185,88.94,112,53.85,73,35.1,3,2,2005,All,88.94,82.35,greene_county
Greene County,2009,6,206,161,78.16,94,45.63,67,32.52,3,3,2005,All,78.16,56.25,greene_county
Greene County,2010,7,207,176,85.02,93,44.93,83,40.1,3,4,2005,All,85.02,70.59,greene_county
Greene County,2011,8,224,207,92.41,101,45.09,106,47.32,3,5,2005,All,92.41,87.5,greene_county
Greene County,2006,3,19,13,68.42,11,57.89,2,10.53,3,0,2005,Black,79.25,68.42,greene_county
Greene County,2007,4,17,12,70.59,8,47.06,4,23.53,3,1,2005,Black,84.76,70.59,greene_county
Greene County,2008,5,17,14,82.35,10,58.82,4,23.53,3,2,2005,Black,88.94,82.35,greene_county
Greene County,2009,6,16,9,56.25,6,37.5,3,18.75,3,3,2005,Black,78.16,56.25,greene_county
Greene County,2010,7,17,12,70.59,10,58.82,2,11.76,3,4,2005,Black,85.02,70.59,greene_county
Greene County,2011,8,16,14,87.5,9,56.25,5,31.25,3,5,2005,Black,92.41,87.5,greene_county
Greene County,2006,3,172,140,81.4,79,45.93,61,35.47,3,0,2005,White,79.25,68.42,greene_county
Greene County,2007,4,177,154,87.01,89,50.28,65,36.72,3,1,2005,White,84.76,70.59,greene_county
Greene County,2008,5,173,157,90.75,92,53.18,65,37.57,3,2,2005,White,88.94,82.35,greene_county
Greene County,2009,6,172,139,80.81,83,48.26,56,32.56,3,3,2005,White,78.16,56.25,greene_county
Greene County,2010,7,173,153,88.44,78,45.09,75,43.35,3,4,2005,White,85.02,70.59,greene_county
Greene County,2011,8,181,168,92.82,82,45.3,86,47.51,3,5,2005,White,92.41,87.5,greene_county
Nelson County,2006,3,122,106,86.89,62,50.82,44,36.07,3,0,2005,All,86.89,88.24,nelson_county
Nelson County,2007,4,138,123,89.13,59,42.75,64,46.38,3,1,2005,All,89.13,81.48,nelson_county
Nelson County,2008,5,133,123,92.48,72,54.14,51,38.35,3,2,2005,All,92.48,89.66,nelson_county
Nelson County,2009,6,123,108,87.8,52,42.28,56,45.53,3,3,2005,All,87.8,86.96,nelson_county
Nelson County,2010,7,116,105,90.52,52,44.83,53,45.69,3,4,2005,All,90.52,90,nelson_county
Nelson County,2011,8,135,126,93.33,60,44.44,66,48.89,3,5,2005,All,93.33,90,nelson_county
Nelson County,2006,3,17,15,88.24,12,70.59,3,17.65,3,0,2005,Black,86.89,88.24,nelson_county
Nelson County,2007,4,27,22,81.48,12,44.44,10,37.04,3,1,2005,Black,89.13,81.48,nelson_county
Nelson County,2008,5,29,26,89.66,23,79.31,3,10.34,3,2,2005,Black,92.48,89.66,nelson_county
Nelson County,2009,6,23,20,86.96,15,65.22,5,21.74,3,3,2005,Black,87.8,86.96,nelson_county
Nelson County,2010,7,20,18,90,13,65,5,25,3,4,2005,Black,90.52,90,nelson_county
Nelson County,2011,8,20,18,90,13,65,5,25,3,5,2005,Black,93.33,90,nelson_county
Nelson County,2006,3,93,81,87.1,46,49.46,35,37.63,3,0,2005,White,86.89,88.24,nelson_county
Nelson County,2007,4,100,90,90,40,40,50,50,3,1,2005,White,89.13,81.48,nelson_county
Nelson County,2008,5,93,87,93.55,42,45.16,45,48.39,3,2,2005,White,92.48,89.66,nelson_county
Nelson County,2009,6,92,81,88.04,32,34.78,49,53.26,3,3,2005,White,87.8,86.96,nelson_county
Nelson County,2010,7,87,79,90.8,35,40.23,44,50.57,3,4,2005,White,90.52,90,nelson_county
Nelson County,2011,8,99,93,93.94,38,38.38,55,55.56,3,5,2005,White,93.33,90,nelson_county
Orange County,2006,3,341,253,74.19,155,45.45,98,28.74,3,0,2005,All,74.19,54.39,orange_county
Orange County,2007,4,360,281,78.06,141,39.17,140,38.89,3,1,2005,All,78.06,48.21,orange_county
Orange County,2008,5,362,308,85.08,175,48.34,133,36.74,3,2,2005,All,85.08,70.49,orange_county
Orange County,2009,6,350,294,84,182,52,112,32,3,3,2005,All,84,75.44,orange_county
Orange County,2010,7,346,281,81.21,154,44.51,127,36.71,3,4,2005,All,81.21,58.62,orange_county
Orange County,2011,8,412,343,83.25,173,41.99,170,41.26,3,5,2005,All,83.25,66.15,orange_county
Orange County,2006,3,57,31,54.39,24,42.11,7,12.28,3,0,2005,Black,74.19,54.39,orange_county
Orange County,2007,4,56,27,48.21,19,33.93,8,14.29,3,1,2005,Black,78.06,48.21,orange_county
Orange County,2008,5,61,43,70.49,34,55.74,9,14.75,3,2,2005,Black,85.08,70.49,orange_county
Orange County,2009,6,57,43,75.44,40,70.18,3,5.26,3,3,2005,Black,84,75.44,orange_county
Orange County,2010,7,58,34,58.62,28,48.28,6,10.34,3,4,2005,Black,81.21,58.62,orange_county
Orange County,2011,8,65,43,66.15,27,41.54,16,24.62,3,5,2005,Black,83.25,66.15,orange_county
Orange County,2006,3,274,214,78.1,127,46.35,87,31.75,3,0,2005,White,74.19,54.39,orange_county
Orange County,2007,4,283,236,83.39,112,39.58,124,43.82,3,1,2005,White,78.06,48.21,orange_county
Orange County,2008,5,286,253,88.46,135,47.2,118,41.26,3,2,2005,White,85.08,70.49,orange_county
Orange County,2009,6,278,239,85.97,133,47.84,106,38.13,3,3,2005,White,84,75.44,orange_county
Orange County,2010,7,278,240,86.33,124,44.6,116,41.73,3,4,2005,White,81.21,58.62,orange_county
Orange County,2011,8,308,261,84.74,120,38.96,141,45.78,3,5,2005,White,83.25,66.15,orange_county
Albemarle County,2007,3,894,755,84.45,322,36.02,433,48.43,3,0,2006,All,84.45,61.72,albemarle_county
Albemarle County,2008,4,912,833,91.34,314,34.43,519,56.91,3,1,2006,All,91.34,73.17,albemarle_county
Albemarle County,2009,5,894,840,93.96,396,44.3,444,49.66,3,2,2006,All,93.96,80.99,albemarle_county
Albemarle County,2010,6,891,801,89.9,381,42.76,420,47.14,3,3,2006,All,89.9,69.42,albemarle_county
Albemarle County,2011,7,939,859,91.48,384,40.89,475,50.59,3,4,2006,All,91.48,73.21,albemarle_county
Albemarle County,2012,8,940,868,92.34,347,36.91,521,55.43,3,5,2006,All,92.34,76.72,albemarle_county
Albemarle County,2007,3,128,79,61.72,52,40.63,27,21.09,3,0,2006,Black,84.45,61.72,albemarle_county
Albemarle County,2008,4,123,90,73.17,60,48.78,30,24.39,3,1,2006,Black,91.34,73.17,albemarle_county
Albemarle County,2009,5,121,98,80.99,70,57.85,28,23.14,3,2,2006,Black,93.96,80.99,albemarle_county
Albemarle County,2010,6,121,84,69.42,64,52.89,20,16.53,3,3,2006,Black,89.9,69.42,albemarle_county
Albemarle County,2011,7,112,82,73.21,60,53.57,22,19.64,3,4,2006,Black,91.48,73.21,albemarle_county
Albemarle County,2012,8,116,89,76.72,62,53.45,27,23.28,3,5,2006,Black,92.34,76.72,albemarle_county
Albemarle County,2007,3,681,605,88.84,241,35.39,364,53.45,3,0,2006,White,84.45,61.72,albemarle_county
Albemarle County,2008,4,699,663,94.85,227,32.47,436,62.37,3,1,2006,White,91.34,73.17,albemarle_county
Albemarle County,2009,5,689,665,96.52,284,41.22,381,55.3,3,2,2006,White,93.96,80.99,albemarle_county
Albemarle County,2010,6,687,643,93.6,274,39.88,369,53.71,3,3,2006,White,89.9,69.42,albemarle_county
Albemarle County,2011,7,694,656,94.52,257,37.03,399,57.49,3,4,2006,White,91.48,73.21,albemarle_county
Albemarle County,2012,8,687,655,95.34,223,32.46,432,62.88,3,5,2006,White,92.34,76.72,albemarle_county
Charlottesville City,2007,3,258,206,79.84,97,37.6,109,42.25,3,0,2006,All,79.84,64.81,charlottesville_city
Charlottesville City,2008,4,242,221,91.32,97,40.08,124,51.24,3,1,2006,All,91.32,84.31,charlottesville_city
Charlottesville City,2009,5,232,197,84.91,113,48.71,84,36.21,3,2,2006,All,84.91,76.77,charlottesville_city
Charlottesville City,2010,6,230,181,78.7,85,36.96,96,41.74,3,3,2006,All,78.7,61.22,charlottesville_city
Charlottesville City,2011,7,223,173,77.58,95,42.6,78,34.98,3,4,2006,All,77.58,60.4,charlottesville_city
Charlottesville City,2012,8,222,181,81.53,94,42.34,87,39.19,3,5,2006,All,81.53,66.04,charlottesville_city
Charlottesville City,2007,3,108,70,64.81,47,43.52,23,21.3,3,0,2006,Black,79.84,64.81,charlottesville_city
Charlottesville City,2008,4,102,86,84.31,54,52.94,32,31.37,3,1,2006,Black,91.32,84.31,charlottesville_city
Charlottesville City,2009,5,99,76,76.77,69,69.7,7,7.07,3,2,2006,Black,84.91,76.77,charlottesville_city
Charlottesville City,2010,6,98,60,61.22,49,50,11,11.22,3,3,2006,Black,78.7,61.22,charlottesville_city
Charlottesville City,2011,7,101,61,60.4,50,49.5,11,10.89,3,4,2006,Black,77.58,60.4,charlottesville_city
Charlottesville City,2012,8,106,70,66.04,57,53.77,13,12.26,3,5,2006,Black,81.53,66.04,charlottesville_city
Charlottesville City,2007,3,121,112,92.56,39,32.23,73,60.33,3,0,2006,White,79.84,64.81,charlottesville_city
Charlottesville City,2008,4,106,102,96.23,27,25.47,75,70.75,3,1,2006,White,91.32,84.31,charlottesville_city
Charlottesville City,2009,5,106,96,90.57,28,26.42,68,64.15,3,2,2006,White,84.91,76.77,charlottesville_city
Charlottesville City,2010,6,103,96,93.2,24,23.3,72,69.9,3,3,2006,White,78.7,61.22,charlottesville_city
Charlottesville City,2011,7,91,85,93.41,28,30.77,57,62.64,3,4,2006,White,77.58,60.4,charlottesville_city
Charlottesville City,2012,8,85,84,98.82,20,23.53,64,75.29,3,5,2006,White,81.53,66.04,charlottesville_city
Fluvanna County,2007,3,282,220,78.01,142,50.35,78,27.66,3,0,2006,All,78.01,58.7,fluvanna_county
Fluvanna County,2008,4,273,221,80.95,105,38.46,116,42.49,3,1,2006,All,80.95,63.64,fluvanna_county
Fluvanna County,2009,5,271,242,89.3,134,49.45,108,39.85,3,2,2006,All,89.3,77.27,fluvanna_county
Fluvanna County,2010,6,273,231,84.62,116,42.49,115,42.12,3,3,2006,All,84.62,67.39,fluvanna_county
Fluvanna County,2011,7,291,248,85.22,158,54.3,90,30.93,3,4,2006,All,85.22,66.67,fluvanna_county
Fluvanna County,2012,8,307,268,87.3,142,46.25,126,41.04,3,5,2006,All,87.3,82.61,fluvanna_county
Fluvanna County,2007,3,46,27,58.7,21,45.65,6,13.04,3,0,2006,Black,78.01,58.7,fluvanna_county
Fluvanna County,2008,4,44,28,63.64,22,50,6,13.64,3,1,2006,Black,80.95,63.64,fluvanna_county
Fluvanna County,2009,5,44,34,77.27,24,54.55,10,22.73,3,2,2006,Black,89.3,77.27,fluvanna_county
Fluvanna County,2010,6,46,31,67.39,26,56.52,5,10.87,3,3,2006,Black,84.62,67.39,fluvanna_county
Fluvanna County,2011,7,42,28,66.67,21,50,7,16.67,3,4,2006,Black,85.22,66.67,fluvanna_county
Fluvanna County,2012,8,46,38,82.61,32,69.57,6,13.04,3,5,2006,Black,87.3,82.61,fluvanna_county
Fluvanna County,2007,3,224,181,80.8,110,49.11,71,31.7,3,0,2006,White,78.01,58.7,fluvanna_county
Fluvanna County,2008,4,219,184,84.02,79,36.07,105,47.95,3,1,2006,White,80.95,63.64,fluvanna_county
Fluvanna County,2009,5,215,197,91.63,101,46.98,96,44.65,3,2,2006,White,89.3,77.27,fluvanna_county
Fluvanna County,2010,6,218,193,88.53,85,38.99,108,49.54,3,3,2006,White,84.62,67.39,fluvanna_county
Fluvanna County,2011,7,214,189,88.32,117,54.67,72,33.64,3,4,2006,White,85.22,66.67,fluvanna_county
Fluvanna County,2012,8,225,198,88,94,41.78,104,46.22,3,5,2006,White,87.3,82.61,fluvanna_county
Greene County,2007,3,206,150,72.82,95,46.12,55,26.7,3,0,2006,All,72.82,59.26,greene_county
Greene County,2008,4,195,170,87.18,97,49.74,73,37.44,3,1,2006,All,87.18,68,greene_county
Greene County,2009,5,192,160,83.33,118,61.46,42,21.88,3,2,2006,All,83.33,62.96,greene_county
Greene County,2010,6,186,147,79.03,80,43.01,67,36.02,3,3,2006,All,79.03,66.67,greene_county
Greene County,2011,7,189,162,85.71,101,53.44,61,32.28,3,4,2006,All,85.71,80,greene_county
Greene County,2012,8,192,175,91.15,90,46.88,85,44.27,3,5,2006,All,91.15,85.71,greene_county
Greene County,2007,3,27,16,59.26,15,55.56,1,3.7,3,0,2006,Black,72.82,59.26,greene_county
Greene County,2008,4,25,17,68,14,56,3,12,3,1,2006,Black,87.18,68,greene_county
Greene County,2009,5,27,17,62.96,14,51.85,3,11.11,3,2,2006,Black,83.33,62.96,greene_county
Greene County,2010,6,21,14,66.67,11,52.38,3,14.29,3,3,2006,Black,79.03,66.67,greene_county
Greene County,2011,7,20,16,80,15,75,1,5,3,4,2006,Black,85.71,80,greene_county
Greene County,2012,8,21,18,85.71,14,66.67,4,19.05,3,5,2006,Black,91.15,85.71,greene_county
Greene County,2007,3,169,126,74.56,75,44.38,51,30.18,3,0,2006,White,72.82,59.26,greene_county
Greene County,2008,4,155,138,89.03,75,48.39,63,40.65,3,1,2006,White,87.18,68,greene_county
Greene County,2009,5,153,134,87.58,98,64.05,36,23.53,3,2,2006,White,83.33,62.96,greene_county
Greene County,2010,6,153,123,80.39,62,40.52,61,39.87,3,3,2006,White,79.03,66.67,greene_county
Greene County,2011,7,146,128,87.67,72,49.32,56,38.36,3,4,2006,White,85.71,80,greene_county
Greene County,2012,8,148,135,91.22,66,44.59,69,46.62,3,5,2006,White,91.15,85.71,greene_county
Nelson County,2007,3,163,125,76.69,71,43.56,54,33.13,3,0,2006,All,76.69,73.08,nelson_county
Nelson County,2008,4,185,160,86.49,84,45.41,76,41.08,3,1,2006,All,86.49,74.19,nelson_county
Nelson County,2009,5,156,141,90.38,92,58.97,49,31.41,3,2,2006,All,90.38,80,nelson_county
Nelson County,2010,6,159,148,93.08,72,45.28,76,47.8,3,3,2006,All,93.08,90,nelson_county
Nelson County,2011,7,157,146,92.99,94,59.87,52,33.12,3,4,2006,All,92.99,94.74,nelson_county
Nelson County,2012,8,156,144,92.31,66,42.31,78,50,3,5,2006,All,92.31,94.74,nelson_county
Nelson County,2007,3,26,19,73.08,14,53.85,5,19.23,3,0,2006,Black,76.69,73.08,nelson_county
Nelson County,2008,4,31,23,74.19,16,51.61,7,22.58,3,1,2006,Black,86.49,74.19,nelson_county
Nelson County,2009,5,20,16,80,13,65,3,15,3,2,2006,Black,90.38,80,nelson_county
Nelson County,2010,6,20,18,90,12,60,6,30,3,3,2006,Black,93.08,90,nelson_county
Nelson County,2011,7,19,18,94.74,14,73.68,4,21.05,3,4,2006,Black,92.99,94.74,nelson_county
Nelson County,2012,8,19,18,94.74,13,68.42,5,26.32,3,5,2006,Black,92.31,94.74,nelson_county
Nelson County,2007,3,123,99,80.49,54,43.9,45,36.59,3,0,2006,White,76.69,73.08,nelson_county
Nelson County,2008,4,137,125,91.24,62,45.26,63,45.99,3,1,2006,White,86.49,74.19,nelson_county
Nelson County,2009,5,122,112,91.8,69,56.56,43,35.25,3,2,2006,White,90.38,80,nelson_county
Nelson County,2010,6,125,116,92.8,51,40.8,65,52,3,3,2006,White,93.08,90,nelson_county
Nelson County,2011,7,117,111,94.87,68,58.12,43,36.75,3,4,2006,White,92.99,94.74,nelson_county
Nelson County,2012,8,117,111,94.87,44,37.61,67,57.26,3,5,2006,White,92.31,94.74,nelson_county
Orange County,2007,3,356,268,75.28,184,51.69,84,23.6,3,0,2006,All,75.28,53.85,orange_county
Orange County,2008,4,374,323,86.36,172,45.99,151,40.37,3,1,2006,All,86.36,69.49,orange_county
Orange County,2009,5,383,345,90.08,225,58.75,120,31.33,3,2,2006,All,90.08,85.71,orange_county
Orange County,2010,6,376,327,86.97,211,56.12,116,30.85,3,3,2006,All,86.97,82.61,orange_county
Orange County,2011,7,380,340,89.47,228,60,112,29.47,3,4,2006,All,89.47,77.19,orange_county
Orange County,2012,8,416,366,87.98,220,52.88,146,35.1,3,5,2006,All,87.98,77.46,orange_county
Orange County,2007,3,52,28,53.85,26,50,2,3.85,3,0,2006,Black,75.28,53.85,orange_county
Orange County,2008,4,59,41,69.49,27,45.76,14,23.73,3,1,2006,Black,86.36,69.49,orange_county
Orange County,2009,5,63,54,85.71,45,71.43,9,14.29,3,2,2006,Black,90.08,85.71,orange_county
Orange County,2010,6,69,57,82.61,49,71.01,8,11.59,3,3,2006,Black,86.97,82.61,orange_county
Orange County,2011,7,57,44,77.19,38,66.67,6,10.53,3,4,2006,Black,89.47,77.19,orange_county
Orange County,2012,8,71,55,77.46,46,64.79,9,12.68,3,5,2006,Black,87.98,77.46,orange_county
Orange County,2007,3,273,219,80.22,142,52.01,77,28.21,3,0,2006,White,75.28,53.85,orange_county
Orange County,2008,4,285,255,89.47,131,45.96,124,43.51,3,1,2006,White,86.36,69.49,orange_county
Orange County,2009,5,295,269,91.19,167,56.61,102,34.58,3,2,2006,White,90.08,85.71,orange_county
Orange County,2010,6,285,251,88.07,150,52.63,101,35.44,3,3,2006,White,86.97,82.61,orange_county
Orange County,2011,7,274,251,91.61,159,58.03,92,33.58,3,4,2006,White,89.47,77.19,orange_county
Orange County,2012,8,297,271,91.25,151,50.84,120,40.4,3,5,2006,White,87.98,77.46,orange_county
Albemarle County,2008,3,876,767,87.56,373,42.58,394,44.98,3,0,2007,All,87.56,66.98,albemarle_county
Albemarle County,2009,4,885,825,93.22,340,38.42,485,54.8,3,1,2007,All,93.22,85.59,albemarle_county
Albemarle County,2010,5,889,842,94.71,425,47.81,417,46.91,3,2,2007,All,94.71,83.46,albemarle_county
Albemarle County,2011,6,945,865,91.53,361,38.2,504,53.33,3,3,2007,All,91.53,72.07,albemarle_county
Albemarle County,2012,7,958,876,91.44,386,40.29,490,51.15,3,4,2007,All,91.44,80.49,albemarle_county
Albemarle County,2013,8,947,747,78.88,579,61.14,168,17.74,3,5,2007,All,78.88,47.41,albemarle_county
Albemarle County,2008,3,106,71,66.98,55,51.89,16,15.09,3,0,2007,Black,87.56,66.98,albemarle_county
Albemarle County,2009,4,118,101,85.59,74,62.71,27,22.88,3,1,2007,Black,93.22,85.59,albemarle_county
Albemarle County,2010,5,127,106,83.46,85,66.93,21,16.54,3,2,2007,Black,94.71,83.46,albemarle_county
Albemarle County,2011,6,111,80,72.07,60,54.05,20,18.02,3,3,2007,Black,91.53,72.07,albemarle_county
Albemarle County,2012,7,123,99,80.49,81,65.85,18,14.63,3,4,2007,Black,91.44,80.49,albemarle_county
Albemarle County,2013,8,116,55,47.41,52,44.83,3,2.59,3,5,2007,Black,78.88,47.41,albemarle_county
Albemarle County,2008,3,669,612,91.48,274,40.96,338,50.52,3,0,2007,White,87.56,66.98,albemarle_county
Albemarle County,2009,4,674,637,94.51,220,32.64,417,61.87,3,1,2007,White,93.22,85.59,albemarle_county
Albemarle County,2010,5,661,642,97.13,287,43.42,355,53.71,3,2,2007,White,94.71,83.46,albemarle_county
Albemarle County,2011,6,683,646,94.58,222,32.5,424,62.08,3,3,2007,White,91.53,72.07,albemarle_county
Albemarle County,2012,7,670,632,94.33,224,33.43,408,60.9,3,4,2007,White,91.44,80.49,albemarle_county
Albemarle County,2013,8,671,578,86.14,436,64.98,142,21.16,3,5,2007,White,78.88,47.41,albemarle_county
Charlottesville City,2008,3,297,255,85.86,138,46.46,117,39.39,3,0,2007,All,85.86,78.03,charlottesville_city
Charlottesville City,2009,4,279,239,85.66,121,43.37,118,42.29,3,1,2007,All,85.66,76.52,charlottesville_city
Charlottesville City,2010,5,259,195,75.29,110,42.47,85,32.82,3,2,2007,All,75.29,54.29,charlottesville_city
Charlottesville City,2011,6,267,215,80.52,108,40.45,107,40.07,3,3,2007,All,80.52,59.6,charlottesville_city
Charlottesville City,2012,7,260,221,85,105,40.38,116,44.62,3,4,2007,All,85,69.07,charlottesville_city
Charlottesville City,2013,8,251,165,65.74,129,51.39,36,14.34,3,5,2007,All,65.74,40.66,charlottesville_city
Charlottesville City,2008,3,132,103,78.03,79,59.85,24,18.18,3,0,2007,Black,85.86,78.03,charlottesville_city
Charlottesville City,2009,4,115,88,76.52,62,53.91,26,22.61,3,1,2007,Black,85.66,76.52,charlottesville_city
Charlottesville City,2010,5,105,57,54.29,51,48.57,6,5.71,3,2,2007,Black,75.29,54.29,charlottesville_city
Charlottesville City,2011,6,99,59,59.6,50,50.51,9,9.09,3,3,2007,Black,80.52,59.6,charlottesville_city
Charlottesville City,2012,7,97,67,69.07,51,52.58,16,16.49,3,4,2007,Black,85,69.07,charlottesville_city
Charlottesville City,2013,8,91,37,40.66,37,40.66,0,0,3,5,2007,Black,65.74,40.66,charlottesville_city
Charlottesville City,2008,3,124,116,93.55,37,29.84,79,63.71,3,0,2007,White,85.86,78.03,charlottesville_city
Charlottesville City,2009,4,125,117,93.6,39,31.2,78,62.4,3,1,2007,White,85.66,76.52,charlottesville_city
Charlottesville City,2010,5,119,109,91.6,42,35.29,67,56.3,3,2,2007,White,75.29,54.29,charlottesville_city
Charlottesville City,2011,6,122,115,94.26,35,28.69,80,65.57,3,3,2007,White,80.52,59.6,charlottesville_city
Charlottesville City,2012,7,115,111,96.52,31,26.96,80,69.57,3,4,2007,White,85,69.07,charlottesville_city
Charlottesville City,2013,8,110,97,88.18,68,61.82,29,26.36,3,5,2007,White,65.74,40.66,charlottesville_city
Fluvanna County,2008,3,266,214,80.45,121,45.49,93,34.96,3,0,2007,All,80.45,60.47,fluvanna_county
Fluvanna County,2009,4,262,233,88.93,129,49.24,104,39.69,3,1,2007,All,88.93,75.61,fluvanna_county
Fluvanna County,2010,5,272,237,87.13,138,50.74,99,36.4,3,2,2007,All,87.13,66.67,fluvanna_county
Fluvanna County,2011,6,263,217,82.51,118,44.87,99,37.64,3,3,2007,All,82.51,71.79,fluvanna_county
Fluvanna County,2012,7,271,235,86.72,146,53.87,89,32.84,3,4,2007,All,86.72,78.05,fluvanna_county
Fluvanna County,2013,8,272,211,77.57,151,55.51,60,22.06,3,5,2007,All,77.57,67.57,fluvanna_county
Fluvanna County,2008,3,43,26,60.47,21,48.84,5,11.63,3,0,2007,Black,80.45,60.47,fluvanna_county
Fluvanna County,2009,4,41,31,75.61,24,58.54,7,17.07,3,1,2007,Black,88.93,75.61,fluvanna_county
Fluvanna County,2010,5,51,34,66.67,23,45.1,11,21.57,3,2,2007,Black,87.13,66.67,fluvanna_county
Fluvanna County,2011,6,39,28,71.79,20,51.28,8,20.51,3,3,2007,Black,82.51,71.79,fluvanna_county
Fluvanna County,2012,7,41,32,78.05,24,58.54,8,19.51,3,4,2007,Black,86.72,78.05,fluvanna_county
Fluvanna County,2013,8,37,25,67.57,20,54.05,5,13.51,3,5,2007,Black,77.57,67.57,fluvanna_county
Fluvanna County,2008,3,206,174,84.47,90,43.69,84,40.78,3,0,2007,White,80.45,60.47,fluvanna_county
Fluvanna County,2009,4,201,185,92.04,97,48.26,88,43.78,3,1,2007,White,88.93,75.61,fluvanna_county
Fluvanna County,2010,5,205,190,92.68,107,52.2,83,40.49,3,2,2007,White,87.13,66.67,fluvanna_county
Fluvanna County,2011,6,189,161,85.19,82,43.39,79,41.8,3,3,2007,White,82.51,71.79,fluvanna_county
Fluvanna County,2012,7,193,171,88.6,103,53.37,68,35.23,3,4,2007,White,86.72,78.05,fluvanna_county
Fluvanna County,2013,8,199,157,78.89,111,55.78,46,23.12,3,5,2007,White,77.57,67.57,fluvanna_county
Greene County,2008,3,225,185,82.22,101,44.89,84,37.33,3,0,2007,All,82.22,84.21,greene_county
Greene County,2009,4,231,186,80.52,102,44.16,84,36.36,3,1,2007,All,80.52,80,greene_county
Greene County,2010,5,238,205,86.13,128,53.78,77,32.35,3,2,2007,All,86.13,80,greene_county
Greene County,2011,6,232,194,83.62,110,47.41,84,36.21,3,3,2007,All,83.62,71.43,greene_county
Greene County,2012,7,229,201,87.77,117,51.09,84,36.68,3,4,2007,All,87.77,56.25,greene_county
Greene County,2013,8,237,169,71.31,151,63.71,18,7.59,3,5,2007,All,71.31,57.89,greene_county
Greene County,2008,3,19,16,84.21,14,73.68,2,10.53,3,0,2007,Black,82.22,84.21,greene_county
Greene County,2009,4,20,16,80,9,45,7,35,3,1,2007,Black,80.52,80,greene_county
Greene County,2010,5,20,16,80,13,65,3,15,3,2,2007,Black,86.13,80,greene_county
Greene County,2011,6,14,10,71.43,7,50,3,21.43,3,3,2007,Black,83.62,71.43,greene_county
Greene County,2012,7,16,9,56.25,7,43.75,2,12.5,3,4,2007,Black,87.77,56.25,greene_county
Greene County,2013,8,19,11,57.89,10,52.63,1,5.26,3,5,2007,Black,71.31,57.89,greene_county
Greene County,2008,3,189,156,82.54,77,40.74,79,41.8,3,0,2007,White,82.22,84.21,greene_county
Greene County,2009,4,192,157,81.77,83,43.23,74,38.54,3,1,2007,White,80.52,80,greene_county
Greene County,2010,5,195,171,87.69,102,52.31,69,35.38,3,2,2007,White,86.13,80,greene_county
Greene County,2011,6,183,153,83.61,82,44.81,71,38.8,3,3,2007,White,83.62,71.43,greene_county
Greene County,2012,7,183,163,89.07,90,49.18,73,39.89,3,4,2007,White,87.77,56.25,greene_county
Greene County,2013,8,185,132,71.35,119,64.32,13,7.03,3,5,2007,White,71.31,57.89,greene_county
Nelson County,2008,3,153,119,77.78,70,45.75,49,32.03,3,0,2007,All,77.78,45.45,nelson_county
Nelson County,2009,4,140,122,87.14,68,48.57,54,38.57,3,1,2007,All,87.14,61.9,nelson_county
Nelson County,2010,5,137,126,91.97,75,54.74,51,37.23,3,2,2007,All,91.97,88.24,nelson_county
Nelson County,2011,6,142,125,88.03,64,45.07,61,42.96,3,3,2007,All,88.03,83.33,nelson_county
Nelson County,2012,7,148,131,88.51,75,50.68,56,37.84,3,4,2007,All,88.51,94.44,nelson_county
Nelson County,2013,8,152,105,69.08,92,60.53,13,8.55,3,5,2007,All,69.08,NA,nelson_county
Nelson County,2008,3,22,10,45.45,8,36.36,2,9.09,3,0,2007,Black,77.78,45.45,nelson_county
Nelson County,2009,4,21,13,61.9,12,57.14,1,4.76,3,1,2007,Black,87.14,61.9,nelson_county
Nelson County,2010,5,17,15,88.24,14,82.35,1,5.88,3,2,2007,Black,91.97,88.24,nelson_county
Nelson County,2011,6,18,15,83.33,15,83.33,0,0,3,3,2007,Black,88.03,83.33,nelson_county
Nelson County,2012,7,18,17,94.44,17,94.44,0,0,3,4,2007,Black,88.51,94.44,nelson_county
Nelson County,2013,8,18,NA,NA,NA,NA,NA,NA,3,5,2007,Black,69.08,NA,nelson_county
Nelson County,2008,3,121,100,82.64,57,47.11,43,35.54,3,0,2007,White,77.78,45.45,nelson_county
Nelson County,2009,4,110,100,90.91,50,45.45,50,45.45,3,1,2007,White,87.14,61.9,nelson_county
Nelson County,2010,5,113,105,92.92,57,50.44,48,42.48,3,2,2007,White,91.97,88.24,nelson_county
Nelson County,2011,6,109,97,88.99,41,37.61,56,51.38,3,3,2007,White,88.03,83.33,nelson_county
Nelson County,2012,7,118,104,88.14,54,45.76,50,42.37,3,4,2007,White,88.51,94.44,nelson_county
Nelson County,2013,8,116,84,72.41,71,61.21,13,11.21,3,5,2007,White,69.08,NA,nelson_county
Orange County,2008,3,395,272,68.86,151,38.23,121,30.63,3,0,2007,All,68.86,52.56,orange_county
Orange County,2009,4,407,344,84.52,184,45.21,160,39.31,3,1,2007,All,84.52,64.2,orange_county
Orange County,2010,5,395,347,87.85,214,54.18,133,33.67,3,2,2007,All,87.85,74.07,orange_county
Orange County,2011,6,401,352,87.78,199,49.63,153,38.15,3,3,2007,All,87.78,75.76,orange_county
Orange County,2012,7,417,370,88.73,228,54.68,142,34.05,3,4,2007,All,88.73,79.49,orange_county
Orange County,2013,8,413,292,70.7,253,61.26,39,9.44,3,5,2007,All,70.7,54.67,orange_county
Orange County,2008,3,78,41,52.56,31,39.74,10,12.82,3,0,2007,Black,68.86,52.56,orange_county
Orange County,2009,4,81,52,64.2,35,43.21,17,20.99,3,1,2007,Black,84.52,64.2,orange_county
Orange County,2010,5,81,60,74.07,44,54.32,16,19.75,3,2,2007,Black,87.85,74.07,orange_county
Orange County,2011,6,66,50,75.76,33,50,17,25.76,3,3,2007,Black,87.78,75.76,orange_county
Orange County,2012,7,78,62,79.49,47,60.26,15,19.23,3,4,2007,Black,88.73,79.49,orange_county
Orange County,2013,8,75,41,54.67,39,52,2,2.67,3,5,2007,Black,70.7,54.67,orange_county
Orange County,2008,3,293,214,73.04,111,37.88,103,35.15,3,0,2007,White,68.86,52.56,orange_county
Orange County,2009,4,304,272,89.47,139,45.72,133,43.75,3,1,2007,White,84.52,64.2,orange_county
Orange County,2010,5,294,267,90.82,156,53.06,111,37.76,3,2,2007,White,87.85,74.07,orange_county
Orange County,2011,6,292,267,91.44,145,49.66,122,41.78,3,3,2007,White,87.78,75.76,orange_county
Orange County,2012,7,295,268,90.85,152,51.53,116,39.32,3,4,2007,White,88.73,79.49,orange_county
Orange County,2013,8,295,223,75.59,191,64.75,32,10.85,3,5,2007,White,70.7,54.67,orange_county
Albemarle County,2009,3,954,866,90.78,426,44.65,440,46.12,3,0,2008,All,90.78,78.69,albemarle_county
Albemarle County,2010,4,980,908,92.65,334,34.08,574,58.57,3,1,2008,All,92.65,83.33,albemarle_county
Albemarle County,2011,5,975,900,92.31,410,42.05,490,50.26,3,2,2008,All,92.31,86.36,albemarle_county
Albemarle County,2012,6,978,908,92.84,360,36.81,548,56.03,3,3,2008,All,92.84,81.9,albemarle_county
Albemarle County,2013,7,975,784,80.41,583,59.79,201,20.62,3,4,2008,All,80.41,52.83,albemarle_county
Albemarle County,2014,8,985,771,78.27,640,64.97,131,13.3,3,5,2008,All,78.27,50,albemarle_county
Albemarle County,2009,3,122,96,78.69,72,59.02,24,19.67,3,0,2008,Black,90.78,78.69,albemarle_county
Albemarle County,2010,4,126,105,83.33,69,54.76,36,28.57,3,1,2008,Black,92.65,83.33,albemarle_county
Albemarle County,2011,5,110,95,86.36,67,60.91,28,25.45,3,2,2008,Black,92.31,86.36,albemarle_county
Albemarle County,2012,6,105,86,81.9,60,57.14,26,24.76,3,3,2008,Black,92.84,81.9,albemarle_county
Albemarle County,2013,7,106,56,52.83,55,51.89,1,0.94,3,4,2008,Black,80.41,52.83,albemarle_county
Albemarle County,2014,8,116,58,50,57,49.14,1,0.86,3,5,2008,Black,78.27,50,albemarle_county
Albemarle County,2009,3,727,678,93.26,308,42.37,370,50.89,3,0,2008,White,90.78,78.69,albemarle_county
Albemarle County,2010,4,733,696,94.95,221,30.15,475,64.8,3,1,2008,White,92.65,83.33,albemarle_county
Albemarle County,2011,5,697,656,94.12,264,37.88,392,56.24,3,2,2008,White,92.31,86.36,albemarle_county
Albemarle County,2012,6,702,672,95.73,228,32.48,444,63.25,3,3,2008,White,92.84,81.9,albemarle_county
Albemarle County,2013,7,698,603,86.39,430,61.6,173,24.79,3,4,2008,White,80.41,52.83,albemarle_county
Albemarle County,2014,8,696,593,85.2,483,69.4,110,15.8,3,5,2008,White,78.27,50,albemarle_county
Charlottesville City,2009,3,270,236,87.41,118,43.7,118,43.7,3,0,2008,All,87.41,75,charlottesville_city
Charlottesville City,2010,4,265,214,80.75,98,36.98,116,43.77,3,1,2008,All,80.75,68.42,charlottesville_city
Charlottesville City,2011,5,249,188,75.5,93,37.35,95,38.15,3,2,2008,All,75.5,55.14,charlottesville_city
Charlottesville City,2012,6,249,203,81.53,98,39.36,105,42.17,3,3,2008,All,81.53,69.23,charlottesville_city
Charlottesville City,2013,7,236,155,65.68,117,49.58,38,16.1,3,4,2008,All,65.68,46.6,charlottesville_city
Charlottesville City,2014,8,224,149,66.52,123,54.91,26,11.61,3,5,2008,All,66.52,43.75,charlottesville_city
Charlottesville City,2009,3,108,81,75,55,50.93,26,24.07,3,0,2008,Black,87.41,75,charlottesville_city
Charlottesville City,2010,4,114,78,68.42,60,52.63,18,15.79,3,1,2008,Black,80.75,68.42,charlottesville_city
Charlottesville City,2011,5,107,59,55.14,49,45.79,10,9.35,3,2,2008,Black,75.5,55.14,charlottesville_city
Charlottesville City,2012,6,104,72,69.23,57,54.81,15,14.42,3,3,2008,Black,81.53,69.23,charlottesville_city
Charlottesville City,2013,7,103,48,46.6,45,43.69,3,2.91,3,4,2008,Black,65.68,46.6,charlottesville_city
Charlottesville City,2014,8,96,42,43.75,40,41.67,2,2.08,3,5,2008,Black,66.52,43.75,charlottesville_city
Charlottesville City,2009,3,122,118,96.72,39,31.97,79,64.75,3,0,2008,White,87.41,75,charlottesville_city
Charlottesville City,2010,4,116,109,93.97,23,19.83,86,74.14,3,1,2008,White,80.75,68.42,charlottesville_city
Charlottesville City,2011,5,108,101,93.52,27,25,74,68.52,3,2,2008,White,75.5,55.14,charlottesville_city
Charlottesville City,2012,6,103,98,95.15,20,19.42,78,75.73,3,3,2008,White,81.53,69.23,charlottesville_city
Charlottesville City,2013,7,85,78,91.76,50,58.82,28,32.94,3,4,2008,White,65.68,46.6,charlottesville_city
Charlottesville City,2014,8,83,76,91.57,56,67.47,20,24.1,3,5,2008,White,66.52,43.75,charlottesville_city
Fluvanna County,2009,3,257,210,81.71,133,51.75,77,29.96,3,0,2008,All,81.71,71.11,fluvanna_county
Fluvanna County,2010,4,263,208,79.09,96,36.5,112,42.59,3,1,2008,All,79.09,60.42,fluvanna_county
Fluvanna County,2011,5,267,216,80.9,126,47.19,90,33.71,3,2,2008,All,80.9,57.5,fluvanna_county
Fluvanna County,2012,6,271,224,82.66,115,42.44,109,40.22,3,3,2008,All,82.66,60,fluvanna_county
Fluvanna County,2013,7,265,191,72.08,155,58.49,36,13.58,3,4,2008,All,72.08,41.46,fluvanna_county
Fluvanna County,2014,8,290,192,66.21,174,60,18,6.21,3,5,2008,All,66.21,41.46,fluvanna_county
Fluvanna County,2009,3,45,32,71.11,19,42.22,13,28.89,3,0,2008,Black,81.71,71.11,fluvanna_county
Fluvanna County,2010,4,48,29,60.42,16,33.33,13,27.08,3,1,2008,Black,79.09,60.42,fluvanna_county
Fluvanna County,2011,5,40,23,57.5,15,37.5,8,20,3,2,2008,Black,80.9,57.5,fluvanna_county
Fluvanna County,2012,6,45,27,60,20,44.44,7,15.56,3,3,2008,Black,82.66,60,fluvanna_county
Fluvanna County,2013,7,41,17,41.46,15,36.59,2,4.88,3,4,2008,Black,72.08,41.46,fluvanna_county
Fluvanna County,2014,8,41,17,41.46,17,41.46,0,0,3,5,2008,Black,66.21,41.46,fluvanna_county
Fluvanna County,2009,3,200,167,83.5,107,53.5,60,30,3,0,2008,White,81.71,71.11,fluvanna_county
Fluvanna County,2010,4,206,171,83.01,77,37.38,94,45.63,3,1,2008,White,79.09,60.42,fluvanna_county
Fluvanna County,2011,5,210,179,85.24,101,48.1,78,37.14,3,2,2008,White,80.9,57.5,fluvanna_county
Fluvanna County,2012,6,210,183,87.14,87,41.43,96,45.71,3,3,2008,White,82.66,60,fluvanna_county
Fluvanna County,2013,7,205,157,76.59,127,61.95,30,14.63,3,4,2008,White,72.08,41.46,fluvanna_county
Fluvanna County,2014,8,227,161,70.93,144,63.44,17,7.49,3,5,2008,White,66.21,41.46,fluvanna_county
Greene County,2009,3,236,184,77.97,124,52.54,60,25.42,3,0,2008,All,77.97,67.65,greene_county
Greene County,2010,4,227,185,81.5,102,44.93,83,36.56,3,1,2008,All,81.5,76.47,greene_county
Greene County,2011,5,239,199,83.26,116,48.54,83,34.73,3,2,2008,All,83.26,76,greene_county
Greene County,2012,6,230,202,87.83,123,53.48,79,34.35,3,3,2008,All,87.83,88.24,greene_county
Greene County,2013,7,225,152,67.56,131,58.22,21,9.33,3,4,2008,All,67.56,66.67,greene_county
Greene County,2014,8,232,136,58.62,124,53.45,12,5.17,3,5,2008,All,58.62,54.55,greene_county
Greene County,2009,3,34,23,67.65,21,61.76,2,5.88,3,0,2008,Black,77.97,67.65,greene_county
Greene County,2010,4,34,26,76.47,19,55.88,7,20.59,3,1,2008,Black,81.5,76.47,greene_county
Greene County,2011,5,25,19,76,12,48,7,28,3,2,2008,Black,83.26,76,greene_county
Greene County,2012,6,17,15,88.24,9,52.94,6,35.29,3,3,2008,Black,87.83,88.24,greene_county
Greene County,2013,7,21,14,66.67,12,57.14,2,9.52,3,4,2008,Black,67.56,66.67,greene_county
Greene County,2014,8,22,12,54.55,11,50,1,4.55,3,5,2008,Black,58.62,54.55,greene_county
Greene County,2009,3,179,145,81.01,91,50.84,54,30.17,3,0,2008,White,77.97,67.65,greene_county
Greene County,2010,4,173,143,82.66,73,42.2,70,40.46,3,1,2008,White,81.5,76.47,greene_county
Greene County,2011,5,175,148,84.57,78,44.57,70,40,3,2,2008,White,83.26,76,greene_county
Greene County,2012,6,114,99,86.84,58,50.88,41,35.96,3,3,2008,White,87.83,88.24,greene_county
Greene County,2013,7,167,116,69.46,99,59.28,17,10.18,3,4,2008,White,67.56,66.67,greene_county
Greene County,2014,8,168,104,61.9,96,57.14,8,4.76,3,5,2008,White,58.62,54.55,greene_county
Nelson County,2009,3,140,120,85.71,77,55,43,30.71,3,0,2008,All,85.71,78.26,nelson_county
Nelson County,2010,4,140,122,87.14,59,42.14,63,45,3,1,2008,All,87.14,75,nelson_county
Nelson County,2011,5,148,127,85.81,74,50,53,35.81,3,2,2008,All,85.81,84.21,nelson_county
Nelson County,2012,6,148,130,87.84,62,41.89,68,45.95,3,3,2008,All,87.84,83.33,nelson_county
Nelson County,2013,7,147,114,77.55,93,63.27,21,14.29,3,4,2008,All,77.55,65,nelson_county
Nelson County,2014,8,144,108,75,97,67.36,11,7.64,3,5,2008,All,75,66.67,nelson_county
Nelson County,2009,3,23,18,78.26,15,65.22,3,13.04,3,0,2008,Black,85.71,78.26,nelson_county
Nelson County,2010,4,24,18,75,13,54.17,5,20.83,3,1,2008,Black,87.14,75,nelson_county
Nelson County,2011,5,19,16,84.21,13,68.42,3,15.79,3,2,2008,Black,85.81,84.21,nelson_county
Nelson County,2012,6,18,15,83.33,13,72.22,2,11.11,3,3,2008,Black,87.84,83.33,nelson_county
Nelson County,2013,7,20,13,65,12,60,1,5,3,4,2008,Black,77.55,65,nelson_county
Nelson County,2014,8,21,14,66.67,14,66.67,0,0,3,5,2008,Black,75,66.67,nelson_county
Nelson County,2009,3,108,93,86.11,56,51.85,37,34.26,3,0,2008,White,85.71,78.26,nelson_county
Nelson County,2010,4,105,94,89.52,41,39.05,53,50.48,3,1,2008,White,87.14,75,nelson_county
Nelson County,2011,5,108,91,84.26,51,47.22,40,37.04,3,2,2008,White,85.81,84.21,nelson_county
Nelson County,2012,6,108,94,87.04,40,37.04,54,50,3,3,2008,White,87.84,83.33,nelson_county
Nelson County,2013,7,110,85,77.27,66,60,19,17.27,3,4,2008,White,77.55,65,nelson_county
Nelson County,2014,8,107,80,74.77,70,65.42,10,9.35,3,5,2008,White,75,66.67,nelson_county
Orange County,2009,3,368,286,77.72,183,49.73,103,27.99,3,0,2008,All,77.72,66.67,orange_county
Orange County,2010,4,364,313,85.99,130,35.71,183,50.27,3,1,2008,All,85.99,77.78,orange_county
Orange County,2011,5,363,333,91.74,186,51.24,147,40.5,3,2,2008,All,91.74,84.85,orange_county
Orange County,2012,6,374,317,84.76,172,45.99,145,38.77,3,3,2008,All,84.76,76.39,orange_county
Orange County,2013,7,371,264,71.16,215,57.95,49,13.21,3,4,2008,All,71.16,46.38,orange_county
Orange County,2014,8,367,252,68.66,231,62.94,21,5.72,3,5,2008,All,68.66,47.06,orange_county
Orange County,2009,3,72,48,66.67,38,52.78,10,13.89,3,0,2008,Black,77.72,66.67,orange_county
Orange County,2010,4,72,56,77.78,33,45.83,23,31.94,3,1,2008,Black,85.99,77.78,orange_county
Orange County,2011,5,66,56,84.85,42,63.64,14,21.21,3,2,2008,Black,91.74,84.85,orange_county
Orange County,2012,6,72,55,76.39,34,47.22,21,29.17,3,3,2008,Black,84.76,76.39,orange_county
Orange County,2013,7,69,32,46.38,28,40.58,4,5.8,3,4,2008,Black,71.16,46.38,orange_county
Orange County,2014,8,68,32,47.06,31,45.59,1,1.47,3,5,2008,Black,68.66,47.06,orange_county
Orange County,2009,3,270,215,79.63,130,48.15,85,31.48,3,0,2008,White,77.72,66.67,orange_county
Orange County,2010,4,269,235,87.36,88,32.71,147,54.65,3,1,2008,White,85.99,77.78,orange_county
Orange County,2011,5,257,239,93,123,47.86,116,45.14,3,2,2008,White,91.74,84.85,orange_county
Orange County,2012,6,265,228,86.04,124,46.79,104,39.25,3,3,2008,White,84.76,76.39,orange_county
Orange County,2013,7,262,200,76.34,159,60.69,41,15.65,3,4,2008,White,71.16,46.38,orange_county
Orange County,2014,8,262,193,73.66,177,67.56,16,6.11,3,5,2008,White,68.66,47.06,orange_county
Albemarle County,2010,3,941,821,87.25,369,39.21,452,48.03,3,0,2009,All,87.25,66.67,albemarle_county
Albemarle County,2011,4,962,852,88.57,397,41.27,455,47.3,3,1,2009,All,88.57,65.14,albemarle_county
Albemarle County,2012,5,941,820,87.14,482,51.22,338,35.92,3,2,2009,All,87.14,63.21,albemarle_county
Albemarle County,2013,6,925,748,80.86,509,55.03,239,25.84,3,3,2009,All,80.86,58.76,albemarle_county
Albemarle County,2014,7,943,752,79.75,534,56.63,218,23.12,3,4,2009,All,79.75,48.45,albemarle_county
Albemarle County,2015,8,948,769,81.12,629,66.35,140,14.77,3,5,2009,All,81.12,49.5,albemarle_county
Albemarle County,2010,3,126,84,66.67,60,47.62,24,19.05,3,0,2009,Black,87.25,66.67,albemarle_county
Albemarle County,2011,4,109,71,65.14,55,50.46,16,14.68,3,1,2009,Black,88.57,65.14,albemarle_county
Albemarle County,2012,5,106,67,63.21,56,52.83,11,10.38,3,2,2009,Black,87.14,63.21,albemarle_county
Albemarle County,2013,6,97,57,58.76,50,51.55,7,7.22,3,3,2009,Black,80.86,58.76,albemarle_county
Albemarle County,2014,7,97,47,48.45,43,44.33,4,4.12,3,4,2009,Black,79.75,48.45,albemarle_county
Albemarle County,2015,8,101,50,49.5,49,48.51,1,0.99,3,5,2009,Black,81.12,49.5,albemarle_county
Albemarle County,2010,3,694,636,91.64,266,38.33,370,53.31,3,0,2009,White,87.25,66.67,albemarle_county
Albemarle County,2011,4,685,634,92.55,267,38.98,367,53.58,3,1,2009,White,88.57,65.14,albemarle_county
Albemarle County,2012,5,675,616,91.26,339,50.22,277,41.04,3,2,2009,White,87.14,63.21,albemarle_county
Albemarle County,2013,6,667,573,85.91,378,56.67,195,29.24,3,3,2009,White,80.86,58.76,albemarle_county
Albemarle County,2014,7,678,580,85.55,408,60.18,172,25.37,3,4,2009,White,79.75,48.45,albemarle_county
Albemarle County,2015,8,677,592,87.44,479,70.75,113,16.69,3,5,2009,White,81.12,49.5,albemarle_county
Charlottesville City,2010,3,263,223,84.79,112,42.59,111,42.21,3,0,2009,All,84.79,74.53,charlottesville_city
Charlottesville City,2011,4,264,236,89.39,132,50,104,39.39,3,1,2009,All,89.39,76.47,charlottesville_city
Charlottesville City,2012,5,251,215,85.66,133,52.99,82,32.67,3,2,2009,All,85.66,74.04,charlottesville_city
Charlottesville City,2013,6,242,165,68.18,101,41.74,64,26.45,3,3,2009,All,68.18,45.74,charlottesville_city
Charlottesville City,2014,7,242,179,73.97,131,54.13,48,19.83,3,4,2009,All,73.97,53.54,charlottesville_city
Charlottesville City,2015,8,227,168,74.01,137,60.35,31,13.66,3,5,2009,All,74.01,55.1,charlottesville_city
Charlottesville City,2010,3,106,79,74.53,59,55.66,20,18.87,3,0,2009,Black,84.79,74.53,charlottesville_city
Charlottesville City,2011,4,102,78,76.47,58,56.86,20,19.61,3,1,2009,Black,89.39,76.47,charlottesville_city
Charlottesville City,2012,5,104,77,74.04,64,61.54,13,12.5,3,2,2009,Black,85.66,74.04,charlottesville_city
Charlottesville City,2013,6,94,43,45.74,36,38.3,7,7.45,3,3,2009,Black,68.18,45.74,charlottesville_city
Charlottesville City,2014,7,99,53,53.54,49,49.49,4,4.04,3,4,2009,Black,73.97,53.54,charlottesville_city
Charlottesville City,2015,8,98,54,55.1,51,52.04,3,3.06,3,5,2009,Black,74.01,55.1,charlottesville_city
Charlottesville City,2010,3,112,104,92.86,27,24.11,77,68.75,3,0,2009,White,84.79,74.53,charlottesville_city
Charlottesville City,2011,4,117,115,98.29,44,37.61,71,60.68,3,1,2009,White,89.39,76.47,charlottesville_city
Charlottesville City,2012,5,105,101,96.19,43,40.95,58,55.24,3,2,2009,White,85.66,74.04,charlottesville_city
Charlottesville City,2013,6,106,96,90.57,47,44.34,49,46.23,3,3,2009,White,68.18,45.74,charlottesville_city
Charlottesville City,2014,7,100,93,93,54,54,39,39,3,4,2009,White,73.97,53.54,charlottesville_city
Charlottesville City,2015,8,88,83,94.32,57,64.77,26,29.55,3,5,2009,White,74.01,55.1,charlottesville_city
Fluvanna County,2010,3,272,195,71.69,114,41.91,81,29.78,3,0,2009,All,71.69,50,fluvanna_county
Fluvanna County,2011,4,273,225,82.42,155,56.78,70,25.64,3,1,2009,All,82.42,73.33,fluvanna_county
Fluvanna County,2012,5,269,229,85.13,131,48.7,98,36.43,3,2,2009,All,85.13,70.83,fluvanna_county
Fluvanna County,2013,6,251,179,71.31,138,54.98,41,16.33,3,3,2009,All,71.31,48.84,fluvanna_county
Fluvanna County,2014,7,254,179,70.47,143,56.3,36,14.17,3,4,2009,All,70.47,43.18,fluvanna_county
Fluvanna County,2015,8,256,183,71.48,165,64.45,18,7.03,3,5,2009,All,71.48,43.9,fluvanna_county
Fluvanna County,2010,3,48,24,50,21,43.75,3,6.25,3,0,2009,Black,71.69,50,fluvanna_county
Fluvanna County,2011,4,45,33,73.33,29,64.44,4,8.89,3,1,2009,Black,82.42,73.33,fluvanna_county
Fluvanna County,2012,5,48,34,70.83,28,58.33,6,12.5,3,2,2009,Black,85.13,70.83,fluvanna_county
Fluvanna County,2013,6,43,21,48.84,20,46.51,1,2.33,3,3,2009,Black,71.31,48.84,fluvanna_county
Fluvanna County,2014,7,44,19,43.18,17,38.64,2,4.55,3,4,2009,Black,70.47,43.18,fluvanna_county
Fluvanna County,2015,8,41,18,43.9,18,43.9,0,0,3,5,2009,Black,71.48,43.9,fluvanna_county
Fluvanna County,2010,3,214,168,78.5,90,42.06,78,36.45,3,0,2009,White,71.69,50,fluvanna_county
Fluvanna County,2011,4,212,178,83.96,117,55.19,61,28.77,3,1,2009,White,82.42,73.33,fluvanna_county
Fluvanna County,2012,5,201,180,89.55,96,47.76,84,41.79,3,2,2009,White,85.13,70.83,fluvanna_county
Fluvanna County,2013,6,188,145,77.13,109,57.98,36,19.15,3,3,2009,White,71.31,48.84,fluvanna_county
Fluvanna County,2014,7,186,145,77.96,113,60.75,32,17.2,3,4,2009,White,70.47,43.18,fluvanna_county
Fluvanna County,2015,8,190,148,77.89,131,68.95,17,8.95,3,5,2009,White,71.48,43.9,fluvanna_county
Greene County,2010,3,215,152,70.7,87,40.47,65,30.23,3,0,2009,All,70.7,68,greene_county
Greene County,2011,4,215,176,81.86,118,54.88,58,26.98,3,1,2009,All,81.86,73.91,greene_county
Greene County,2012,5,212,167,78.77,121,57.08,46,21.7,3,2,2009,All,78.77,58.33,greene_county
Greene County,2013,6,218,142,65.14,122,55.96,20,9.17,3,3,2009,All,65.14,50,greene_county
Greene County,2014,7,218,155,71.1,139,63.76,16,7.34,3,4,2009,All,71.1,56.52,greene_county
Greene County,2015,8,235,169,71.91,151,64.26,18,7.66,3,5,2009,All,71.91,62.5,greene_county
Greene County,2010,3,25,17,68,9,36,8,32,3,0,2009,Black,70.7,68,greene_county
Greene County,2011,4,23,17,73.91,12,52.17,5,21.74,3,1,2009,Black,81.86,73.91,greene_county
Greene County,2012,5,24,14,58.33,9,37.5,5,20.83,3,2,2009,Black,78.77,58.33,greene_county
Greene County,2013,6,24,12,50,11,45.83,1,4.17,3,3,2009,Black,65.14,50,greene_county
Greene County,2014,7,23,13,56.52,12,52.17,1,4.35,3,4,2009,Black,71.1,56.52,greene_county
Greene County,2015,8,24,15,62.5,13,54.17,2,8.33,3,5,2009,Black,71.91,62.5,greene_county
Greene County,2010,3,174,125,71.84,72,41.38,53,30.46,3,0,2009,White,70.7,68,greene_county
Greene County,2011,4,164,139,84.76,90,54.88,49,29.88,3,1,2009,White,81.86,73.91,greene_county
Greene County,2012,5,159,133,83.65,96,60.38,37,23.27,3,2,2009,White,78.77,58.33,greene_county
Greene County,2013,6,166,113,68.07,97,58.43,16,9.64,3,3,2009,White,65.14,50,greene_county
Greene County,2014,7,166,123,74.1,109,65.66,14,8.43,3,4,2009,White,71.1,56.52,greene_county
Greene County,2015,8,182,132,72.53,118,64.84,14,7.69,3,5,2009,White,71.91,62.5,greene_county
Nelson County,2010,3,147,126,85.71,92,62.59,34,23.13,3,0,2009,All,85.71,64,nelson_county
Nelson County,2011,4,151,124,82.12,80,52.98,44,29.14,3,1,2009,All,82.12,54.55,nelson_county
Nelson County,2012,5,144,123,85.42,84,58.33,39,27.08,3,2,2009,All,85.42,68.18,nelson_county
Nelson County,2013,6,153,111,72.55,86,56.21,25,16.34,3,3,2009,All,72.55,45.45,nelson_county
Nelson County,2014,7,156,106,67.95,92,58.97,14,8.97,3,4,2009,All,67.95,NA,nelson_county
Nelson County,2015,8,153,107,69.93,97,63.4,10,6.54,3,5,2009,All,69.93,NA,nelson_county
Nelson County,2010,3,25,16,64,13,52,3,12,3,0,2009,Black,85.71,64,nelson_county
Nelson County,2011,4,22,12,54.55,11,50,1,4.55,3,1,2009,Black,82.12,54.55,nelson_county
Nelson County,2012,5,22,15,68.18,12,54.55,3,13.64,3,2,2009,Black,85.42,68.18,nelson_county
Nelson County,2013,6,22,10,45.45,10,45.45,0,0,3,3,2009,Black,72.55,45.45,nelson_county
Nelson County,2014,7,20,NA,NA,NA,NA,NA,NA,3,4,2009,Black,67.95,NA,nelson_county
Nelson County,2015,8,20,NA,NA,NA,NA,NA,NA,3,5,2009,Black,69.93,NA,nelson_county
Nelson County,2010,3,110,99,90,72,65.45,27,24.55,3,0,2009,White,85.71,64,nelson_county
Nelson County,2011,4,108,94,87.04,58,53.7,36,33.33,3,1,2009,White,82.12,54.55,nelson_county
Nelson County,2012,5,102,92,90.2,63,61.76,29,28.43,3,2,2009,White,85.42,68.18,nelson_county
Nelson County,2013,6,110,87,79.09,65,59.09,22,20,3,3,2009,White,72.55,45.45,nelson_county
Nelson County,2014,7,115,84,73.04,74,64.35,10,8.7,3,4,2009,White,67.95,NA,nelson_county
Nelson County,2015,8,113,82,72.57,73,64.6,9,7.96,3,5,2009,White,69.93,NA,nelson_county
Orange County,2010,3,343,309,90.09,180,52.48,129,37.61,3,0,2009,All,90.09,84.13,orange_county
Orange County,2011,4,346,320,92.49,174,50.29,146,42.2,3,1,2009,All,92.49,84,orange_county
Orange County,2012,5,366,331,90.44,228,62.3,103,28.14,3,2,2009,All,90.44,80,orange_county
Orange County,2013,6,358,252,70.39,194,54.19,58,16.2,3,3,2009,All,70.39,47.27,orange_county
Orange County,2014,7,357,278,77.87,222,62.18,56,15.69,3,4,2009,All,77.87,67.31,orange_county
Orange County,2015,8,367,277,75.48,237,64.58,40,10.9,3,5,2009,All,75.48,59.65,orange_county
Orange County,2010,3,63,53,84.13,37,58.73,16,25.4,3,0,2009,Black,90.09,84.13,orange_county
Orange County,2011,4,50,42,84,27,54,15,30,3,1,2009,Black,92.49,84,orange_county
Orange County,2012,5,55,44,80,34,61.82,10,18.18,3,2,2009,Black,90.44,80,orange_county
Orange County,2013,6,55,26,47.27,22,40,4,7.27,3,3,2009,Black,70.39,47.27,orange_county
Orange County,2014,7,52,35,67.31,33,63.46,2,3.85,3,4,2009,Black,77.87,67.31,orange_county
Orange County,2015,8,57,34,59.65,30,52.63,4,7.02,3,5,2009,Black,75.48,59.65,orange_county
Orange County,2010,3,256,235,91.8,131,51.17,104,40.63,3,0,2009,White,90.09,84.13,orange_county
Orange County,2011,4,242,228,94.21,113,46.69,115,47.52,3,1,2009,White,92.49,84,orange_county
Orange County,2012,5,255,235,92.16,154,60.39,81,31.76,3,2,2009,White,90.44,80,orange_county
Orange County,2013,6,251,190,75.7,143,56.97,47,18.73,3,3,2009,White,70.39,47.27,orange_county
Orange County,2014,7,247,201,81.38,156,63.16,45,18.22,3,4,2009,White,77.87,67.31,orange_county
Orange County,2015,8,252,197,78.17,165,65.48,32,12.7,3,5,2009,White,75.48,59.65,orange_county
Albemarle County,2011,3,967,835,86.35,373,38.57,462,47.78,3,0,2010,All,86.35,72.07,albemarle_county
Albemarle County,2012,4,961,858,89.28,418,43.5,440,45.79,3,1,2010,All,89.28,71.84,albemarle_county
Albemarle County,2013,5,939,713,75.93,506,53.89,207,22.04,3,2,2010,All,75.93,46.39,albemarle_county
Albemarle County,2014,6,940,734,78.09,522,55.53,212,22.55,3,3,2010,All,78.09,44.33,albemarle_county
Albemarle County,2015,7,958,778,81.21,571,59.6,207,21.61,3,4,2010,All,81.21,51,albemarle_county
Albemarle County,2016,8,957,728,76.07,546,57.05,182,19.02,3,5,2010,All,76.07,37,albemarle_county
Albemarle County,2011,3,111,80,72.07,50,45.05,30,27.03,3,0,2010,Black,86.35,72.07,albemarle_county
Albemarle County,2012,4,103,74,71.84,59,57.28,15,14.56,3,1,2010,Black,89.28,71.84,albemarle_county
Albemarle County,2013,5,97,45,46.39,43,44.33,2,2.06,3,2,2010,Black,75.93,46.39,albemarle_county
Albemarle County,2014,6,97,43,44.33,42,43.3,1,1.03,3,3,2010,Black,78.09,44.33,albemarle_county
Albemarle County,2015,7,100,51,51,49,49,2,2,3,4,2010,Black,81.21,51,albemarle_county
Albemarle County,2016,8,100,37,37,36,36,1,1,3,5,2010,Black,76.07,37,albemarle_county
Albemarle County,2011,3,700,632,90.29,258,36.86,374,53.43,3,0,2010,White,86.35,72.07,albemarle_county
Albemarle County,2012,4,703,655,93.17,285,40.54,370,52.63,3,1,2010,White,89.28,71.84,albemarle_county
Albemarle County,2013,5,685,559,81.61,379,55.33,180,26.28,3,2,2010,White,75.93,46.39,albemarle_county
Albemarle County,2014,6,676,572,84.62,390,57.69,182,26.92,3,3,2010,White,78.09,44.33,albemarle_county
Albemarle County,2015,7,680,591,86.91,418,61.47,173,25.44,3,4,2010,White,81.21,51,albemarle_county
Albemarle County,2016,8,683,576,84.33,428,62.66,148,21.67,3,5,2010,White,76.07,37,albemarle_county
Charlottesville City,2011,3,302,265,87.75,144,47.68,121,40.07,3,0,2010,All,87.75,79.39,charlottesville_city
Charlottesville City,2012,4,297,260,87.54,133,44.78,127,42.76,3,1,2010,All,87.54,78.4,charlottesville_city
Charlottesville City,2013,5,262,170,64.89,113,43.13,57,21.76,3,2,2010,All,64.89,42.99,charlottesville_city
Charlottesville City,2014,6,265,164,61.89,107,40.38,57,21.51,3,3,2010,All,61.89,38.74,charlottesville_city
Charlottesville City,2015,7,259,197,76.06,145,55.98,52,20.08,3,4,2010,All,76.06,57.55,charlottesville_city
Charlottesville City,2016,8,243,163,67.08,122,50.21,41,16.87,3,5,2010,All,67.08,46.81,charlottesville_city
Charlottesville City,2011,3,131,104,79.39,76,58.02,28,21.37,3,0,2010,Black,87.75,79.39,charlottesville_city
Charlottesville City,2012,4,125,98,78.4,76,60.8,22,17.6,3,1,2010,Black,87.54,78.4,charlottesville_city
Charlottesville City,2013,5,107,46,42.99,39,36.45,7,6.54,3,2,2010,Black,64.89,42.99,charlottesville_city
Charlottesville City,2014,6,111,43,38.74,36,32.43,7,6.31,3,3,2010,Black,61.89,38.74,charlottesville_city
Charlottesville City,2015,7,106,61,57.55,60,56.6,1,0.94,3,4,2010,Black,76.06,57.55,charlottesville_city
Charlottesville City,2016,8,94,44,46.81,41,43.62,3,3.19,3,5,2010,Black,67.08,46.81,charlottesville_city
Charlottesville City,2011,3,130,124,95.38,52,40,72,55.38,3,0,2010,White,87.75,79.39,charlottesville_city
Charlottesville City,2012,4,125,119,95.2,34,27.2,85,68,3,1,2010,White,87.54,78.4,charlottesville_city
Charlottesville City,2013,5,105,91,86.67,48,45.71,43,40.95,3,2,2010,White,64.89,42.99,charlottesville_city
Charlottesville City,2014,6,104,88,84.62,47,45.19,41,39.42,3,3,2010,White,61.89,38.74,charlottesville_city
Charlottesville City,2015,7,103,95,92.23,54,52.43,41,39.81,3,4,2010,White,76.06,57.55,charlottesville_city
Charlottesville City,2016,8,99,84,84.85,54,54.55,30,30.3,3,5,2010,White,67.08,46.81,charlottesville_city
Fluvanna County,2011,3,278,222,79.86,134,48.2,88,31.65,3,0,2010,All,79.86,56.86,fluvanna_county
Fluvanna County,2012,4,285,240,84.21,131,45.96,109,38.25,3,1,2010,All,84.21,72.92,fluvanna_county
Fluvanna County,2013,5,275,188,68.36,147,53.45,41,14.91,3,2,2010,All,68.36,44.19,fluvanna_county
Fluvanna County,2014,6,275,209,76,160,58.18,49,17.82,3,3,2010,All,76,60.98,fluvanna_county
Fluvanna County,2015,7,267,220,82.4,178,66.67,42,15.73,3,4,2010,All,82.4,69.57,fluvanna_county
Fluvanna County,2016,8,264,203,76.89,176,66.67,27,10.23,3,5,2010,All,76.89,56.1,fluvanna_county
Fluvanna County,2011,3,51,29,56.86,23,45.1,6,11.76,3,0,2010,Black,79.86,56.86,fluvanna_county
Fluvanna County,2012,4,48,35,72.92,29,60.42,6,12.5,3,1,2010,Black,84.21,72.92,fluvanna_county
Fluvanna County,2013,5,43,19,44.19,16,37.21,3,6.98,3,2,2010,Black,68.36,44.19,fluvanna_county
Fluvanna County,2014,6,41,25,60.98,23,56.1,2,4.88,3,3,2010,Black,76,60.98,fluvanna_county
Fluvanna County,2015,7,46,32,69.57,29,63.04,3,6.52,3,4,2010,Black,82.4,69.57,fluvanna_county
Fluvanna County,2016,8,41,23,56.1,23,56.1,0,0,3,5,2010,Black,76.89,56.1,fluvanna_county
Fluvanna County,2011,3,211,180,85.31,103,48.82,77,36.49,3,0,2010,White,79.86,56.86,fluvanna_county
Fluvanna County,2012,4,214,183,85.51,86,40.19,97,45.33,3,1,2010,White,84.21,72.92,fluvanna_county
Fluvanna County,2013,5,207,152,73.43,118,57,34,16.43,3,2,2010,White,68.36,44.19,fluvanna_county
Fluvanna County,2014,6,208,160,76.92,118,56.73,42,20.19,3,3,2010,White,76,60.98,fluvanna_county
Fluvanna County,2015,7,198,166,83.84,130,65.66,36,18.18,3,4,2010,White,82.4,69.57,fluvanna_county
Fluvanna County,2016,8,200,160,80,135,67.5,25,12.5,3,5,2010,White,76.89,56.1,fluvanna_county
Greene County,2011,3,220,170,77.27,102,46.36,68,30.91,3,0,2010,All,77.27,62.5,greene_county
Greene County,2012,4,217,181,83.41,111,51.15,70,32.26,3,1,2010,All,83.41,62.5,greene_county
Greene County,2013,5,231,166,71.86,130,56.28,36,15.58,3,2,2010,All,71.86,52.38,greene_county
Greene County,2014,6,233,136,58.37,115,49.36,21,9.01,3,3,2010,All,58.37,NA,greene_county
Greene County,2015,7,238,180,75.63,123,51.68,57,23.95,3,4,2010,All,75.63,63.64,greene_county
Greene County,2016,8,243,167,68.72,140,57.61,27,11.11,3,5,2010,All,68.72,54.17,greene_county
Greene County,2011,3,16,10,62.5,8,50,2,12.5,3,0,2010,Black,77.27,62.5,greene_county
Greene County,2012,4,16,10,62.5,10,62.5,0,0,3,1,2010,Black,83.41,62.5,greene_county
Greene County,2013,5,21,11,52.38,11,52.38,0,0,3,2,2010,Black,71.86,52.38,greene_county
Greene County,2014,6,20,NA,NA,NA,NA,NA,NA,3,3,2010,Black,58.37,NA,greene_county
Greene County,2015,7,22,14,63.64,14,63.64,0,0,3,4,2010,Black,75.63,63.64,greene_county
Greene County,2016,8,24,13,54.17,13,54.17,0,0,3,5,2010,Black,68.72,54.17,greene_county
Greene County,2011,3,170,137,80.59,79,46.47,58,34.12,3,0,2010,White,77.27,62.5,greene_county
Greene County,2012,4,170,147,86.47,85,50,62,36.47,3,1,2010,White,83.41,62.5,greene_county
Greene County,2013,5,180,138,76.67,104,57.78,34,18.89,3,2,2010,White,71.86,52.38,greene_county
Greene County,2014,6,181,112,61.88,93,51.38,19,10.5,3,3,2010,White,58.37,NA,greene_county
Greene County,2015,7,183,142,77.6,91,49.73,51,27.87,3,4,2010,White,75.63,63.64,greene_county
Greene County,2016,8,182,130,71.43,106,58.24,24,13.19,3,5,2010,White,68.72,54.17,greene_county
Nelson County,2011,3,141,114,80.85,68,48.23,46,32.62,3,0,2010,All,80.85,68.42,nelson_county
Nelson County,2012,4,143,125,87.41,67,46.85,58,40.56,3,1,2010,All,87.41,77.78,nelson_county
Nelson County,2013,5,137,107,78.1,91,66.42,16,11.68,3,2,2010,All,78.1,50,nelson_county
Nelson County,2014,6,130,103,79.23,83,63.85,20,15.38,3,3,2010,All,79.23,NA,nelson_county
Nelson County,2015,7,135,104,77.04,87,64.44,17,12.59,3,4,2010,All,77.04,61.9,nelson_county
Nelson County,2016,8,142,101,71.13,95,66.9,6,4.23,3,5,2010,All,71.13,47.62,nelson_county
Nelson County,2011,3,19,13,68.42,10,52.63,3,15.79,3,0,2010,Black,80.85,68.42,nelson_county
Nelson County,2012,4,18,14,77.78,11,61.11,3,16.67,3,1,2010,Black,87.41,77.78,nelson_county
Nelson County,2013,5,16,8,50,8,50,0,0,3,2,2010,Black,78.1,50,nelson_county
Nelson County,2014,6,19,NA,NA,NA,NA,NA,NA,3,3,2010,Black,79.23,NA,nelson_county
Nelson County,2015,7,21,13,61.9,12,57.14,1,4.76,3,4,2010,Black,77.04,61.9,nelson_county
Nelson County,2016,8,21,10,47.62,10,47.62,0,0,3,5,2010,Black,71.13,47.62,nelson_county
Nelson County,2011,3,104,87,83.65,48,46.15,39,37.5,3,0,2010,White,80.85,68.42,nelson_county
Nelson County,2012,4,105,95,90.48,48,45.71,47,44.76,3,1,2010,White,87.41,77.78,nelson_county
Nelson County,2013,5,99,84,84.85,69,69.7,15,15.15,3,2,2010,White,78.1,50,nelson_county
Nelson County,2014,6,93,80,86.02,62,66.67,18,19.35,3,3,2010,White,79.23,NA,nelson_county
Nelson County,2015,7,97,80,82.47,65,67.01,15,15.46,3,4,2010,White,77.04,61.9,nelson_county
Nelson County,2016,8,105,79,75.24,73,69.52,6,5.71,3,5,2010,White,71.13,47.62,nelson_county
Orange County,2011,3,381,334,87.66,167,43.83,167,43.83,3,0,2010,All,87.66,75.51,orange_county
Orange County,2012,4,384,353,91.93,195,50.78,158,41.15,3,1,2010,All,91.93,85.19,orange_county
Orange County,2013,5,386,296,76.68,222,57.51,74,19.17,3,2,2010,All,76.68,56.82,orange_county
Orange County,2014,6,383,281,73.37,241,62.92,40,10.44,3,3,2010,All,73.37,50,orange_county
Orange County,2015,7,401,342,85.29,283,70.57,59,14.71,3,4,2010,All,85.29,69.57,orange_county
Orange County,2016,8,385,299,77.66,249,64.68,50,12.99,3,5,2010,All,77.66,68.09,orange_county
Orange County,2011,3,49,37,75.51,25,51.02,12,24.49,3,0,2010,Black,87.66,75.51,orange_county
Orange County,2012,4,54,46,85.19,32,59.26,14,25.93,3,1,2010,Black,91.93,85.19,orange_county
Orange County,2013,5,44,25,56.82,21,47.73,4,9.09,3,2,2010,Black,76.68,56.82,orange_county
Orange County,2014,6,40,20,50,18,45,2,5,3,3,2010,Black,73.37,50,orange_county
Orange County,2015,7,46,32,69.57,26,56.52,6,13.04,3,4,2010,Black,85.29,69.57,orange_county
Orange County,2016,8,47,32,68.09,29,61.7,3,6.38,3,5,2010,Black,77.66,68.09,orange_county
Orange County,2011,3,275,246,89.45,117,42.55,129,46.91,3,0,2010,White,87.66,75.51,orange_county
Orange County,2012,4,273,254,93.04,133,48.72,121,44.32,3,1,2010,White,91.93,85.19,orange_county
Orange County,2013,5,280,224,80,162,57.86,62,22.14,3,2,2010,White,76.68,56.82,orange_county
Orange County,2014,6,279,216,77.42,181,64.87,35,12.54,3,3,2010,White,73.37,50,orange_county
Orange County,2015,7,289,254,87.89,209,72.32,45,15.57,3,4,2010,White,85.29,69.57,orange_county
Orange County,2016,8,273,217,79.49,178,65.2,39,14.29,3,5,2010,White,77.66,68.09,orange_county
Albemarle County,2012,3,925,792,85.62,438,47.35,354,38.27,3,0,2011,All,85.62,60.61,albemarle_county
Albemarle County,2013,4,940,664,70.64,477,50.74,187,19.89,3,1,2011,All,70.64,44,albemarle_county
Albemarle County,2014,5,898,685,76.28,497,55.35,188,20.94,3,2,2011,All,76.28,49.45,albemarle_county
Albemarle County,2015,6,927,726,78.32,546,58.9,180,19.42,3,3,2011,All,78.32,53.68,albemarle_county
Albemarle County,2016,7,939,787,83.81,583,62.09,204,21.73,3,4,2011,All,83.81,63.27,albemarle_county
Albemarle County,2017,8,933,727,77.92,527,56.48,200,21.44,3,5,2011,All,77.92,52.94,albemarle_county
Albemarle County,2012,3,99,60,60.61,48,48.48,12,12.12,3,0,2011,Black,85.62,60.61,albemarle_county
Albemarle County,2013,4,100,44,44,40,40,4,4,3,1,2011,Black,70.64,44,albemarle_county
Albemarle County,2014,5,91,45,49.45,38,41.76,7,7.69,3,2,2011,Black,76.28,49.45,albemarle_county
Albemarle County,2015,6,95,51,53.68,49,51.58,2,2.11,3,3,2011,Black,78.32,53.68,albemarle_county
Albemarle County,2016,7,98,62,63.27,60,61.22,2,2.04,3,4,2011,Black,83.81,63.27,albemarle_county
Albemarle County,2017,8,102,54,52.94,54,52.94,0,0,3,5,2011,Black,77.92,52.94,albemarle_county
Albemarle County,2012,3,620,558,90,283,45.65,275,44.35,3,0,2011,White,85.62,60.61,albemarle_county
Albemarle County,2013,4,636,489,76.89,336,52.83,153,24.06,3,1,2011,White,70.64,44,albemarle_county
Albemarle County,2014,5,610,496,81.31,347,56.89,149,24.43,3,2,2011,White,76.28,49.45,albemarle_county
Albemarle County,2015,6,624,520,83.33,378,60.58,142,22.76,3,3,2011,White,78.32,53.68,albemarle_county
Albemarle County,2016,7,633,563,88.94,404,63.82,159,25.12,3,4,2011,White,83.81,63.27,albemarle_county
Albemarle County,2017,8,617,524,84.93,373,60.45,151,24.47,3,5,2011,White,77.92,52.94,albemarle_county
Charlottesville City,2012,3,296,266,89.86,136,45.95,130,43.92,3,0,2011,All,89.86,84.88,charlottesville_city
Charlottesville City,2013,4,278,195,70.14,126,45.32,69,24.82,3,1,2011,All,70.14,43.53,charlottesville_city
Charlottesville City,2014,5,247,177,71.66,122,49.39,55,22.27,3,2,2011,All,71.66,48.19,charlottesville_city
Charlottesville City,2015,6,245,185,75.51,142,57.96,43,17.55,3,3,2011,All,75.51,59.52,charlottesville_city
Charlottesville City,2016,7,243,198,81.48,146,60.08,52,21.4,3,4,2011,All,81.48,68.24,charlottesville_city
Charlottesville City,2017,8,233,164,70.39,120,51.5,44,18.88,3,5,2011,All,70.39,54.76,charlottesville_city
Charlottesville City,2012,3,86,73,84.88,55,63.95,18,20.93,3,0,2011,Black,89.86,84.88,charlottesville_city
Charlottesville City,2013,4,85,37,43.53,35,41.18,2,2.35,3,1,2011,Black,70.14,43.53,charlottesville_city
Charlottesville City,2014,5,83,40,48.19,36,43.37,4,4.82,3,2,2011,Black,71.66,48.19,charlottesville_city
Charlottesville City,2015,6,84,50,59.52,48,57.14,2,2.38,3,3,2011,Black,75.51,59.52,charlottesville_city
Charlottesville City,2016,7,85,58,68.24,57,67.06,1,1.18,3,4,2011,Black,81.48,68.24,charlottesville_city
Charlottesville City,2017,8,84,46,54.76,44,52.38,2,2.38,3,5,2011,Black,70.39,54.76,charlottesville_city
Charlottesville City,2012,3,142,135,95.07,47,33.1,88,61.97,3,0,2011,White,89.86,84.88,charlottesville_city
Charlottesville City,2013,4,130,117,90,61,46.92,56,43.08,3,1,2011,White,70.14,43.53,charlottesville_city
Charlottesville City,2014,5,106,98,92.45,56,52.83,42,39.62,3,2,2011,White,71.66,48.19,charlottesville_city
Charlottesville City,2015,6,101,92,91.09,57,56.44,35,34.65,3,3,2011,White,75.51,59.52,charlottesville_city
Charlottesville City,2016,7,97,94,96.91,54,55.67,40,41.24,3,4,2011,White,81.48,68.24,charlottesville_city
Charlottesville City,2017,8,92,86,93.48,49,53.26,37,40.22,3,5,2011,White,70.39,54.76,charlottesville_city
Fluvanna County,2012,3,294,246,83.67,120,40.82,126,42.86,3,0,2011,All,83.67,75,fluvanna_county
Fluvanna County,2013,4,281,204,72.6,140,49.82,64,22.78,3,1,2011,All,72.6,54.55,fluvanna_county
Fluvanna County,2014,5,271,205,75.65,161,59.41,44,16.24,3,2,2011,All,75.65,53.49,fluvanna_county
Fluvanna County,2015,6,264,223,84.47,188,71.21,35,13.26,3,3,2011,All,84.47,67.57,fluvanna_county
Fluvanna County,2016,7,260,225,86.54,174,66.92,51,19.62,3,4,2011,All,86.54,71.05,fluvanna_county
Fluvanna County,2017,8,281,215,76.51,179,63.7,36,12.81,3,5,2011,All,76.51,58.97,fluvanna_county
Fluvanna County,2012,3,40,30,75,23,57.5,7,17.5,3,0,2011,Black,83.67,75,fluvanna_county
Fluvanna County,2013,4,44,24,54.55,20,45.45,4,9.09,3,1,2011,Black,72.6,54.55,fluvanna_county
Fluvanna County,2014,5,43,23,53.49,18,41.86,5,11.63,3,2,2011,Black,75.65,53.49,fluvanna_county
Fluvanna County,2015,6,37,25,67.57,25,67.57,0,0,3,3,2011,Black,84.47,67.57,fluvanna_county
Fluvanna County,2016,7,38,27,71.05,25,65.79,2,5.26,3,4,2011,Black,86.54,71.05,fluvanna_county
Fluvanna County,2017,8,39,23,58.97,20,51.28,3,7.69,3,5,2011,Black,76.51,58.97,fluvanna_county
Fluvanna County,2012,3,228,195,85.53,84,36.84,111,48.68,3,0,2011,White,83.67,75,fluvanna_county
Fluvanna County,2013,4,207,159,76.81,106,51.21,53,25.6,3,1,2011,White,72.6,54.55,fluvanna_county
Fluvanna County,2014,5,200,162,81,130,65,32,16,3,2,2011,White,75.65,53.49,fluvanna_county
Fluvanna County,2015,6,201,178,88.56,146,72.64,32,15.92,3,3,2011,White,84.47,67.57,fluvanna_county
Fluvanna County,2016,7,198,176,88.89,131,66.16,45,22.73,3,4,2011,White,86.54,71.05,fluvanna_county
Fluvanna County,2017,8,215,171,79.53,141,65.58,30,13.95,3,5,2011,White,76.51,58.97,fluvanna_county
Greene County,2012,3,243,193,79.42,124,51.03,69,28.4,3,0,2011,All,79.42,62.5,greene_county
Greene County,2013,4,230,142,61.74,117,50.87,25,10.87,3,1,2011,All,61.74,53.33,greene_county
Greene County,2014,5,232,161,69.4,109,46.98,52,22.41,3,2,2011,All,69.4,53.33,greene_county
Greene County,2015,6,237,164,69.2,133,56.12,31,13.08,3,3,2011,All,69.2,52.63,greene_county
Greene County,2016,7,235,191,81.28,166,70.64,25,10.64,3,4,2011,All,81.28,84.21,greene_county
Greene County,2017,8,234,183,78.21,145,61.97,38,16.24,3,5,2011,All,78.21,84.21,greene_county
Greene County,2012,3,16,10,62.5,6,37.5,4,25,3,0,2011,Black,79.42,62.5,greene_county
Greene County,2013,4,15,8,53.33,8,53.33,0,0,3,1,2011,Black,61.74,53.33,greene_county
Greene County,2014,5,15,8,53.33,5,33.33,3,20,3,2,2011,Black,69.4,53.33,greene_county
Greene County,2015,6,19,10,52.63,9,47.37,1,5.26,3,3,2011,Black,69.2,52.63,greene_county
Greene County,2016,7,19,16,84.21,16,84.21,0,0,3,4,2011,Black,81.28,84.21,greene_county
Greene County,2017,8,19,16,84.21,14,73.68,2,10.53,3,5,2011,Black,78.21,84.21,greene_county
Greene County,2012,3,184,151,82.07,92,50,59,32.07,3,0,2011,White,79.42,62.5,greene_county
Greene County,2013,4,171,113,66.08,91,53.22,22,12.87,3,1,2011,White,61.74,53.33,greene_county
Greene County,2014,5,174,131,75.29,91,52.3,40,22.99,3,2,2011,White,69.4,53.33,greene_county
Greene County,2015,6,179,132,73.74,105,58.66,27,15.08,3,3,2011,White,69.2,52.63,greene_county
Greene County,2016,7,181,152,83.98,130,71.82,22,12.15,3,4,2011,White,81.28,84.21,greene_county
Greene County,2017,8,178,142,79.78,110,61.8,32,17.98,3,5,2011,White,78.21,84.21,greene_county
Nelson County,2012,3,154,126,81.82,81,52.6,45,29.22,3,0,2011,All,81.82,80,nelson_county
Nelson County,2013,4,152,99,65.13,82,53.95,17,11.18,3,1,2011,All,65.13,NA,nelson_county
Nelson County,2014,5,152,119,78.29,95,62.5,24,15.79,3,2,2011,All,78.29,53.33,nelson_county
Nelson County,2015,6,150,120,80,103,68.67,17,11.33,3,3,2011,All,80,68.75,nelson_county
Nelson County,2016,7,147,124,84.35,97,65.99,27,18.37,3,4,2011,All,84.35,57.14,nelson_county
Nelson County,2017,8,154,113,73.38,92,59.74,21,13.64,3,5,2011,All,73.38,NA,nelson_county
Nelson County,2012,3,15,12,80,12,80,0,0,3,0,2011,Black,81.82,80,nelson_county
Nelson County,2013,4,13,NA,NA,NA,NA,NA,NA,3,1,2011,Black,65.13,NA,nelson_county
Nelson County,2014,5,15,8,53.33,7,46.67,1,6.67,3,2,2011,Black,78.29,53.33,nelson_county
Nelson County,2015,6,16,11,68.75,11,68.75,0,0,3,3,2011,Black,80,68.75,nelson_county
Nelson County,2016,7,14,8,57.14,7,50,1,7.14,3,4,2011,Black,84.35,57.14,nelson_county
Nelson County,2017,8,14,NA,NA,NA,NA,NA,NA,3,5,2011,Black,73.38,NA,nelson_county
Nelson County,2012,3,116,99,85.34,57,49.14,42,36.21,3,0,2011,White,81.82,80,nelson_county
Nelson County,2013,4,115,84,73.04,67,58.26,17,14.78,3,1,2011,White,65.13,NA,nelson_county
Nelson County,2014,5,113,97,85.84,76,67.26,21,18.58,3,2,2011,White,78.29,53.33,nelson_county
Nelson County,2015,6,111,96,86.49,79,71.17,17,15.32,3,3,2011,White,80,68.75,nelson_county
Nelson County,2016,7,109,99,90.83,75,68.81,24,22.02,3,4,2011,White,84.35,57.14,nelson_county
Nelson County,2017,8,115,93,80.87,73,63.48,20,17.39,3,5,2011,White,73.38,NA,nelson_county
Orange County,2012,3,371,306,82.48,175,47.17,131,35.31,3,0,2011,All,82.48,72.55,orange_county
Orange County,2013,4,373,276,73.99,214,57.37,62,16.62,3,1,2011,All,73.99,57.41,orange_county
Orange County,2014,5,368,264,71.74,182,49.46,82,22.28,3,2,2011,All,71.74,54.39,orange_county
Orange County,2015,6,362,277,76.52,224,61.88,53,14.64,3,3,2011,All,76.52,50.94,orange_county
Orange County,2016,7,386,321,83.16,279,72.28,42,10.88,3,4,2011,All,83.16,70.18,orange_county
Orange County,2017,8,366,270,73.77,227,62.02,43,11.75,3,5,2011,All,73.77,48,orange_county
Orange County,2012,3,51,37,72.55,30,58.82,7,13.73,3,0,2011,Black,82.48,72.55,orange_county
Orange County,2013,4,54,31,57.41,24,44.44,7,12.96,3,1,2011,Black,73.99,57.41,orange_county
Orange County,2014,5,57,31,54.39,27,47.37,4,7.02,3,2,2011,Black,71.74,54.39,orange_county
Orange County,2015,6,53,27,50.94,23,43.4,4,7.55,3,3,2011,Black,76.52,50.94,orange_county
Orange County,2016,7,57,40,70.18,37,64.91,3,5.26,3,4,2011,Black,83.16,70.18,orange_county
Orange County,2017,8,50,24,48,19,38,5,10,3,5,2011,Black,73.77,48,orange_county
Orange County,2012,3,264,227,85.98,121,45.83,106,40.15,3,0,2011,White,82.48,72.55,orange_county
Orange County,2013,4,261,210,80.46,161,61.69,49,18.77,3,1,2011,White,73.99,57.41,orange_county
Orange County,2014,5,254,200,78.74,134,52.76,66,25.98,3,2,2011,White,71.74,54.39,orange_county
Orange County,2015,6,252,209,82.94,166,65.87,43,17.06,3,3,2011,White,76.52,50.94,orange_county
Orange County,2016,7,269,235,87.36,203,75.46,32,11.9,3,4,2011,White,83.16,70.18,orange_county
Orange County,2017,8,256,205,80.08,174,67.97,31,12.11,3,5,2011,White,73.77,48,orange_county
Albemarle County,2013,3,948,674,71.1,479,50.53,195,20.57,3,0,2012,All,71.1,45.74,albemarle_county
Albemarle County,2014,4,948,689,72.68,529,55.8,160,16.88,3,1,2012,All,72.68,45.26,albemarle_county
Albemarle County,2015,5,970,736,75.88,458,47.22,278,28.66,3,2,2012,All,75.88,47.06,albemarle_county
Albemarle County,2016,6,962,729,75.78,497,51.66,232,24.12,3,3,2012,All,75.78,44.95,albemarle_county
Albemarle County,2017,7,964,795,82.47,592,61.41,203,21.06,3,4,2012,All,82.47,61.9,albemarle_county
Albemarle County,2018,8,981,759,77.37,600,61.16,159,16.21,3,5,2012,All,77.37,51.96,albemarle_county
Albemarle County,2013,3,94,43,45.74,36,38.3,7,7.45,3,0,2012,Black,71.1,45.74,albemarle_county
Albemarle County,2014,4,95,43,45.26,41,43.16,2,2.11,3,1,2012,Black,72.68,45.26,albemarle_county
Albemarle County,2015,5,102,48,47.06,41,40.2,7,6.86,3,2,2012,Black,75.88,47.06,albemarle_county
Albemarle County,2016,6,109,49,44.95,40,36.7,9,8.26,3,3,2012,Black,75.78,44.95,albemarle_county
Albemarle County,2017,7,105,65,61.9,57,54.29,8,7.62,3,4,2012,Black,82.47,61.9,albemarle_county
Albemarle County,2018,8,102,53,51.96,51,50,2,1.96,3,5,2012,Black,77.37,51.96,albemarle_county
Albemarle County,2013,3,662,518,78.25,354,53.47,164,24.77,3,0,2012,White,71.1,45.74,albemarle_county
Albemarle County,2014,4,654,531,81.19,401,61.31,130,19.88,3,1,2012,White,72.68,45.26,albemarle_county
Albemarle County,2015,5,662,557,84.14,324,48.94,233,35.2,3,2,2012,White,75.88,47.06,albemarle_county
Albemarle County,2016,6,646,546,84.52,355,54.95,191,29.57,3,3,2012,White,75.78,44.95,albemarle_county
Albemarle County,2017,7,651,579,88.94,408,62.67,171,26.27,3,4,2012,White,82.47,61.9,albemarle_county
Albemarle County,2018,8,663,562,84.77,429,64.71,133,20.06,3,5,2012,White,77.37,51.96,albemarle_county
Charlottesville City,2013,3,291,223,76.63,126,43.3,97,33.33,3,0,2012,All,76.63,55.56,charlottesville_city
Charlottesville City,2014,4,287,209,72.82,144,50.17,65,22.65,3,1,2012,All,72.82,52.04,charlottesville_city
Charlottesville City,2015,5,254,172,67.72,88,34.65,84,33.07,3,2,2012,All,67.72,45.05,charlottesville_city
Charlottesville City,2016,6,236,167,70.76,106,44.92,61,25.85,3,3,2012,All,70.76,47.37,charlottesville_city
Charlottesville City,2017,7,234,174,74.36,128,54.7,46,19.66,3,4,2012,All,74.36,50,charlottesville_city
Charlottesville City,2018,8,247,157,63.56,113,45.75,44,17.81,3,5,2012,All,63.56,35.06,charlottesville_city
Charlottesville City,2013,3,99,55,55.56,45,45.45,10,10.1,3,0,2012,Black,76.63,55.56,charlottesville_city
Charlottesville City,2014,4,98,51,52.04,46,46.94,5,5.1,3,1,2012,Black,72.82,52.04,charlottesville_city
Charlottesville City,2015,5,91,41,45.05,33,36.26,8,8.79,3,2,2012,Black,67.72,45.05,charlottesville_city
Charlottesville City,2016,6,76,36,47.37,33,43.42,3,3.95,3,3,2012,Black,70.76,47.37,charlottesville_city
Charlottesville City,2017,7,78,39,50,36,46.15,3,3.85,3,4,2012,Black,74.36,50,charlottesville_city
Charlottesville City,2018,8,77,27,35.06,26,33.77,1,1.3,3,5,2012,Black,63.56,35.06,charlottesville_city
Charlottesville City,2013,3,131,124,94.66,49,37.4,75,57.25,3,0,2012,White,76.63,55.56,charlottesville_city
Charlottesville City,2014,4,123,112,91.06,60,48.78,52,42.28,3,1,2012,White,72.82,52.04,charlottesville_city
Charlottesville City,2015,5,100,89,89,30,30,59,59,3,2,2012,White,67.72,45.05,charlottesville_city
Charlottesville City,2016,6,94,85,90.43,40,42.55,45,47.87,3,3,2012,White,70.76,47.37,charlottesville_city
Charlottesville City,2017,7,89,81,91.01,51,57.3,30,33.71,3,4,2012,White,74.36,50,charlottesville_city
Charlottesville City,2018,8,99,80,80.81,48,48.48,32,32.32,3,5,2012,White,63.56,35.06,charlottesville_city
Fluvanna County,2013,3,279,213,76.34,148,53.05,65,23.3,3,0,2012,All,76.34,50,fluvanna_county
Fluvanna County,2014,4,280,204,72.86,141,50.36,63,22.5,3,1,2012,All,72.86,56.1,fluvanna_county
Fluvanna County,2015,5,293,226,77.13,146,49.83,80,27.3,3,2,2012,All,77.13,54.76,fluvanna_county
Fluvanna County,2016,6,294,224,76.19,163,55.44,61,20.75,3,3,2012,All,76.19,64.29,fluvanna_county
Fluvanna County,2017,7,310,249,80.32,191,61.61,58,18.71,3,4,2012,All,80.32,67.39,fluvanna_county
Fluvanna County,2018,8,309,241,77.99,203,65.7,38,12.3,3,5,2012,All,77.99,66.67,fluvanna_county
Fluvanna County,2013,3,38,19,50,16,42.11,3,7.89,3,0,2012,Black,76.34,50,fluvanna_county
Fluvanna County,2014,4,41,23,56.1,22,53.66,1,2.44,3,1,2012,Black,72.86,56.1,fluvanna_county
Fluvanna County,2015,5,42,23,54.76,17,40.48,6,14.29,3,2,2012,Black,77.13,54.76,fluvanna_county
Fluvanna County,2016,6,42,27,64.29,23,54.76,4,9.52,3,3,2012,Black,76.19,64.29,fluvanna_county
Fluvanna County,2017,7,46,31,67.39,27,58.7,4,8.7,3,4,2012,Black,80.32,67.39,fluvanna_county
Fluvanna County,2018,8,45,30,66.67,29,64.44,1,2.22,3,5,2012,Black,77.99,66.67,fluvanna_county
Fluvanna County,2013,3,202,166,82.18,112,55.45,54,26.73,3,0,2012,White,76.34,50,fluvanna_county
Fluvanna County,2014,4,198,157,79.29,103,52.02,54,27.27,3,1,2012,White,72.86,56.1,fluvanna_county
Fluvanna County,2015,5,211,172,81.52,107,50.71,65,30.81,3,2,2012,White,77.13,54.76,fluvanna_county
Fluvanna County,2016,6,211,169,80.09,121,57.35,48,22.75,3,3,2012,White,76.19,64.29,fluvanna_county
Fluvanna County,2017,7,220,183,83.18,135,61.36,48,21.82,3,4,2012,White,80.32,67.39,fluvanna_county
Fluvanna County,2018,8,219,182,83.11,148,67.58,34,15.53,3,5,2012,White,77.99,66.67,fluvanna_county
Greene County,2013,3,235,153,65.11,127,54.04,26,11.06,3,0,2012,All,65.11,NA,greene_county
Greene County,2014,4,244,171,70.08,142,58.2,29,11.89,3,1,2012,All,70.08,NA,greene_county
Greene County,2015,5,244,177,72.54,138,56.56,39,15.98,3,2,2012,All,72.54,62.5,greene_county
Greene County,2016,6,245,177,72.24,153,62.45,24,9.8,3,3,2012,All,72.24,61.11,greene_county
Greene County,2017,7,238,191,80.25,166,69.75,25,10.5,3,4,2012,All,80.25,78.95,greene_county
Greene County,2018,8,245,181,73.88,155,63.27,26,10.61,3,5,2012,All,73.88,68.42,greene_county
Greene County,2013,3,15,NA,NA,NA,NA,NA,NA,3,0,2012,Black,65.11,NA,greene_county
Greene County,2014,4,15,NA,NA,NA,NA,NA,NA,3,1,2012,Black,70.08,NA,greene_county
Greene County,2015,5,16,10,62.5,10,62.5,0,0,3,2,2012,Black,72.54,62.5,greene_county
Greene County,2016,6,18,11,61.11,11,61.11,0,0,3,3,2012,Black,72.24,61.11,greene_county
Greene County,2017,7,19,15,78.95,15,78.95,0,0,3,4,2012,Black,80.25,78.95,greene_county
Greene County,2018,8,19,13,68.42,12,63.16,1,5.26,3,5,2012,Black,73.88,68.42,greene_county
Greene County,2013,3,177,128,72.32,107,60.45,21,11.86,3,0,2012,White,65.11,NA,greene_county
Greene County,2014,4,184,134,72.83,112,60.87,22,11.96,3,1,2012,White,70.08,NA,greene_county
Greene County,2015,5,179,135,75.42,104,58.1,31,17.32,3,2,2012,White,72.54,62.5,greene_county
Greene County,2016,6,177,132,74.58,110,62.15,22,12.43,3,3,2012,White,72.24,61.11,greene_county
Greene County,2017,7,171,139,81.29,117,68.42,22,12.87,3,4,2012,White,80.25,78.95,greene_county
Greene County,2018,8,165,126,76.36,105,63.64,21,12.73,3,5,2012,White,73.88,68.42,greene_county
Nelson County,2013,3,147,101,68.71,78,53.06,23,15.65,3,0,2012,All,68.71,NA,nelson_county
Nelson County,2014,4,145,98,67.59,76,52.41,22,15.17,3,1,2012,All,67.59,NA,nelson_county
Nelson County,2015,5,151,110,72.85,71,47.02,39,25.83,3,2,2012,All,72.85,NA,nelson_county
Nelson County,2016,6,144,120,83.33,86,59.72,34,23.61,3,3,2012,All,83.33,61.11,nelson_county
Nelson County,2017,7,153,123,80.39,100,65.36,23,15.03,3,4,2012,All,80.39,53.33,nelson_county
Nelson County,2018,8,153,115,75.16,99,64.71,16,10.46,3,5,2012,All,75.16,NA,nelson_county
Nelson County,2013,3,16,NA,NA,NA,NA,NA,NA,3,0,2012,Black,68.71,NA,nelson_county
Nelson County,2014,4,15,NA,NA,NA,NA,NA,NA,3,1,2012,Black,67.59,NA,nelson_county
Nelson County,2015,5,18,NA,NA,NA,NA,NA,NA,3,2,2012,Black,72.85,NA,nelson_county
Nelson County,2016,6,18,11,61.11,10,55.56,1,5.56,3,3,2012,Black,83.33,61.11,nelson_county
Nelson County,2017,7,15,8,53.33,8,53.33,0,0,3,4,2012,Black,80.39,53.33,nelson_county
Nelson County,2018,8,16,NA,NA,NA,NA,NA,NA,3,5,2012,Black,75.16,NA,nelson_county
Nelson County,2013,3,111,85,76.58,62,55.86,23,20.72,3,0,2012,White,68.71,NA,nelson_county
Nelson County,2014,4,111,84,75.68,62,55.86,22,19.82,3,1,2012,White,67.59,NA,nelson_county
Nelson County,2015,5,114,89,78.07,54,47.37,35,30.7,3,2,2012,White,72.85,NA,nelson_county
Nelson County,2016,6,110,96,87.27,66,60,30,27.27,3,3,2012,White,83.33,61.11,nelson_county
Nelson County,2017,7,120,103,85.83,82,68.33,21,17.5,3,4,2012,White,80.39,53.33,nelson_county
Nelson County,2018,8,118,95,80.51,82,69.49,13,11.02,3,5,2012,White,75.16,NA,nelson_county
Orange County,2013,3,361,276,76.45,216,59.83,60,16.62,3,0,2012,All,76.45,66.67,orange_county
Orange County,2014,4,372,277,74.46,220,59.14,57,15.32,3,1,2012,All,74.46,58.14,orange_county
Orange County,2015,5,372,312,83.87,251,67.47,61,16.4,3,2,2012,All,83.87,76.19,orange_county
Orange County,2016,6,363,301,82.92,231,63.64,70,19.28,3,3,2012,All,82.92,71.43,orange_county
Orange County,2017,7,371,326,87.87,259,69.81,67,18.06,3,4,2012,All,87.87,89.13,orange_county
Orange County,2018,8,369,298,80.76,262,71,36,9.76,3,5,2012,All,80.76,73.33,orange_county
Orange County,2013,3,39,26,66.67,19,48.72,7,17.95,3,0,2012,Black,76.45,66.67,orange_county
Orange County,2014,4,43,25,58.14,20,46.51,5,11.63,3,1,2012,Black,74.46,58.14,orange_county
Orange County,2015,5,42,32,76.19,26,61.9,6,14.29,3,2,2012,Black,83.87,76.19,orange_county
Orange County,2016,6,42,30,71.43,20,47.62,10,23.81,3,3,2012,Black,82.92,71.43,orange_county
Orange County,2017,7,46,41,89.13,36,78.26,5,10.87,3,4,2012,Black,87.87,89.13,orange_county
Orange County,2018,8,45,33,73.33,30,66.67,3,6.67,3,5,2012,Black,80.76,73.33,orange_county
Orange County,2013,3,274,215,78.47,165,60.22,50,18.25,3,0,2012,White,76.45,66.67,orange_county
Orange County,2014,4,279,217,77.78,167,59.86,50,17.92,3,1,2012,White,74.46,58.14,orange_county
Orange County,2015,5,278,236,84.89,187,67.27,49,17.63,3,2,2012,White,83.87,76.19,orange_county
Orange County,2016,6,268,226,84.33,175,65.3,51,19.03,3,3,2012,White,82.92,71.43,orange_county
Orange County,2017,7,270,235,87.04,183,67.78,52,19.26,3,4,2012,White,87.87,89.13,orange_county
Orange County,2018,8,262,212,80.92,181,69.08,31,11.83,3,5,2012,White,80.76,73.33,orange_county
Albemarle County,2014,3,950,689,72.53,488,51.37,201,21.16,3,0,2013,All,72.53,40.86,albemarle_county
Albemarle County,2015,4,994,759,76.36,543,54.63,216,21.73,3,1,2013,All,76.36,40,albemarle_county
Albemarle County,2016,5,984,774,78.66,472,47.97,302,30.69,3,2,2013,All,78.66,49.54,albemarle_county
Albemarle County,2017,6,973,755,77.6,494,50.77,261,26.82,3,3,2013,All,77.6,44.64,albemarle_county
Albemarle County,2018,7,1002,816,81.44,587,58.58,229,22.85,3,4,2013,All,81.44,57.14,albemarle_county
Albemarle County,2019,8,1012,801,79.15,631,62.35,170,16.8,3,5,2013,All,79.15,55.46,albemarle_county
Albemarle County,2014,3,93,38,40.86,37,39.78,1,1.08,3,0,2013,Black,72.53,40.86,albemarle_county
Albemarle County,2015,4,100,40,40,36,36,4,4,3,1,2013,Black,76.36,40,albemarle_county
Albemarle County,2016,5,109,54,49.54,50,45.87,4,3.67,3,2,2013,Black,78.66,49.54,albemarle_county
Albemarle County,2017,6,112,50,44.64,40,35.71,10,8.93,3,3,2013,Black,77.6,44.64,albemarle_county
Albemarle County,2018,7,112,64,57.14,58,51.79,6,5.36,3,4,2013,Black,81.44,57.14,albemarle_county
Albemarle County,2019,8,119,66,55.46,61,51.26,5,4.2,3,5,2013,Black,79.15,55.46,albemarle_county
Albemarle County,2014,3,659,519,78.76,351,53.26,168,25.49,3,0,2013,White,72.53,40.86,albemarle_county
Albemarle County,2015,4,684,570,83.33,394,57.6,176,25.73,3,1,2013,White,76.36,40,albemarle_county
Albemarle County,2016,5,658,569,86.47,325,49.39,244,37.08,3,2,2013,White,78.66,49.54,albemarle_county
Albemarle County,2017,6,647,554,85.63,348,53.79,206,31.84,3,3,2013,White,77.6,44.64,albemarle_county
Albemarle County,2018,7,672,589,87.65,400,59.52,189,28.13,3,4,2013,White,81.44,57.14,albemarle_county
Albemarle County,2019,8,679,578,85.13,440,64.8,138,20.32,3,5,2013,White,79.15,55.46,albemarle_county
Charlottesville City,2014,3,314,230,73.25,157,50,73,23.25,3,0,2013,All,73.25,50.43,charlottesville_city
Charlottesville City,2015,4,299,233,77.93,158,52.84,75,25.08,3,1,2013,All,77.93,63.48,charlottesville_city
Charlottesville City,2016,5,268,180,67.16,116,43.28,64,23.88,3,2,2013,All,67.16,47.75,charlottesville_city
Charlottesville City,2017,6,252,184,73.02,136,53.97,48,19.05,3,3,2013,All,73.02,50.94,charlottesville_city
Charlottesville City,2018,7,259,192,74.13,145,55.98,47,18.15,3,4,2013,All,74.13,60.38,charlottesville_city
Charlottesville City,2019,8,257,170,66.15,138,53.7,32,12.45,3,5,2013,All,66.15,47.47,charlottesville_city
Charlottesville City,2014,3,115,58,50.43,53,46.09,5,4.35,3,0,2013,Black,73.25,50.43,charlottesville_city
Charlottesville City,2015,4,115,73,63.48,67,58.26,6,5.22,3,1,2013,Black,77.93,63.48,charlottesville_city
Charlottesville City,2016,5,111,53,47.75,49,44.14,4,3.6,3,2,2013,Black,67.16,47.75,charlottesville_city
Charlottesville City,2017,6,106,54,50.94,50,47.17,4,3.77,3,3,2013,Black,73.02,50.94,charlottesville_city
Charlottesville City,2018,7,106,64,60.38,61,57.55,3,2.83,3,4,2013,Black,74.13,60.38,charlottesville_city
Charlottesville City,2019,8,99,47,47.47,46,46.46,1,1.01,3,5,2013,Black,66.15,47.47,charlottesville_city
Charlottesville City,2014,3,134,125,93.28,66,49.25,59,44.03,3,0,2013,White,73.25,50.43,charlottesville_city
Charlottesville City,2015,4,117,111,94.87,56,47.86,55,47.01,3,1,2013,White,77.93,63.48,charlottesville_city
Charlottesville City,2016,5,88,79,89.77,32,36.36,47,53.41,3,2,2013,White,67.16,47.75,charlottesville_city
Charlottesville City,2017,6,86,85,98.84,47,54.65,38,44.19,3,3,2013,White,73.02,50.94,charlottesville_city
Charlottesville City,2018,7,91,84,92.31,49,53.85,35,38.46,3,4,2013,White,74.13,60.38,charlottesville_city
Charlottesville City,2019,8,93,78,83.87,55,59.14,23,24.73,3,5,2013,White,66.15,47.47,charlottesville_city
Fluvanna County,2014,3,283,189,66.78,146,51.59,43,15.19,3,0,2013,All,66.78,54.35,fluvanna_county
Fluvanna County,2015,4,289,218,75.43,165,57.09,53,18.34,3,1,2013,All,75.43,57.78,fluvanna_county
Fluvanna County,2016,5,285,218,76.49,160,56.14,58,20.35,3,2,2013,All,76.49,56.1,fluvanna_county
Fluvanna County,2017,6,281,217,77.22,156,55.52,61,21.71,3,3,2013,All,77.22,60,fluvanna_county
Fluvanna County,2018,7,287,228,79.44,177,61.67,51,17.77,3,4,2013,All,79.44,57.14,fluvanna_county
Fluvanna County,2019,8,294,215,73.13,186,63.27,29,9.86,3,5,2013,All,73.13,64.1,fluvanna_county
Fluvanna County,2014,3,46,25,54.35,25,54.35,0,0,3,0,2013,Black,66.78,54.35,fluvanna_county
Fluvanna County,2015,4,45,26,57.78,22,48.89,4,8.89,3,1,2013,Black,75.43,57.78,fluvanna_county
Fluvanna County,2016,5,41,23,56.1,18,43.9,5,12.2,3,2,2013,Black,76.49,56.1,fluvanna_county
Fluvanna County,2017,6,40,24,60,17,42.5,7,17.5,3,3,2013,Black,77.22,60,fluvanna_county
Fluvanna County,2018,7,42,24,57.14,21,50,3,7.14,3,4,2013,Black,79.44,57.14,fluvanna_county
Fluvanna County,2019,8,39,25,64.1,24,61.54,1,2.56,3,5,2013,Black,73.13,64.1,fluvanna_county
Fluvanna County,2014,3,200,140,70,103,51.5,37,18.5,3,0,2013,White,66.78,54.35,fluvanna_county
Fluvanna County,2015,4,212,169,79.72,126,59.43,43,20.28,3,1,2013,White,75.43,57.78,fluvanna_county
Fluvanna County,2016,5,206,165,80.1,120,58.25,45,21.84,3,2,2013,White,76.49,56.1,fluvanna_county
Fluvanna County,2017,6,207,167,80.68,119,57.49,48,23.19,3,3,2013,White,77.22,60,fluvanna_county
Fluvanna County,2018,7,205,173,84.39,131,63.9,42,20.49,3,4,2013,White,79.44,57.14,fluvanna_county
Fluvanna County,2019,8,211,159,75.36,135,63.98,24,11.37,3,5,2013,White,73.13,64.1,fluvanna_county
Greene County,2014,3,258,134,51.94,111,43.02,23,8.91,3,0,2013,All,51.94,36.36,greene_county
Greene County,2015,4,264,164,62.12,121,45.83,43,16.29,3,1,2013,All,62.12,48.15,greene_county
Greene County,2016,5,256,189,73.83,134,52.34,55,21.48,3,2,2013,All,73.83,62.5,greene_county
Greene County,2017,6,253,168,66.4,132,52.17,36,14.23,3,3,2013,All,66.4,55.17,greene_county
Greene County,2018,7,243,177,72.84,148,60.91,29,11.93,3,4,2013,All,72.84,63.64,greene_county
Greene County,2019,8,235,160,68.09,143,60.85,17,7.23,3,5,2013,All,68.09,57.89,greene_county
Greene County,2014,3,22,8,36.36,8,36.36,0,0,3,0,2013,Black,51.94,36.36,greene_county
Greene County,2015,4,27,13,48.15,9,33.33,4,14.81,3,1,2013,Black,62.12,48.15,greene_county
Greene County,2016,5,24,15,62.5,12,50,3,12.5,3,2,2013,Black,73.83,62.5,greene_county
Greene County,2017,6,29,16,55.17,13,44.83,3,10.34,3,3,2013,Black,66.4,55.17,greene_county
Greene County,2018,7,22,14,63.64,12,54.55,2,9.09,3,4,2013,Black,72.84,63.64,greene_county
Greene County,2019,8,19,11,57.89,10,52.63,1,5.26,3,5,2013,Black,68.09,57.89,greene_county
Greene County,2014,3,198,110,55.56,89,44.95,21,10.61,3,0,2013,White,51.94,36.36,greene_county
Greene County,2015,4,197,126,63.96,90,45.69,36,18.27,3,1,2013,White,62.12,48.15,greene_county
Greene County,2016,5,189,144,76.19,100,52.91,44,23.28,3,2,2013,White,73.83,62.5,greene_county
Greene County,2017,6,186,126,67.74,96,51.61,30,16.13,3,3,2013,White,66.4,55.17,greene_county
Greene County,2018,7,175,129,73.71,104,59.43,25,14.29,3,4,2013,White,72.84,63.64,greene_county
Greene County,2019,8,171,120,70.18,105,61.4,15,8.77,3,5,2013,White,68.09,57.89,greene_county
Nelson County,2014,3,130,76,58.46,66,50.77,10,7.69,3,0,2013,All,58.46,NA,nelson_county
Nelson County,2015,4,130,83,63.85,67,51.54,16,12.31,3,1,2013,All,63.85,50,nelson_county
Nelson County,2016,5,134,94,70.15,71,52.99,23,17.16,3,2,2013,All,70.15,NA,nelson_county
Nelson County,2017,6,130,91,70,72,55.38,19,14.62,3,3,2013,All,70,58.33,nelson_county
Nelson County,2018,7,132,90,68.18,77,58.33,13,9.85,3,4,2013,All,68.18,50,nelson_county
Nelson County,2019,8,124,90,72.58,83,66.94,7,5.65,3,5,2013,All,72.58,62.5,nelson_county
Nelson County,2014,3,15,NA,NA,NA,NA,NA,NA,3,0,2013,Black,58.46,NA,nelson_county
Nelson County,2015,4,14,7,50,7,50,0,0,3,1,2013,Black,63.85,50,nelson_county
Nelson County,2016,5,13,NA,NA,NA,NA,NA,NA,3,2,2013,Black,70.15,NA,nelson_county
Nelson County,2017,6,12,7,58.33,5,41.67,2,16.67,3,3,2013,Black,70,58.33,nelson_county
Nelson County,2018,7,14,7,50,7,50,0,0,3,4,2013,Black,68.18,50,nelson_county
Nelson County,2019,8,16,10,62.5,10,62.5,0,0,3,5,2013,Black,72.58,62.5,nelson_county
Nelson County,2014,3,97,60,61.86,52,53.61,8,8.25,3,0,2013,White,58.46,NA,nelson_county
Nelson County,2015,4,97,63,64.95,49,50.52,14,14.43,3,1,2013,White,63.85,50,nelson_county
Nelson County,2016,5,102,76,74.51,55,53.92,21,20.59,3,2,2013,White,70.15,NA,nelson_county
Nelson County,2017,6,98,71,72.45,55,56.12,16,16.33,3,3,2013,White,70,58.33,nelson_county
Nelson County,2018,7,98,69,70.41,59,60.2,10,10.2,3,4,2013,White,68.18,50,nelson_county
Nelson County,2019,8,88,67,76.14,61,69.32,6,6.82,3,5,2013,White,72.58,62.5,nelson_county
Orange County,2014,3,346,234,67.63,178,51.45,56,16.18,3,0,2013,All,67.63,52,orange_county
Orange County,2015,4,345,282,81.74,194,56.23,88,25.51,3,1,2013,All,81.74,84,orange_county
Orange County,2016,5,347,282,81.27,185,53.31,97,27.95,3,2,2013,All,81.27,70,orange_county
Orange County,2017,6,352,276,78.41,206,58.52,70,19.89,3,3,2013,All,78.41,71.79,orange_county
Orange County,2018,7,348,287,82.47,217,62.36,70,20.11,3,4,2013,All,82.47,69.23,orange_county
Orange County,2019,8,345,264,76.52,224,64.93,40,11.59,3,5,2013,All,76.52,64.29,orange_county
Orange County,2014,3,25,13,52,10,40,3,12,3,0,2013,Black,67.63,52,orange_county
Orange County,2015,4,25,21,84,16,64,5,20,3,1,2013,Black,81.74,84,orange_county
Orange County,2016,5,30,21,70,14,46.67,7,23.33,3,2,2013,Black,81.27,70,orange_county
Orange County,2017,6,39,28,71.79,20,51.28,8,20.51,3,3,2013,Black,78.41,71.79,orange_county
Orange County,2018,7,39,27,69.23,21,53.85,6,15.38,3,4,2013,Black,82.47,69.23,orange_county
Orange County,2019,8,42,27,64.29,24,57.14,3,7.14,3,5,2013,Black,76.52,64.29,orange_county
Orange County,2014,3,253,175,69.17,131,51.78,44,17.39,3,0,2013,White,67.63,52,orange_county
Orange County,2015,4,246,202,82.11,134,54.47,68,27.64,3,1,2013,White,81.74,84,orange_county
Orange County,2016,5,249,204,81.93,134,53.82,70,28.11,3,2,2013,White,81.27,70,orange_county
Orange County,2017,6,245,197,80.41,149,60.82,48,19.59,3,3,2013,White,78.41,71.79,orange_county
Orange County,2018,7,241,204,84.65,157,65.15,47,19.5,3,4,2013,White,82.47,69.23,orange_county
Orange County,2019,8,235,187,79.57,160,68.09,27,11.49,3,5,2013,White,76.52,64.29,orange_county
