"School Year","Subject","Race","Test Level","Test Source","Test","Pass Advanced Count","Pass Proficient Count","Fail Count","Pass Count","Total Count","Pass Advanced Rate","Pass Proficient Rate","Fail Rate","Pass Rate","Average SOL Scaled Score"
"2005-2006","English:Reading","Unknown - Race/Ethnicity not provided","Grade 3","SOL","English Reading","746","738","262","1,484","1,746","42.73","42.27","15.01","84.99","476"
"2005-2006","English:Reading","Unknown - Race/Ethnicity not provided","Grade 4","SOL","English Reading","738","693","168","1,431","1,599","46.15","43.34","10.51","89.49","484"
"2005-2006","English:Reading","Unknown - Race/Ethnicity not provided","Grade 5","SOL","English Reading","745","682","157","1,427","1,584","47.03","43.06","9.91","90.09","488"
"2005-2006","English:Reading","Unknown - Race/Ethnicity not provided","Grade 6","SOL","English Reading","641","584","166","1,225","1,391","46.08","41.98","11.93","88.07","486"
"2005-2006","English:Reading","Unknown - Race/Ethnicity not provided","Grade 7","SOL","English Reading","637","600","193","1,237","1,430","44.55","41.96","13.50","86.50","482"
"2005-2006","English:Reading","Unknown - Race/Ethnicity not provided","Grade 8","SOL","English Reading","450","707","236","1,157","1,393","32.30","50.75","16.94","83.06","460"
"2005-2006","English:Reading","American Indian or Alaska Native","Grade 3","SOL","English Reading","113","133","39","246","285","39.65","46.67","13.68","86.32","474"
"2005-2006","English:Reading","American Indian or Alaska Native","Grade 4","SOL","English Reading","117","133","36","250","286","40.91","46.50","12.59","87.41","477"
"2005-2006","English:Reading","American Indian or Alaska Native","Grade 5","SOL","English Reading","118","144","33","262","295","40.00","48.81","11.19","88.81","482"
"2005-2006","English:Reading","American Indian or Alaska Native","Grade 6","SOL","English Reading","104","149","45","253","298","34.90","50.00","15.10","84.90","473"
"2005-2006","English:Reading","American Indian or Alaska Native","Grade 7","SOL","English Reading","124","145","50","269","319","38.87","45.45","15.67","84.33","473"
"2005-2006","English:Reading","American Indian or Alaska Native","Grade 8","SOL","English Reading","69","148","50","217","267","25.84","55.43","18.73","81.27","457"
"2005-2006","English:Reading","Asian","Grade 3","SOL","English Reading","1,997","1,774","357","3,771","4,128","48.38","42.97","8.65","91.35","489"
"2005-2006","English:Reading","Asian","Grade 4","SOL","English Reading","2,155","1,722","263","3,877","4,140","52.05","41.59","6.35","93.65","496"
"2005-2006","English:Reading","Asian","Grade 5","SOL","English Reading","2,234","1,605","225","3,839","4,064","54.97","39.49","5.54","94.46","502"
"2005-2006","English:Reading","Asian","Grade 6","SOL","English Reading","2,200","1,626","232","3,826","4,058","54.21","40.07","5.72","94.28","502"
"2005-2006","English:Reading","Asian","Grade 7","SOL","English Reading","2,134","1,706","352","3,840","4,192","50.91","40.70","8.40","91.60","495"
"2005-2006","English:Reading","Asian","Grade 8","SOL","English Reading","1,502","2,185","512","3,687","4,199","35.77","52.04","12.19","87.81","472"
"2005-2006","English:Reading","Black, not of Hispanic origin","Grade 3","SOL","English Reading","4,881","10,692","5,733","15,573","21,306","22.91","50.18","26.91","73.09","440"
"2005-2006","English:Reading","Black, not of Hispanic origin","Grade 4","SOL","English Reading","5,522","11,293","4,704","16,815","21,519","25.66","52.48","21.86","78.14","449"
"2005-2006","English:Reading","Black, not of Hispanic origin","Grade 5","SOL","English Reading","5,106","12,004","4,929","17,110","22,039","23.17","54.47","22.36","77.64","450"
"2005-2006","English:Reading","Black, not of Hispanic origin","Grade 6","SOL","English Reading","4,132","12,432","6,796","16,564","23,360","17.69","53.22","29.09","70.91","436"
"2005-2006","English:Reading","Black, not of Hispanic origin","Grade 7","SOL","English Reading","4,667","12,278","7,548","16,945","24,493","19.05","50.13","30.82","69.18","434"
"2005-2006","English:Reading","Black, not of Hispanic origin","Grade 8","SOL","English Reading","2,771","12,740","8,627","15,511","24,138","11.48","52.78","35.74","64.26","421"
"2005-2006","English:Reading","Hispanic","Grade 3","SOL","English Reading","1,490","2,831","1,008","4,321","5,329","27.96","53.12","18.92","81.08","454"
"2005-2006","English:Reading","Hispanic","Grade 4","SOL","English Reading","1,616","2,985","835","4,601","5,436","29.73","54.91","15.36","84.64","461"
"2005-2006","English:Reading","Hispanic","Grade 5","SOL","English Reading","1,765","3,004","821","4,769","5,590","31.57","53.74","14.69","85.31","466"
"2005-2006","English:Reading","Hispanic","Grade 6","SOL","English Reading","1,460","3,047","1,062","4,507","5,569","26.22","54.71","19.07","80.93","455"
"2005-2006","English:Reading","Hispanic","Grade 7","SOL","English Reading","1,286","2,766","1,279","4,052","5,331","24.12","51.89","23.99","76.01","446"
"2005-2006","English:Reading","Hispanic","Grade 8","SOL","English Reading","750","2,927","1,671","3,677","5,348","14.02","54.73","31.25","68.75","426"
"2005-2006","English:Reading","White, not of Hispanic origin","Grade 3","SOL","English Reading","23,452","20,619","5,629","44,071","49,700","47.19","41.49","11.33","88.67","485"
"2005-2006","English:Reading","White, not of Hispanic origin","Grade 4","SOL","English Reading","25,202","20,680","4,666","45,882","50,548","49.86","40.91","9.23","90.77","491"
"2005-2006","English:Reading","White, not of Hispanic origin","Grade 5","SOL","English Reading","26,159","21,080","4,322","47,239","51,561","50.73","40.88","8.38","91.62","496"
"2005-2006","English:Reading","White, not of Hispanic origin","Grade 6","SOL","English Reading","24,291","22,470","5,656","46,761","52,417","46.34","42.87","10.79","89.21","489"
"2005-2006","English:Reading","White, not of Hispanic origin","Grade 7","SOL","English Reading","24,922","22,168","6,485","47,090","53,575","46.52","41.38","12.10","87.90","487"
"2005-2006","English:Reading","White, not of Hispanic origin","Grade 8","SOL","English Reading","18,533","28,505","7,968","47,038","55,006","33.69","51.82","14.49","85.51","468"
"2005-2006","English:Reading","Native Hawaiian  or Pacific Islander","Grade 3","SOL","English Reading","55","62","7","117","124","44.35","50.00","5.65","94.35","487"
"2005-2006","English:Reading","Native Hawaiian  or Pacific Islander","Grade 4","SOL","English Reading","40","34","12","74","86","46.51","39.53","13.95","86.05","485"
"2005-2006","English:Reading","Native Hawaiian  or Pacific Islander","Grade 5","SOL","English Reading","45","38","5","83","88","51.14","43.18","5.68","94.32","498"
"2005-2006","English:Reading","Native Hawaiian  or Pacific Islander","Grade 6","SOL","English Reading","37","27","4","64","68","54.41","39.71","5.88","94.12","496"
"2005-2006","English:Reading","Native Hawaiian  or Pacific Islander","Grade 7","SOL","English Reading","32","37","5","69","74","43.24","50.00","6.76","93.24","487"
"2005-2006","English:Reading","Native Hawaiian  or Pacific Islander","Grade 8","SOL","English Reading","26","37","14","63","77","33.77","48.05","18.18","81.82","459"
"2006-2007","English:Reading","Unknown - Race/Ethnicity not provided","Grade 3","SOL","English Reading","946","1,190","476","2,136","2,612","36.22","45.56","18.22","81.78","470"
"2006-2007","English:Reading","Unknown - Race/Ethnicity not provided","Grade 4","SOL","English Reading","1,122","884","250","2,006","2,256","49.73","39.18","11.08","88.92","489"
"2006-2007","English:Reading","Unknown - Race/Ethnicity not provided","Grade 5","SOL","English Reading","730","974","218","1,704","1,922","37.98","50.68","11.34","88.66","482"
"2006-2007","English:Reading","Unknown - Race/Ethnicity not provided","Grade 6","SOL","English Reading","690","922","306","1,612","1,918","35.97","48.07","15.95","84.05","473"
"2006-2007","English:Reading","Unknown - Race/Ethnicity not provided","Grade 7","SOL","English Reading","713","779","342","1,492","1,834","38.88","42.48","18.65","81.35","469"
"2006-2007","English:Reading","Unknown - Race/Ethnicity not provided","Grade 8","SOL","English Reading","573","815","530","1,388","1,918","29.87","42.49","27.63","72.37","447"
"2006-2007","English:Reading","American Indian or Alaska Native","Grade 3","SOL","English Reading","102","112","49","214","263","38.78","42.59","18.63","81.37","469"
"2006-2007","English:Reading","American Indian or Alaska Native","Grade 4","SOL","English Reading","131","103","18","234","252","51.98","40.87","7.14","92.86","496"
"2006-2007","English:Reading","American Indian or Alaska Native","Grade 5","SOL","English Reading","90","172","27","262","289","31.14","59.52","9.34","90.66","476"
"2006-2007","English:Reading","American Indian or Alaska Native","Grade 6","SOL","English Reading","117","141","37","258","295","39.66","47.80","12.54","87.46","480"
"2006-2007","English:Reading","American Indian or Alaska Native","Grade 7","SOL","English Reading","119","129","32","248","280","42.50","46.07","11.43","88.57","483"
"2006-2007","English:Reading","American Indian or Alaska Native","Grade 8","SOL","English Reading","77","187","43","264","307","25.08","60.91","14.01","85.99","462"
"2006-2007","English:Reading","Asian","Grade 3","SOL","English Reading","1,999","1,995","692","3,994","4,686","42.66","42.57","14.77","85.23","481"
"2006-2007","English:Reading","Asian","Grade 4","SOL","English Reading","2,564","1,670","369","4,234","4,603","55.70","36.28","8.02","91.98","501"
"2006-2007","English:Reading","Asian","Grade 5","SOL","English Reading","2,077","2,131","446","4,208","4,654","44.63","45.79","9.58","90.42","492"
"2006-2007","English:Reading","Asian","Grade 6","SOL","English Reading","2,122","1,937","368","4,059","4,427","47.93","43.75","8.31","91.69","495"
"2006-2007","English:Reading","Asian","Grade 7","SOL","English Reading","2,292","1,716","494","4,008","4,502","50.91","38.12","10.97","89.03","496"
"2006-2007","English:Reading","Asian","Grade 8","SOL","English Reading","1,881","2,146","620","4,027","4,647","40.48","46.18","13.34","86.66","480"
"2006-2007","English:Reading","Black, not of Hispanic origin","Grade 3","SOL","English Reading","4,525","10,863","6,536","15,388","21,924","20.64","49.55","29.81","70.19","439"
"2006-2007","English:Reading","Black, not of Hispanic origin","Grade 4","SOL","English Reading","6,479","10,284","4,266","16,763","21,029","30.81","48.90","20.29","79.71","457"
"2006-2007","English:Reading","Black, not of Hispanic origin","Grade 5","SOL","English Reading","4,135","12,819","4,429","16,954","21,383","19.34","59.95","20.71","79.29","451"
"2006-2007","English:Reading","Black, not of Hispanic origin","Grade 6","SOL","English Reading","4,364","12,013","5,705","16,377","22,082","19.76","54.40","25.84","74.16","444"
"2006-2007","English:Reading","Black, not of Hispanic origin","Grade 7","SOL","English Reading","5,013","11,621","6,537","16,634","23,171","21.63","50.15","28.21","71.79","440"
"2006-2007","English:Reading","Black, not of Hispanic origin","Grade 8","SOL","English Reading","3,305","12,832","8,070","16,137","24,207","13.65","53.01","33.34","66.66","427"
"2006-2007","English:Reading","Hispanic","Grade 3","SOL","English Reading","1,388","3,193","2,632","4,581","7,213","19.24","44.27","36.49","63.51","427"
"2006-2007","English:Reading","Hispanic","Grade 4","SOL","English Reading","2,107","3,352","1,669","5,459","7,128","29.56","47.03","23.41","76.59","452"
"2006-2007","English:Reading","Hispanic","Grade 5","SOL","English Reading","1,324","3,785","1,828","5,109","6,937","19.09","54.56","26.35","73.65","445"
"2006-2007","English:Reading","Hispanic","Grade 6","SOL","English Reading","1,319","3,563","1,979","4,882","6,861","19.22","51.93","28.84","71.16","439"
"2006-2007","English:Reading","Hispanic","Grade 7","SOL","English Reading","1,522","3,158","1,980","4,680","6,660","22.85","47.42","29.73","70.27","440"
"2006-2007","English:Reading","Hispanic","Grade 8","SOL","English Reading","924","3,095","2,377","4,019","6,396","14.45","48.39","37.16","62.84","421"
"2006-2007","English:Reading","White, not of Hispanic origin","Grade 3","SOL","English Reading","22,301","20,914","6,744","43,215","49,959","44.64","41.86","13.50","86.50","485"
"2006-2007","English:Reading","White, not of Hispanic origin","Grade 4","SOL","English Reading","27,075","18,336","4,435","45,411","49,846","54.32","36.79","8.90","91.10","499"
"2006-2007","English:Reading","White, not of Hispanic origin","Grade 5","SOL","English Reading","21,914","24,328","4,531","46,242","50,773","43.16","47.92","8.92","91.08","492"
"2006-2007","English:Reading","White, not of Hispanic origin","Grade 6","SOL","English Reading","23,052","23,373","5,248","46,425","51,673","44.61","45.23","10.16","89.84","490"
"2006-2007","English:Reading","White, not of Hispanic origin","Grade 7","SOL","English Reading","25,414","20,685","6,168","46,099","52,267","48.62","39.58","11.80","88.20","491"
"2006-2007","English:Reading","White, not of Hispanic origin","Grade 8","SOL","English Reading","20,328","26,320","7,246","46,648","53,894","37.72","48.84","13.44","86.56","477"
"2006-2007","English:Reading","Native Hawaiian  or Pacific Islander","Grade 3","SOL","English Reading","25","42","10","67","77","32.47","54.55","12.99","87.01","473"
"2006-2007","English:Reading","Native Hawaiian  or Pacific Islander","Grade 4","SOL","English Reading","50","35","6","85","91","54.95","38.46","6.59","93.41","504"
"2006-2007","English:Reading","Native Hawaiian  or Pacific Islander","Grade 5","SOL","English Reading","24","31","7","55","62","38.71","50.00","11.29","88.71","485"
"2006-2007","English:Reading","Native Hawaiian  or Pacific Islander","Grade 6","SOL","English Reading","34","42","7","76","83","40.96","50.60","8.43","91.57","495"
"2006-2007","English:Reading","Native Hawaiian  or Pacific Islander","Grade 7","SOL","English Reading","36","15","5","51","56","64.29","26.79","8.93","91.07","505"
"2006-2007","English:Reading","Native Hawaiian  or Pacific Islander","Grade 8","SOL","English Reading","14","27","9","41","50","28.00","54.00","18.00","82.00","459"
"2007-2008","English:Reading","Unknown - Race/Ethnicity not provided","Grade 3","SOL","English Reading","1,145","1,316","408","2,461","2,869","39.91","45.87","14.22","85.78","477"
"2007-2008","English:Reading","Unknown - Race/Ethnicity not provided","Grade 4","SOL","English Reading","1,222","1,090","246","2,312","2,558","47.77","42.61","9.62","90.38","495"
"2007-2008","English:Reading","Unknown - Race/Ethnicity not provided","Grade 5","SOL","English Reading","984","973","182","1,957","2,139","46.00","45.49","8.51","91.49","492"
"2007-2008","English:Reading","Unknown - Race/Ethnicity not provided","Grade 6","SOL","English Reading","785","908","245","1,693","1,938","40.51","46.85","12.64","87.36","481"
"2007-2008","English:Reading","Unknown - Race/Ethnicity not provided","Grade 7","SOL","English Reading","786","848","213","1,634","1,847","42.56","45.91","11.53","88.47","486"
"2007-2008","English:Reading","Unknown - Race/Ethnicity not provided","Grade 8","SOL","English Reading","690","767","262","1,457","1,719","40.14","44.62","15.24","84.76","474"
"2007-2008","English:Reading","American Indian or Alaska Native","Grade 3","SOL","English Reading","88","131","45","219","264","33.33","49.62","17.05","82.95","463"
"2007-2008","English:Reading","American Indian or Alaska Native","Grade 4","SOL","English Reading","112","134","30","246","276","40.58","48.55","10.87","89.13","487"
"2007-2008","English:Reading","American Indian or Alaska Native","Grade 5","SOL","English Reading","111","122","24","233","257","43.19","47.47","9.34","90.66","488"
"2007-2008","English:Reading","American Indian or Alaska Native","Grade 6","SOL","English Reading","101","148","37","249","286","35.31","51.75","12.94","87.06","473"
"2007-2008","English:Reading","American Indian or Alaska Native","Grade 7","SOL","English Reading","124","144","43","268","311","39.87","46.30","13.83","86.17","481"
"2007-2008","English:Reading","American Indian or Alaska Native","Grade 8","SOL","English Reading","100","149","27","249","276","36.23","53.99","9.78","90.22","478"
"2007-2008","English:Reading","Asian","Grade 3","SOL","English Reading","2,280","1,873","440","4,153","4,593","49.64","40.78","9.58","90.42","493"
"2007-2008","English:Reading","Asian","Grade 4","SOL","English Reading","2,744","1,664","300","4,408","4,708","58.28","35.34","6.37","93.63","512"
"2007-2008","English:Reading","Asian","Grade 5","SOL","English Reading","2,405","2,011","259","4,416","4,675","51.44","43.02","5.54","94.46","503"
"2007-2008","English:Reading","Asian","Grade 6","SOL","English Reading","2,363","1,981","322","4,344","4,666","50.64","42.46","6.90","93.10","500"
"2007-2008","English:Reading","Asian","Grade 7","SOL","English Reading","2,387","1,782","274","4,169","4,443","53.72","40.11","6.17","93.83","505"
"2007-2008","English:Reading","Asian","Grade 8","SOL","English Reading","2,343","1,859","366","4,202","4,568","51.29","40.70","8.01","91.99","498"
"2007-2008","English:Reading","Black, not of Hispanic origin","Grade 3","SOL","English Reading","4,675","11,163","5,633","15,838","21,471","21.77","51.99","26.24","73.76","443"
"2007-2008","English:Reading","Black, not of Hispanic origin","Grade 4","SOL","English Reading","6,343","11,005","4,298","17,348","21,646","29.30","50.84","19.86","80.14","462"
"2007-2008","English:Reading","Black, not of Hispanic origin","Grade 5","SOL","English Reading","5,091","11,819","3,768","16,910","20,678","24.62","57.16","18.22","81.78","458"
"2007-2008","English:Reading","Black, not of Hispanic origin","Grade 6","SOL","English Reading","3,881","11,710","5,580","15,591","21,171","18.33","55.31","26.36","73.64","442"
"2007-2008","English:Reading","Black, not of Hispanic origin","Grade 7","SOL","English Reading","4,503","12,197","5,201","16,700","21,901","20.56","55.69","23.75","76.25","446"
"2007-2008","English:Reading","Black, not of Hispanic origin","Grade 8","SOL","English Reading","3,975","12,479","6,805","16,454","23,259","17.09","53.65","29.26","70.74","434"
"2007-2008","English:Reading","Hispanic","Grade 3","SOL","English Reading","1,522","3,398","1,548","4,920","6,468","23.53","52.54","23.93","76.07","447"
"2007-2008","English:Reading","Hispanic","Grade 4","SOL","English Reading","2,018","3,383","1,145","5,401","6,546","30.83","51.68","17.49","82.51","467"
"2007-2008","English:Reading","Hispanic","Grade 5","SOL","English Reading","1,731","3,835","1,157","5,566","6,723","25.75","57.04","17.21","82.79","461"
"2007-2008","English:Reading","Hispanic","Grade 6","SOL","English Reading","1,434","3,654","1,520","5,088","6,608","21.70","55.30","23.00","77.00","449"
"2007-2008","English:Reading","Hispanic","Grade 7","SOL","English Reading","1,568","3,514","1,439","5,082","6,521","24.05","53.89","22.07","77.93","451"
"2007-2008","English:Reading","Hispanic","Grade 8","SOL","English Reading","1,391","3,439","1,616","4,830","6,446","21.58","53.35","25.07","74.93","444"
"2007-2008","English:Reading","White, not of Hispanic origin","Grade 3","SOL","English Reading","22,222","21,618","5,653","43,840","49,493","44.90","43.68","11.42","88.58","486"
"2007-2008","English:Reading","White, not of Hispanic origin","Grade 4","SOL","English Reading","26,981","18,737","3,907","45,718","49,625","54.37","37.76","7.87","92.13","506"
"2007-2008","English:Reading","White, not of Hispanic origin","Grade 5","SOL","English Reading","24,230","21,774","3,574","46,004","49,578","48.87","43.92","7.21","92.79","499"
"2007-2008","English:Reading","White, not of Hispanic origin","Grade 6","SOL","English Reading","22,503","22,968","5,002","45,471","50,473","44.58","45.51","9.91","90.09","489"
"2007-2008","English:Reading","White, not of Hispanic origin","Grade 7","SOL","English Reading","24,674","22,195","4,539","46,869","51,408","48.00","43.17","8.83","91.17","494"
"2007-2008","English:Reading","White, not of Hispanic origin","Grade 8","SOL","English Reading","23,828","23,065","5,521","46,893","52,414","45.46","44.01","10.53","89.47","487"
"2007-2008","English:Reading","Native Hawaiian  or Pacific Islander","Grade 3","SOL","English Reading","38","42","11","80","91","41.76","46.15","12.09","87.91","477"
"2007-2008","English:Reading","Native Hawaiian  or Pacific Islander","Grade 4","SOL","English Reading","46","29","5","75","80","57.50","36.25","6.25","93.75","508"
"2007-2008","English:Reading","Native Hawaiian  or Pacific Islander","Grade 5","SOL","English Reading","37","36","3","73","76","48.68","47.37","3.95","96.05","502"
"2007-2008","English:Reading","Native Hawaiian  or Pacific Islander","Grade 6","SOL","English Reading","31","35","8","66","74","41.89","47.30","10.81","89.19","482"
"2007-2008","English:Reading","Native Hawaiian  or Pacific Islander","Grade 7","SOL","English Reading","37","48","6","85","91","40.66","52.75","6.59","93.41","488"
"2007-2008","English:Reading","Native Hawaiian  or Pacific Islander","Grade 8","SOL","English Reading","29","36","4","65","69","42.03","52.17","5.80","94.20","484"
"2008-2009","English:Reading","Unknown - Race/Ethnicity not provided","Grade 3","SOL","English Reading","1,115","1,507","347","2,622","2,969","37.55","50.76","11.69","88.31","479"
"2008-2009","English:Reading","Unknown - Race/Ethnicity not provided","Grade 4","SOL","English Reading","1,471","1,066","257","2,537","2,794","52.65","38.15","9.20","90.80","499"
"2008-2009","English:Reading","Unknown - Race/Ethnicity not provided","Grade 5","SOL","English Reading","961","1,355","151","2,316","2,467","38.95","54.93","6.12","93.88","490"
"2008-2009","English:Reading","Unknown - Race/Ethnicity not provided","Grade 6","SOL","English Reading","884","1,060","222","1,944","2,166","40.81","48.94","10.25","89.75","486"
"2008-2009","English:Reading","Unknown - Race/Ethnicity not provided","Grade 7","SOL","English Reading","956","842","174","1,798","1,972","48.48","42.70","8.82","91.18","494"
"2008-2009","English:Reading","Unknown - Race/Ethnicity not provided","Grade 8","SOL","English Reading","917","757","175","1,674","1,849","49.59","40.94","9.46","90.54","494"
"2008-2009","English:Reading","American Indian or Alaska Native","Grade 3","SOL","English Reading","64","124","26","188","214","29.91","57.94","12.15","87.85","468"
"2008-2009","English:Reading","American Indian or Alaska Native","Grade 4","SOL","English Reading","94","127","30","221","251","37.45","50.60","11.95","88.05","479"
"2008-2009","English:Reading","American Indian or Alaska Native","Grade 5","SOL","English Reading","95","162","20","257","277","34.30","58.48","7.22","92.78","484"
"2008-2009","English:Reading","American Indian or Alaska Native","Grade 6","SOL","English Reading","90","148","28","238","266","33.83","55.64","10.53","89.47","478"
"2008-2009","English:Reading","American Indian or Alaska Native","Grade 7","SOL","English Reading","116","128","34","244","278","41.73","46.04","12.23","87.77","484"
"2008-2009","English:Reading","American Indian or Alaska Native","Grade 8","SOL","English Reading","130","138","37","268","305","42.62","45.25","12.13","87.87","481"
"2008-2009","English:Reading","Asian","Grade 3","SOL","English Reading","2,247","2,284","376","4,531","4,907","45.79","46.55","7.66","92.34","495"
"2008-2009","English:Reading","Asian","Grade 4","SOL","English Reading","2,841","1,586","294","4,427","4,721","60.18","33.59","6.23","93.77","512"
"2008-2009","English:Reading","Asian","Grade 5","SOL","English Reading","2,408","2,233","185","4,641","4,826","49.90","46.27","3.83","96.17","506"
"2008-2009","English:Reading","Asian","Grade 6","SOL","English Reading","2,374","2,115","290","4,489","4,779","49.68","44.26","6.07","93.93","501"
"2008-2009","English:Reading","Asian","Grade 7","SOL","English Reading","2,725","1,774","277","4,499","4,776","57.06","37.14","5.80","94.20","507"
"2008-2009","English:Reading","Asian","Grade 8","SOL","English Reading","2,730","1,684","246","4,414","4,660","58.58","36.14","5.28","94.72","510"
"2008-2009","English:Reading","Black, not of Hispanic origin","Grade 3","SOL","English Reading","4,544","12,152","5,023","16,696","21,719","20.92","55.95","23.13","76.87","446"
"2008-2009","English:Reading","Black, not of Hispanic origin","Grade 4","SOL","English Reading","6,620","10,572","4,156","17,192","21,348","31.01","49.52","19.47","80.53","461"
"2008-2009","English:Reading","Black, not of Hispanic origin","Grade 5","SOL","English Reading","4,456","13,950","3,193","18,406","21,599","20.63","64.59","14.78","85.22","460"
"2008-2009","English:Reading","Black, not of Hispanic origin","Grade 6","SOL","English Reading","3,829","11,634","5,159","15,463","20,622","18.57","56.42","25.02","74.98","445"
"2008-2009","English:Reading","Black, not of Hispanic origin","Grade 7","SOL","English Reading","5,340","11,257","4,458","16,597","21,055","25.36","53.46","21.17","78.83","453"
"2008-2009","English:Reading","Black, not of Hispanic origin","Grade 8","SOL","English Reading","4,963","12,108","4,980","17,071","22,051","22.51","54.91","22.58","77.42","448"
"2008-2009","English:Reading","Hispanic","Grade 3","SOL","English Reading","1,459","3,912","1,338","5,371","6,709","21.75","58.31","19.94","80.06","451"
"2008-2009","English:Reading","Hispanic","Grade 4","SOL","English Reading","2,316","3,262","1,114","5,578","6,692","34.61","48.74","16.65","83.35","468"
"2008-2009","English:Reading","Hispanic","Grade 5","SOL","English Reading","1,515","4,358","847","5,873","6,720","22.54","64.85","12.60","87.40","464"
"2008-2009","English:Reading","Hispanic","Grade 6","SOL","English Reading","1,579","3,776","1,383","5,355","6,738","23.43","56.04","20.53","79.47","455"
"2008-2009","English:Reading","Hispanic","Grade 7","SOL","English Reading","1,824","3,472","1,206","5,296","6,502","28.05","53.40","18.55","81.45","459"
"2008-2009","English:Reading","Hispanic","Grade 8","SOL","English Reading","1,761","3,573","1,266","5,334","6,600","26.68","54.14","19.18","80.82","458"
"2008-2009","English:Reading","White, not of Hispanic origin","Grade 3","SOL","English Reading","20,918","24,023","5,063","44,941","50,004","41.83","48.04","10.13","89.87","486"
"2008-2009","English:Reading","White, not of Hispanic origin","Grade 4","SOL","English Reading","27,655","17,862","3,898","45,517","49,415","55.96","36.15","7.89","92.11","506"
"2008-2009","English:Reading","White, not of Hispanic origin","Grade 5","SOL","English Reading","21,534","25,204","2,897","46,738","49,635","43.38","50.78","5.84","94.16","496"
"2008-2009","English:Reading","White, not of Hispanic origin","Grade 6","SOL","English Reading","21,609","23,267","4,601","44,876","49,477","43.67","47.03","9.30","90.70","491"
"2008-2009","English:Reading","White, not of Hispanic origin","Grade 7","SOL","English Reading","27,366","19,418","3,653","46,784","50,437","54.26","38.50","7.24","92.76","501"
"2008-2009","English:Reading","White, not of Hispanic origin","Grade 8","SOL","English Reading","25,846","21,568","4,392","47,414","51,806","49.89","41.63","8.48","91.52","495"
"2008-2009","English:Reading","Native Hawaiian  or Pacific Islander","Grade 3","SOL","English Reading","32","71","10","103","113","28.32","62.83","8.85","91.15","473"
"2008-2009","English:Reading","Native Hawaiian  or Pacific Islander","Grade 4","SOL","English Reading","49","43","11","92","103","47.57","41.75","10.68","89.32","496"
"2008-2009","English:Reading","Native Hawaiian  or Pacific Islander","Grade 5","SOL","English Reading","30","51","6","81","87","34.48","58.62","6.90","93.10","485"
"2008-2009","English:Reading","Native Hawaiian  or Pacific Islander","Grade 6","SOL","English Reading","39","40","10","79","89","43.82","44.94","11.24","88.76","484"
"2008-2009","English:Reading","Native Hawaiian  or Pacific Islander","Grade 7","SOL","English Reading","40","25","6","65","71","56.34","35.21","8.45","91.55","502"
"2008-2009","English:Reading","Native Hawaiian  or Pacific Islander","Grade 8","SOL","English Reading","51","42","7","93","100","51.00","42.00","7.00","93.00","489"
"2009-2010","English:Reading","Unknown - Race/Ethnicity not provided","Grade 3","SOL","English Reading","1,201","1,230","406","2,431","2,837","42.33","43.36","14.31","85.69","483"
"2009-2010","English:Reading","Unknown - Race/Ethnicity not provided","Grade 4","SOL","English Reading","1,403","1,052","248","2,455","2,703","51.91","38.92","9.17","90.83","498"
"2009-2010","English:Reading","Unknown - Race/Ethnicity not provided","Grade 5","SOL","English Reading","1,010","1,326","169","2,336","2,505","40.32","52.93","6.75","93.25","491"
"2009-2010","English:Reading","Unknown - Race/Ethnicity not provided","Grade 6","SOL","English Reading","1,032","1,031","176","2,063","2,239","46.09","46.05","7.86","92.14","491"
"2009-2010","English:Reading","Unknown - Race/Ethnicity not provided","Grade 7","SOL","English Reading","984","844","139","1,828","1,967","50.03","42.91","7.07","92.93","498"
"2009-2010","English:Reading","Unknown - Race/Ethnicity not provided","Grade 8","SOL","English Reading","904","772","130","1,676","1,806","50.06","42.75","7.20","92.80","494"
"2009-2010","English:Reading","American Indian or Alaska Native","Grade 3","SOL","English Reading","102","124","37","226","263","38.78","47.15","14.07","85.93","480"
"2009-2010","English:Reading","American Indian or Alaska Native","Grade 4","SOL","English Reading","122","101","21","223","244","50.00","41.39","8.61","91.39","494"
"2009-2010","English:Reading","American Indian or Alaska Native","Grade 5","SOL","English Reading","96","152","27","248","275","34.91","55.27","9.82","90.18","483"
"2009-2010","English:Reading","American Indian or Alaska Native","Grade 6","SOL","English Reading","114","142","26","256","282","40.43","50.35","9.22","90.78","479"
"2009-2010","English:Reading","American Indian or Alaska Native","Grade 7","SOL","English Reading","122","126","31","248","279","43.73","45.16","11.11","88.89","486"
"2009-2010","English:Reading","American Indian or Alaska Native","Grade 8","SOL","English Reading","127","153","24","280","304","41.78","50.33","7.89","92.11","484"
"2009-2010","English:Reading","Asian","Grade 3","SOL","English Reading","2,615","2,127","452","4,742","5,194","50.35","40.95","8.70","91.30","500"
"2009-2010","English:Reading","Asian","Grade 4","SOL","English Reading","3,144","1,788","296","4,932","5,228","60.14","34.20","5.66","94.34","513"
"2009-2010","English:Reading","Asian","Grade 5","SOL","English Reading","2,426","2,248","215","4,674","4,889","49.62","45.98","4.40","95.60","505"
"2009-2010","English:Reading","Asian","Grade 6","SOL","English Reading","2,764","2,018","238","4,782","5,020","55.06","40.20","4.74","95.26","506"
"2009-2010","English:Reading","Asian","Grade 7","SOL","English Reading","2,847","1,850","249","4,697","4,946","57.56","37.40","5.03","94.97","508"
"2009-2010","English:Reading","Asian","Grade 8","SOL","English Reading","2,997","1,841","216","4,838","5,054","59.30","36.43","4.27","95.73","509"
"2009-2010","English:Reading","Black, not of Hispanic origin","Grade 3","SOL","English Reading","4,974","10,131","6,312","15,105","21,417","23.22","47.30","29.47","70.53","443"
"2009-2010","English:Reading","Black, not of Hispanic origin","Grade 4","SOL","English Reading","6,608","10,592","4,608","17,200","21,808","30.30","48.57","21.13","78.87","459"
"2009-2010","English:Reading","Black, not of Hispanic origin","Grade 5","SOL","English Reading","4,245","13,417","3,622","17,662","21,284","19.94","63.04","17.02","82.98","455"
"2009-2010","English:Reading","Black, not of Hispanic origin","Grade 6","SOL","English Reading","5,015","12,049","4,596","17,064","21,660","23.15","55.63","21.22","78.78","449"
"2009-2010","English:Reading","Black, not of Hispanic origin","Grade 7","SOL","English Reading","4,957","11,565","4,254","16,522","20,776","23.86","55.67","20.48","79.52","453"
"2009-2010","English:Reading","Black, not of Hispanic origin","Grade 8","SOL","English Reading","5,431","12,067","3,903","17,498","21,401","25.38","56.39","18.24","81.76","454"
"2009-2010","English:Reading","Hispanic","Grade 3","SOL","English Reading","1,891","3,490","1,732","5,381","7,113","26.59","49.07","24.35","75.65","453"
"2009-2010","English:Reading","Hispanic","Grade 4","SOL","English Reading","2,478","3,598","1,199","6,076","7,275","34.06","49.46","16.48","83.52","468"
"2009-2010","English:Reading","Hispanic","Grade 5","SOL","English Reading","1,747","4,335","1,020","6,082","7,102","24.60","61.04","14.36","85.64","463"
"2009-2010","English:Reading","Hispanic","Grade 6","SOL","English Reading","1,791","3,916","1,293","5,707","7,000","25.59","55.94","18.47","81.53","456"
"2009-2010","English:Reading","Hispanic","Grade 7","SOL","English Reading","1,990","3,834","1,156","5,824","6,980","28.51","54.93","16.56","83.44","463"
"2009-2010","English:Reading","Hispanic","Grade 8","SOL","English Reading","2,032","3,740","1,008","5,772","6,780","29.97","55.16","14.87","85.13","462"
"2009-2010","English:Reading","White, not of Hispanic origin","Grade 3","SOL","English Reading","23,457","20,671","5,809","44,128","49,937","46.97","41.39","11.63","88.37","491"
"2009-2010","English:Reading","White, not of Hispanic origin","Grade 4","SOL","English Reading","28,064","18,153","4,009","46,217","50,226","55.88","36.14","7.98","92.02","505"
"2009-2010","English:Reading","White, not of Hispanic origin","Grade 5","SOL","English Reading","21,729","24,973","3,080","46,702","49,782","43.65","50.16","6.19","93.81","495"
"2009-2010","English:Reading","White, not of Hispanic origin","Grade 6","SOL","English Reading","24,550","21,392","3,839","45,942","49,781","49.32","42.97","7.71","92.29","494"
"2009-2010","English:Reading","White, not of Hispanic origin","Grade 7","SOL","English Reading","25,433","20,864","3,352","46,297","49,649","51.23","42.02","6.75","93.25","500"
"2009-2010","English:Reading","White, not of Hispanic origin","Grade 8","SOL","English Reading","26,685","21,066","3,485","47,751","51,236","52.08","41.12","6.80","93.20","497"
"2009-2010","English:Reading","Native Hawaiian  or Pacific Islander","Grade 3","SOL","English Reading","59","58","15","117","132","44.70","43.94","11.36","88.64","487"
"2009-2010","English:Reading","Native Hawaiian  or Pacific Islander","Grade 4","SOL","English Reading","69","49","5","118","123","56.10","39.84","4.07","95.93","505"
"2009-2010","English:Reading","Native Hawaiian  or Pacific Islander","Grade 5","SOL","English Reading","44","71","7","115","122","36.07","58.20","5.74","94.26","490"
"2009-2010","English:Reading","Native Hawaiian  or Pacific Islander","Grade 6","SOL","English Reading","40","61","5","101","106","37.74","57.55","4.72","95.28","483"
"2009-2010","English:Reading","Native Hawaiian  or Pacific Islander","Grade 7","SOL","English Reading","48","45","8","93","101","47.52","44.55","7.92","92.08","492"
"2009-2010","English:Reading","Native Hawaiian  or Pacific Islander","Grade 8","SOL","English Reading","38","43","4","81","85","44.71","50.59","4.71","95.29","489"
"2010-2011","English:Reading","American Indian or Alaska Native","Grade 3","SOL","English Reading","88","134","59","222","281","31.32","47.69","21.00","79.00","461"
"2010-2011","English:Reading","American Indian or Alaska Native","Grade 4","SOL","English Reading","82","138","36","220","256","32.03","53.91","14.06","85.94","476"
"2010-2011","English:Reading","American Indian or Alaska Native","Grade 5","SOL","English Reading","95","163","28","258","286","33.22","56.99","9.79","90.21","473"
"2010-2011","English:Reading","American Indian or Alaska Native","Grade 6","SOL","English Reading","97","180","52","277","329","29.48","54.71","15.81","84.19","467"
"2010-2011","English:Reading","American Indian or Alaska Native","Grade 7","SOL","English Reading","99","161","24","260","284","34.86","56.69","8.45","91.55","477"
"2010-2011","English:Reading","American Indian or Alaska Native","Grade 8","SOL","English Reading","122","147","32","269","301","40.53","48.84","10.63","89.37","484"
"2010-2011","English:Reading","Asian","Grade 3","SOL","English Reading","2,897","1,999","541","4,896","5,437","53.28","36.77","9.95","90.05","498"
"2010-2011","English:Reading","Asian","Grade 4","SOL","English Reading","3,035","2,008","363","5,043","5,406","56.14","37.14","6.71","93.29","512"
"2010-2011","English:Reading","Asian","Grade 5","SOL","English Reading","2,841","2,233","280","5,074","5,354","53.06","41.71","5.23","94.77","501"
"2010-2011","English:Reading","Asian","Grade 6","SOL","English Reading","2,929","1,777","246","4,706","4,952","59.15","35.88","4.97","95.03","515"
"2010-2011","English:Reading","Asian","Grade 7","SOL","English Reading","2,867","1,957","241","4,824","5,065","56.60","38.64","4.76","95.24","511"
"2010-2011","English:Reading","Asian","Grade 8","SOL","English Reading","2,930","1,854","202","4,784","4,986","58.76","37.18","4.05","95.95","514"
"2010-2011","English:Reading","Black, not of Hispanic origin","Grade 3","SOL","English Reading","4,758","10,105","5,880","14,863","20,743","22.94","48.72","28.35","71.65","441"
"2010-2011","English:Reading","Black, not of Hispanic origin","Grade 4","SOL","English Reading","4,931","10,935","4,828","15,866","20,694","23.83","52.84","23.33","76.67","453"
"2010-2011","English:Reading","Black, not of Hispanic origin","Grade 5","SOL","English Reading","4,851","12,491","3,931","17,342","21,273","22.80","58.72","18.48","81.52","452"
"2010-2011","English:Reading","Black, not of Hispanic origin","Grade 6","SOL","English Reading","4,425","11,618","5,017","16,043","21,060","21.01","55.17","23.82","76.18","448"
"2010-2011","English:Reading","Black, not of Hispanic origin","Grade 7","SOL","English Reading","4,251","12,631","4,395","16,882","21,277","19.98","59.36","20.66","79.34","451"
"2010-2011","English:Reading","Black, not of Hispanic origin","Grade 8","SOL","English Reading","5,143","12,113","3,830","17,256","21,086","24.39","57.45","18.16","81.84","456"
"2010-2011","English:Reading","Hispanic","Grade 3","SOL","English Reading","2,811","4,820","2,623","7,631","10,254","27.41","47.01","25.58","74.42","450"
"2010-2011","English:Reading","Hispanic","Grade 4","SOL","English Reading","2,853","5,171","1,932","8,024","9,956","28.66","51.94","19.41","80.59","463"
"2010-2011","English:Reading","Hispanic","Grade 5","SOL","English Reading","2,749","5,253","1,581","8,002","9,583","28.69","54.82","16.50","83.50","462"
"2010-2011","English:Reading","Hispanic","Grade 6","SOL","English Reading","2,589","4,812","1,628","7,401","9,029","28.67","53.29","18.03","81.97","464"
"2010-2011","English:Reading","Hispanic","Grade 7","SOL","English Reading","2,419","5,147","1,350","7,566","8,916","27.13","57.73","15.14","84.86","465"
"2010-2011","English:Reading","Hispanic","Grade 8","SOL","English Reading","2,969","4,836","1,099","7,805","8,904","33.34","54.31","12.34","87.66","473"
"2010-2011","English:Reading","White, not of Hispanic origin","Grade 3","SOL","English Reading","23,555","19,112","5,524","42,667","48,191","48.88","39.66","11.46","88.54","490"
"2010-2011","English:Reading","White, not of Hispanic origin","Grade 4","SOL","English Reading","24,467","20,945","4,135","45,412","49,547","49.38","42.27","8.35","91.65","501"
"2010-2011","English:Reading","White, not of Hispanic origin","Grade 5","SOL","English Reading","23,465","22,836","3,555","46,301","49,856","47.07","45.80","7.13","92.87","491"
"2010-2011","English:Reading","White, not of Hispanic origin","Grade 6","SOL","English Reading","24,542","20,602","4,282","45,144","49,426","49.65","41.68","8.66","91.34","499"
"2010-2011","English:Reading","White, not of Hispanic origin","Grade 7","SOL","English Reading","23,496","22,304","3,649","45,800","49,449","47.52","45.11","7.38","92.62","496"
"2010-2011","English:Reading","White, not of Hispanic origin","Grade 8","SOL","English Reading","25,876","21,149","3,198","47,025","50,223","51.52","42.11","6.37","93.63","501"
"2010-2011","English:Reading","Native Hawaiian  or Pacific Islander","Grade 3","SOL","English Reading","58","49","20","107","127","45.67","38.58","15.75","84.25","480"
"2010-2011","English:Reading","Native Hawaiian  or Pacific Islander","Grade 4","SOL","English Reading","51","59","10","110","120","42.50","49.17","8.33","91.67","498"
"2010-2011","English:Reading","Native Hawaiian  or Pacific Islander","Grade 5","SOL","English Reading","47","48","6","95","101","46.53","47.52","5.94","94.06","489"
"2010-2011","English:Reading","Native Hawaiian  or Pacific Islander","Grade 6","SOL","English Reading","33","73","18","106","124","26.61","58.87","14.52","85.48","468"
"2010-2011","English:Reading","Native Hawaiian  or Pacific Islander","Grade 7","SOL","English Reading","47","70","10","117","127","37.01","55.12","7.87","92.13","483"
"2010-2011","English:Reading","Native Hawaiian  or Pacific Islander","Grade 8","SOL","English Reading","48","52","11","100","111","43.24","46.85","9.91","90.09","484"
"2010-2011","English:Reading","Non-Hispanic, two or more races","Grade 3","SOL","English Reading","1,814","1,772","540","3,586","4,126","43.97","42.95","13.09","86.91","482"
"2010-2011","English:Reading","Non-Hispanic, two or more races","Grade 4","SOL","English Reading","1,795","1,738","434","3,533","3,967","45.25","43.81","10.94","89.06","494"
"2010-2011","English:Reading","Non-Hispanic, two or more races","Grade 5","SOL","English Reading","1,640","1,846","349","3,486","3,835","42.76","48.14","9.10","90.90","484"
"2010-2011","English:Reading","Non-Hispanic, two or more races","Grade 6","SOL","English Reading","1,723","1,745","389","3,468","3,857","44.67","45.24","10.09","89.91","491"
"2010-2011","English:Reading","Non-Hispanic, two or more races","Grade 7","SOL","English Reading","1,558","1,809","295","3,367","3,662","42.55","49.40","8.06","91.94","490"
"2010-2011","English:Reading","Non-Hispanic, two or more races","Grade 8","SOL","English Reading","1,863","1,527","199","3,390","3,589","51.91","42.55","5.54","94.46","501"
"2011-2012","English:Reading","American Indian or Alaska Native","Grade 3","SOL","English Reading","79","144","41","223","264","29.92","54.55","15.53","84.47","465"
"2011-2012","English:Reading","American Indian or Alaska Native","Grade 4","SOL","English Reading","86","148","34","234","268","32.09","55.22","12.69","87.31","469"
"2011-2012","English:Reading","American Indian or Alaska Native","Grade 5","SOL","English Reading","72","165","26","237","263","27.38","62.74","9.89","90.11","470"
"2011-2012","English:Reading","American Indian or Alaska Native","Grade 6","SOL","English Reading","115","135","23","250","273","42.12","49.45","8.42","91.58","481"
"2011-2012","English:Reading","American Indian or Alaska Native","Grade 7","SOL","English Reading","101","175","50","276","326","30.98","53.68","15.34","84.66","469"
"2011-2012","English:Reading","American Indian or Alaska Native","Grade 8","SOL","English Reading","116","142","25","258","283","40.99","50.18","8.83","91.17","482"
"2011-2012","English:Reading","Asian","Grade 3","SOL","English Reading","2,767","2,611","462","5,378","5,840","47.38","44.71","7.91","92.09","494"
"2011-2012","English:Reading","Asian","Grade 4","SOL","English Reading","3,243","2,093","321","5,336","5,657","57.33","37.00","5.67","94.33","511"
"2011-2012","English:Reading","Asian","Grade 5","SOL","English Reading","2,825","2,442","287","5,267","5,554","50.86","43.97","5.17","94.83","502"
"2011-2012","English:Reading","Asian","Grade 6","SOL","English Reading","3,429","1,816","204","5,245","5,449","62.93","33.33","3.74","96.26","514"
"2011-2012","English:Reading","Asian","Grade 7","SOL","English Reading","2,893","1,934","273","4,827","5,100","56.73","37.92","5.35","94.65","506"
"2011-2012","English:Reading","Asian","Grade 8","SOL","English Reading","3,179","1,837","227","5,016","5,243","60.63","35.04","4.33","95.67","516"
"2011-2012","English:Reading","Black, not of Hispanic origin","Grade 3","SOL","English Reading","4,285","11,115","4,967","15,400","20,367","21.04","54.57","24.39","75.61","444"
"2011-2012","English:Reading","Black, not of Hispanic origin","Grade 4","SOL","English Reading","4,726","11,469","4,479","16,195","20,674","22.86","55.48","21.66","78.34","449"
"2011-2012","English:Reading","Black, not of Hispanic origin","Grade 5","SOL","English Reading","3,970","12,975","3,800","16,945","20,745","19.14","62.55","18.32","81.68","450"
"2011-2012","English:Reading","Black, not of Hispanic origin","Grade 6","SOL","English Reading","5,269","11,994","4,252","17,263","21,515","24.49","55.75","19.76","80.24","452"
"2011-2012","English:Reading","Black, not of Hispanic origin","Grade 7","SOL","English Reading","4,618","12,044","4,619","16,662","21,281","21.70","56.60","21.70","78.30","448"
"2011-2012","English:Reading","Black, not of Hispanic origin","Grade 8","SOL","English Reading","4,903","12,507","4,543","17,410","21,953","22.33","56.97","20.69","79.31","452"
"2011-2012","English:Reading","Hispanic","Grade 3","SOL","English Reading","2,570","5,558","2,334","8,128","10,462","24.57","53.13","22.31","77.69","452"
"2011-2012","English:Reading","Hispanic","Grade 4","SOL","English Reading","2,995","5,845","1,861","8,840","10,701","27.99","54.62","17.39","82.61","461"
"2011-2012","English:Reading","Hispanic","Grade 5","SOL","English Reading","2,411","6,068","1,659","8,479","10,138","23.78","59.85","16.36","83.64","458"
"2011-2012","English:Reading","Hispanic","Grade 6","SOL","English Reading","3,285","5,151","1,508","8,436","9,944","33.03","51.80","15.16","84.84","466"
"2011-2012","English:Reading","Hispanic","Grade 7","SOL","English Reading","2,611","5,147","1,548","7,758","9,306","28.06","55.31","16.63","83.37","462"
"2011-2012","English:Reading","Hispanic","Grade 8","SOL","English Reading","2,857","4,937","1,466","7,794","9,260","30.85","53.32","15.83","84.17","468"
"2011-2012","English:Reading","White, not of Hispanic origin","Grade 3","SOL","English Reading","21,829","21,724","4,661","43,553","48,214","45.28","45.06","9.67","90.33","490"
"2011-2012","English:Reading","White, not of Hispanic origin","Grade 4","SOL","English Reading","23,427","20,900","3,995","44,327","48,322","48.48","43.25","8.27","91.73","496"
"2011-2012","English:Reading","White, not of Hispanic origin","Grade 5","SOL","English Reading","21,040","25,137","3,473","46,177","49,650","42.38","50.63","6.99","93.01","489"
"2011-2012","English:Reading","White, not of Hispanic origin","Grade 6","SOL","English Reading","26,191","20,052","3,680","46,243","49,923","52.46","40.17","7.37","92.63","499"
"2011-2012","English:Reading","White, not of Hispanic origin","Grade 7","SOL","English Reading","23,876","21,817","3,929","45,693","49,622","48.12","43.97","7.92","92.08","493"
"2011-2012","English:Reading","White, not of Hispanic origin","Grade 8","SOL","English Reading","26,471","20,242","3,452","46,713","50,165","52.77","40.35","6.88","93.12","502"
"2011-2012","English:Reading","Native Hawaiian  or Pacific Islander","Grade 3","SOL","English Reading","55","74","12","129","141","39.01","52.48","8.51","91.49","483"
"2011-2012","English:Reading","Native Hawaiian  or Pacific Islander","Grade 4","SOL","English Reading","46","65","11","111","122","37.70","53.28","9.02","90.98","478"
"2011-2012","English:Reading","Native Hawaiian  or Pacific Islander","Grade 5","SOL","English Reading","53","69","13","122","135","39.26","51.11","9.63","90.37","483"
"2011-2012","English:Reading","Native Hawaiian  or Pacific Islander","Grade 6","SOL","English Reading","47","52","11","99","110","42.73","47.27","10.00","90.00","484"
"2011-2012","English:Reading","Native Hawaiian  or Pacific Islander","Grade 7","SOL","English Reading","53","62","19","115","134","39.55","46.27","14.18","85.82","474"
"2011-2012","English:Reading","Native Hawaiian  or Pacific Islander","Grade 8","SOL","English Reading","52","69","8","121","129","40.31","53.49","6.20","93.80","486"
"2011-2012","English:Reading","Non-Hispanic, two or more races","Grade 3","SOL","English Reading","1,721","2,104","532","3,825","4,357","39.50","48.29","12.21","87.79","480"
"2011-2012","English:Reading","Non-Hispanic, two or more races","Grade 4","SOL","English Reading","1,904","1,932","380","3,836","4,216","45.16","45.83","9.01","90.99","490"
"2011-2012","English:Reading","Non-Hispanic, two or more races","Grade 5","SOL","English Reading","1,507","2,223","371","3,730","4,101","36.75","54.21","9.05","90.95","481"
"2011-2012","English:Reading","Non-Hispanic, two or more races","Grade 6","SOL","English Reading","1,892","1,700","351","3,592","3,943","47.98","43.11","8.90","91.10","492"
"2011-2012","English:Reading","Non-Hispanic, two or more races","Grade 7","SOL","English Reading","1,750","1,814","348","3,564","3,912","44.73","46.37","8.90","91.10","487"
"2011-2012","English:Reading","Non-Hispanic, two or more races","Grade 8","SOL","English Reading","1,773","1,682","294","3,455","3,749","47.29","44.87","7.84","92.16","494"
"2012-2013","English:Reading","American Indian or Alaska Native","Grade 3","SOL","English Reading","23","136","84","159","243","9.47","55.97","34.57","65.43","418"
"2012-2013","English:Reading","American Indian or Alaska Native","Grade 4","SOL","English Reading","24","135","92","159","251","9.56","53.78","36.65","63.35","421"
"2012-2013","English:Reading","American Indian or Alaska Native","Grade 5","SOL","English Reading","40","152","81","192","273","14.65","55.68","29.67","70.33","427"
"2012-2013","English:Reading","American Indian or Alaska Native","Grade 6","SOL","English Reading","37","153","79","190","269","13.75","56.88","29.37","70.63","431"
"2012-2013","English:Reading","American Indian or Alaska Native","Grade 7","SOL","English Reading","24","188","67","212","279","8.60","67.38","24.01","75.99","434"
"2012-2013","English:Reading","American Indian or Alaska Native","Grade 8","SOL","English Reading","27","177","91","204","295","9.15","60.00","30.85","69.15","423"
"2012-2013","English:Reading","Asian","Grade 3","SOL","English Reading","1,606","3,522","935","5,128","6,063","26.49","58.09","15.42","84.58","457"
"2012-2013","English:Reading","Asian","Grade 4","SOL","English Reading","1,527","3,413","1,084","4,940","6,024","25.35","56.66","17.99","82.01","455"
"2012-2013","English:Reading","Asian","Grade 5","SOL","English Reading","1,750","3,266","846","5,016","5,862","29.85","55.71","14.43","85.57","462"
"2012-2013","English:Reading","Asian","Grade 6","SOL","English Reading","1,911","3,122","675","5,033","5,708","33.48","54.70","11.83","88.17","467"
"2012-2013","English:Reading","Asian","Grade 7","SOL","English Reading","1,649","3,285","654","4,934","5,588","29.51","58.79","11.70","88.30","465"
"2012-2013","English:Reading","Asian","Grade 8","SOL","English Reading","1,270","3,306","697","4,576","5,273","24.08","62.70","13.22","86.78","457"
"2012-2013","English:Reading","Black, not of Hispanic origin","Grade 3","SOL","English Reading","1,709","9,775","8,788","11,484","20,272","8.43","48.22","43.35","56.65","407"
"2012-2013","English:Reading","Black, not of Hispanic origin","Grade 4","SOL","English Reading","1,234","9,279","9,828","10,513","20,341","6.07","45.62","48.32","51.68","401"
"2012-2013","English:Reading","Black, not of Hispanic origin","Grade 5","SOL","English Reading","1,522","9,998","9,234","11,520","20,754","7.33","48.17","44.49","55.51","405"
"2012-2013","English:Reading","Black, not of Hispanic origin","Grade 6","SOL","English Reading","1,441","10,204","9,366","11,645","21,011","6.86","48.57","44.58","55.42","405"
"2012-2013","English:Reading","Black, not of Hispanic origin","Grade 7","SOL","English Reading","1,231","11,099","9,351","12,330","21,681","5.68","51.19","43.13","56.87","407"
"2012-2013","English:Reading","Black, not of Hispanic origin","Grade 8","SOL","English Reading","750","10,554","10,524","11,304","21,828","3.44","48.35","48.21","51.79","400"
"2012-2013","English:Reading","Hispanic","Grade 3","SOL","English Reading","1,155","5,638","4,325","6,793","11,118","10.39","50.71","38.90","61.10","415"
"2012-2013","English:Reading","Hispanic","Grade 4","SOL","English Reading","1,000","5,303","4,765","6,303","11,068","9.04","47.91","43.05","56.95","410"
"2012-2013","English:Reading","Hispanic","Grade 5","SOL","English Reading","1,192","5,720","4,169","6,912","11,081","10.76","51.62","37.62","62.38","417"
"2012-2013","English:Reading","Hispanic","Grade 6","SOL","English Reading","1,101","5,455","4,029","6,556","10,585","10.40","51.54","38.06","61.94","417"
"2012-2013","English:Reading","Hispanic","Grade 7","SOL","English Reading","988","5,712","3,436","6,700","10,136","9.75","56.35","33.90","66.10","421"
"2012-2013","English:Reading","Hispanic","Grade 8","SOL","English Reading","602","5,522","3,521","6,124","9,645","6.24","57.25","36.51","63.49","416"
"2012-2013","English:Reading","White, not of Hispanic origin","Grade 3","SOL","English Reading","10,752","27,764","10,087","38,516","48,603","22.12","57.12","20.75","79.25","447"
"2012-2013","English:Reading","White, not of Hispanic origin","Grade 4","SOL","English Reading","10,972","26,983","10,185","37,955","48,140","22.79","56.05","21.16","78.84","450"
"2012-2013","English:Reading","White, not of Hispanic origin","Grade 5","SOL","English Reading","11,494","27,689","8,965","39,183","48,148","23.87","57.51","18.62","81.38","452"
"2012-2013","English:Reading","White, not of Hispanic origin","Grade 6","SOL","English Reading","12,402","28,015","9,073","40,417","49,490","25.06","56.61","18.33","81.67","453"
"2012-2013","English:Reading","White, not of Hispanic origin","Grade 7","SOL","English Reading","10,534","30,540","8,812","41,074","49,886","21.12","61.22","17.66","82.34","450"
"2012-2013","English:Reading","White, not of Hispanic origin","Grade 8","SOL","English Reading","7,118","32,068","10,714","39,186","49,900","14.26","64.26","21.47","78.53","440"
"2012-2013","English:Reading","Native Hawaiian  or Pacific Islander","Grade 3","SOL","English Reading","18","89","29","107","136","13.24","65.44","21.32","78.68","438"
"2012-2013","English:Reading","Native Hawaiian  or Pacific Islander","Grade 4","SOL","English Reading","23","84","31","107","138","16.67","60.87","22.46","77.54","441"
"2012-2013","English:Reading","Native Hawaiian  or Pacific Islander","Grade 5","SOL","English Reading","18","77","27","95","122","14.75","63.11","22.13","77.87","440"
"2012-2013","English:Reading","Native Hawaiian  or Pacific Islander","Grade 6","SOL","English Reading","25","70","33","95","128","19.53","54.69","25.78","74.22","436"
"2012-2013","English:Reading","Native Hawaiian  or Pacific Islander","Grade 7","SOL","English Reading","21","71","22","92","114","18.42","62.28","19.30","80.70","439"
"2012-2013","English:Reading","Native Hawaiian  or Pacific Islander","Grade 8","SOL","English Reading","11","69","50","80","130","8.46","53.08","38.46","61.54","419"
"2012-2013","English:Reading","Non-Hispanic, two or more races","Grade 3","SOL","English Reading","848","2,609","1,199","3,457","4,656","18.21","56.04","25.75","74.25","437"
"2012-2013","English:Reading","Non-Hispanic, two or more races","Grade 4","SOL","English Reading","829","2,437","1,179","3,266","4,445","18.65","54.83","26.52","73.48","439"
"2012-2013","English:Reading","Non-Hispanic, two or more races","Grade 5","SOL","English Reading","940","2,402","934","3,342","4,276","21.98","56.17","21.84","78.16","446"
"2012-2013","English:Reading","Non-Hispanic, two or more races","Grade 6","SOL","English Reading","883","2,346","925","3,229","4,154","21.26","56.48","22.27","77.73","445"
"2012-2013","English:Reading","Non-Hispanic, two or more races","Grade 7","SOL","English Reading","779","2,338","869","3,117","3,986","19.54","58.66","21.80","78.20","444"
"2012-2013","English:Reading","Non-Hispanic, two or more races","Grade 8","SOL","English Reading","468","2,567","952","3,035","3,987","11.74","64.38","23.88","76.12","435"
"2013-2014","English:Reading","American Indian or Alaska Native","Grade 3","SOL","English Reading","23","146","95","169","264","8.71","55.30","35.98","64.02","419"
"2013-2014","English:Reading","American Indian or Alaska Native","Grade 4","SOL","English Reading","27","115","89","142","231","11.69","49.78","38.53","61.47","419"
"2013-2014","English:Reading","American Indian or Alaska Native","Grade 5","SOL","English Reading","39","140","68","179","247","15.79","56.68","27.53","72.47","435"
"2013-2014","English:Reading","American Indian or Alaska Native","Grade 6","SOL","English Reading","26","161","88","187","275","9.45","58.55","32.00","68.00","425"
"2013-2014","English:Reading","American Indian or Alaska Native","Grade 7","SOL","English Reading","32","167","79","199","278","11.51","60.07","28.42","71.58","430"
"2013-2014","English:Reading","American Indian or Alaska Native","Grade 8","SOL","English Reading","25","167","75","192","267","9.36","62.55","28.09","71.91","427"
"2013-2014","English:Reading","Asian","Grade 3","SOL","English Reading","1,473","3,485","1,059","4,958","6,017","24.48","57.92","17.60","82.40","460"
"2013-2014","English:Reading","Asian","Grade 4","SOL","English Reading","1,857","3,393","1,022","5,250","6,272","29.61","54.10","16.29","83.71","464"
"2013-2014","English:Reading","Asian","Grade 5","SOL","English Reading","2,051","3,265","787","5,316","6,103","33.61","53.50","12.90","87.10","473"
"2013-2014","English:Reading","Asian","Grade 6","SOL","English Reading","1,606","3,673","725","5,279","6,004","26.75","61.18","12.08","87.92","467"
"2013-2014","English:Reading","Asian","Grade 7","SOL","English Reading","1,744","3,497","592","5,241","5,833","29.90","59.95","10.15","89.85","470"
"2013-2014","English:Reading","Asian","Grade 8","SOL","English Reading","1,328","3,628","736","4,956","5,692","23.33","63.74","12.93","87.07","462"
"2013-2014","English:Reading","Black, not of Hispanic origin","Grade 3","SOL","English Reading","1,234","9,300","9,852","10,534","20,386","6.05","45.62","48.33","51.67","403"
"2013-2014","English:Reading","Black, not of Hispanic origin","Grade 4","SOL","English Reading","1,447","9,193","9,463","10,640","20,103","7.20","45.73","47.07","52.93","405"
"2013-2014","English:Reading","Black, not of Hispanic origin","Grade 5","SOL","English Reading","1,799","9,751","8,654","11,550","20,204","8.90","48.26","42.83","57.17","412"
"2013-2014","English:Reading","Black, not of Hispanic origin","Grade 6","SOL","English Reading","1,079","10,337","9,407","11,416","20,823","5.18","49.64","45.18","54.82","406"
"2013-2014","English:Reading","Black, not of Hispanic origin","Grade 7","SOL","English Reading","1,245","10,958","8,786","12,203","20,989","5.93","52.21","41.86","58.14","411"
"2013-2014","English:Reading","Black, not of Hispanic origin","Grade 8","SOL","English Reading","678","10,655","10,380","11,333","21,713","3.12","49.07","47.81","52.19","402"
"2013-2014","English:Reading","Hispanic","Grade 3","SOL","English Reading","855","5,662","5,055","6,517","11,572","7.39","48.93","43.68","56.32","411"
"2013-2014","English:Reading","Hispanic","Grade 4","SOL","English Reading","1,106","5,482","5,189","6,588","11,777","9.39","46.55","44.06","55.94","411"
"2013-2014","English:Reading","Hispanic","Grade 5","SOL","English Reading","1,314","5,623","4,312","6,937","11,249","11.68","49.99","38.33","61.67","420"
"2013-2014","English:Reading","Hispanic","Grade 6","SOL","English Reading","857","6,241","4,199","7,098","11,297","7.59","55.24","37.17","62.83","418"
"2013-2014","English:Reading","Hispanic","Grade 7","SOL","English Reading","1,005","6,089","3,613","7,094","10,707","9.39","56.87","33.74","66.26","423"
"2013-2014","English:Reading","Hispanic","Grade 8","SOL","English Reading","607","5,789","3,978","6,396","10,374","5.85","55.80","38.35","61.65","415"
"2013-2014","English:Reading","White, not of Hispanic origin","Grade 3","SOL","English Reading","9,048","27,295","11,061","36,343","47,404","19.09","57.58","23.33","76.67","446"
"2013-2014","English:Reading","White, not of Hispanic origin","Grade 4","SOL","English Reading","10,751","27,228","10,297","37,979","48,276","22.27","56.40","21.33","78.67","451"
"2013-2014","English:Reading","White, not of Hispanic origin","Grade 5","SOL","English Reading","11,923","26,677","9,061","38,600","47,661","25.02","55.97","19.01","80.99","456"
"2013-2014","English:Reading","White, not of Hispanic origin","Grade 6","SOL","English Reading","9,130","29,753","9,088","38,883","47,971","19.03","62.02","18.94","81.06","450"
"2013-2014","English:Reading","White, not of Hispanic origin","Grade 7","SOL","English Reading","10,424","30,778","8,084","41,202","49,286","21.15","62.45","16.40","83.60","454"
"2013-2014","English:Reading","White, not of Hispanic origin","Grade 8","SOL","English Reading","6,685","32,339","10,857","39,024","49,881","13.40","64.83","21.77","78.23","441"
"2013-2014","English:Reading","Native Hawaiian  or Pacific Islander","Grade 3","SOL","English Reading","13","81","40","94","134","9.70","60.45","29.85","70.15","428"
"2013-2014","English:Reading","Native Hawaiian  or Pacific Islander","Grade 4","SOL","English Reading","24","80","29","104","133","18.05","60.15","21.80","78.20","445"
"2013-2014","English:Reading","Native Hawaiian  or Pacific Islander","Grade 5","SOL","English Reading","27","85","28","112","140","19.29","60.71","20.00","80.00","447"
"2013-2014","English:Reading","Native Hawaiian  or Pacific Islander","Grade 6","SOL","English Reading","20","78","25","98","123","16.26","63.41","20.33","79.67","444"
"2013-2014","English:Reading","Native Hawaiian  or Pacific Islander","Grade 7","SOL","English Reading","21","74","31","95","126","16.67","58.73","24.60","75.40","441"
"2013-2014","English:Reading","Native Hawaiian  or Pacific Islander","Grade 8","SOL","English Reading","9","74","30","83","113","7.96","65.49","26.55","73.45","431"
"2013-2014","English:Reading","Non-Hispanic, two or more races","Grade 3","SOL","English Reading","762","2,652","1,294","3,414","4,708","16.19","56.33","27.49","72.51","439"
"2013-2014","English:Reading","Non-Hispanic, two or more races","Grade 4","SOL","English Reading","865","2,582","1,250","3,447","4,697","18.42","54.97","26.61","73.39","441"
"2013-2014","English:Reading","Non-Hispanic, two or more races","Grade 5","SOL","English Reading","940","2,450","1,070","3,390","4,460","21.08","54.93","23.99","76.01","447"
"2013-2014","English:Reading","Non-Hispanic, two or more races","Grade 6","SOL","English Reading","680","2,708","971","3,388","4,359","15.60","62.12","22.28","77.72","443"
"2013-2014","English:Reading","Non-Hispanic, two or more races","Grade 7","SOL","English Reading","730","2,530","882","3,260","4,142","17.62","61.08","21.29","78.71","446"
"2013-2014","English:Reading","Non-Hispanic, two or more races","Grade 8","SOL","English Reading","508","2,542","1,007","3,050","4,057","12.52","62.66","24.82","75.18","437"
"2014-2015","English:Reading","American Indian or Alaska Native","Grade 3","SOL","English Reading","46","149","86","195","281","16.37","53.02","30.60","69.40","431"
"2014-2015","English:Reading","American Indian or Alaska Native","Grade 4","SOL","English Reading","36","172","62","208","270","13.33","63.70","22.96","77.04","437"
"2014-2015","English:Reading","American Indian or Alaska Native","Grade 5","SOL","English Reading","31","143","60","174","234","13.25","61.11","25.64","74.36","434"
"2014-2015","English:Reading","American Indian or Alaska Native","Grade 6","SOL","English Reading","30","140","65","170","235","12.77","59.57","27.66","72.34","429"
"2014-2015","English:Reading","American Indian or Alaska Native","Grade 7","SOL","English Reading","39","167","55","206","261","14.94","63.98","21.07","78.93","437"
"2014-2015","English:Reading","American Indian or Alaska Native","Grade 8","SOL","English Reading","16","175","70","191","261","6.13","67.05","26.82","73.18","424"
"2014-2015","English:Reading","Asian","Grade 3","SOL","English Reading","1,846","3,512","779","5,358","6,137","30.08","57.23","12.69","87.31","470"
"2014-2015","English:Reading","Asian","Grade 4","SOL","English Reading","2,032","3,585","628","5,617","6,245","32.54","57.41","10.06","89.94","470"
"2014-2015","English:Reading","Asian","Grade 5","SOL","English Reading","2,390","3,445","617","5,835","6,452","37.04","53.39","9.56","90.44","478"
"2014-2015","English:Reading","Asian","Grade 6","SOL","English Reading","2,034","3,592","608","5,626","6,234","32.63","57.62","9.75","90.25","471"
"2014-2015","English:Reading","Asian","Grade 7","SOL","English Reading","2,134","3,541","459","5,675","6,134","34.79","57.73","7.48","92.52","476"
"2014-2015","English:Reading","Asian","Grade 8","SOL","English Reading","1,396","3,976","614","5,372","5,986","23.32","66.42","10.26","89.74","462"
"2014-2015","English:Reading","Black, not of Hispanic origin","Grade 3","SOL","English Reading","1,966","10,743","8,266","12,709","20,975","9.37","51.22","39.41","60.59","411"
"2014-2015","English:Reading","Black, not of Hispanic origin","Grade 4","SOL","English Reading","1,768","11,010","7,774","12,778","20,552","8.60","53.57","37.83","62.17","411"
"2014-2015","English:Reading","Black, not of Hispanic origin","Grade 5","SOL","English Reading","2,084","11,165","7,241","13,249","20,490","10.17","54.49","35.34","64.66","416"
"2014-2015","English:Reading","Black, not of Hispanic origin","Grade 6","SOL","English Reading","1,340","10,935","8,418","12,275","20,693","6.48","52.84","40.68","59.32","407"
"2014-2015","English:Reading","Black, not of Hispanic origin","Grade 7","SOL","English Reading","1,719","12,183","7,116","13,902","21,018","8.18","57.96","33.86","66.14","416"
"2014-2015","English:Reading","Black, not of Hispanic origin","Grade 8","SOL","English Reading","738","11,533","9,061","12,271","21,332","3.46","54.06","42.48","57.52","402"
"2014-2015","English:Reading","Hispanic","Grade 3","SOL","English Reading","1,408","6,834","4,321","8,242","12,563","11.21","54.40","34.39","65.61","420"
"2014-2015","English:Reading","Hispanic","Grade 4","SOL","English Reading","1,330","7,038","4,281","8,368","12,649","10.51","55.64","33.84","66.16","416"
"2014-2015","English:Reading","Hispanic","Grade 5","SOL","English Reading","1,577","6,822","3,820","8,399","12,219","12.91","55.83","31.26","68.74","425"
"2014-2015","English:Reading","Hispanic","Grade 6","SOL","English Reading","1,068","6,632","4,000","7,700","11,700","9.13","56.68","34.19","65.81","418"
"2014-2015","English:Reading","Hispanic","Grade 7","SOL","English Reading","1,282","7,405","2,962","8,687","11,649","11.01","63.57","25.43","74.57","429"
"2014-2015","English:Reading","Hispanic","Grade 8","SOL","English Reading","640","6,546","3,871","7,186","11,057","5.79","59.20","35.01","64.99","413"
"2014-2015","English:Reading","White, not of Hispanic origin","Grade 3","SOL","English Reading","11,400","27,283","8,531","38,683","47,214","24.15","57.79","18.07","81.93","455"
"2014-2015","English:Reading","White, not of Hispanic origin","Grade 4","SOL","English Reading","11,883","28,183","7,442","40,066","47,508","25.01","59.32","15.66","84.34","456"
"2014-2015","English:Reading","White, not of Hispanic origin","Grade 5","SOL","English Reading","14,109","27,300","7,138","41,409","48,547","29.06","56.23","14.70","85.30","461"
"2014-2015","English:Reading","White, not of Hispanic origin","Grade 6","SOL","English Reading","10,808","29,292","7,628","40,100","47,728","22.64","61.37","15.98","84.02","454"
"2014-2015","English:Reading","White, not of Hispanic origin","Grade 7","SOL","English Reading","11,878","30,132","6,097","42,010","48,107","24.69","62.64","12.67","87.33","458"
"2014-2015","English:Reading","White, not of Hispanic origin","Grade 8","SOL","English Reading","6,501","34,611","8,447","41,112","49,559","13.12","69.84","17.04","82.96","443"
"2014-2015","English:Reading","Native Hawaiian  or Pacific Islander","Grade 3","SOL","English Reading","24","84","30","108","138","17.39","60.87","21.74","78.26","445"
"2014-2015","English:Reading","Native Hawaiian  or Pacific Islander","Grade 4","SOL","English Reading","26","92","27","118","145","17.93","63.45","18.62","81.38","445"
"2014-2015","English:Reading","Native Hawaiian  or Pacific Islander","Grade 5","SOL","English Reading","33","87","27","120","147","22.45","59.18","18.37","81.63","447"
"2014-2015","English:Reading","Native Hawaiian  or Pacific Islander","Grade 6","SOL","English Reading","27","96","27","123","150","18.00","64.00","18.00","82.00","444"
"2014-2015","English:Reading","Native Hawaiian  or Pacific Islander","Grade 7","SOL","English Reading","27","75","17","102","119","22.69","63.03","14.29","85.71","453"
"2014-2015","English:Reading","Native Hawaiian  or Pacific Islander","Grade 8","SOL","English Reading","12","91","33","103","136","8.82","66.91","24.26","75.74","429"
"2014-2015","English:Reading","Non-Hispanic, two or more races","Grade 3","SOL","English Reading","1,026","2,921","1,173","3,947","5,120","20.04","57.05","22.91","77.09","445"
"2014-2015","English:Reading","Non-Hispanic, two or more races","Grade 4","SOL","English Reading","1,042","2,764","980","3,806","4,786","21.77","57.75","20.48","79.52","445"
"2014-2015","English:Reading","Non-Hispanic, two or more races","Grade 5","SOL","English Reading","1,157","2,771","863","3,928","4,791","24.15","57.84","18.01","81.99","452"
"2014-2015","English:Reading","Non-Hispanic, two or more races","Grade 6","SOL","English Reading","899","2,747","936","3,646","4,582","19.62","59.95","20.43","79.57","445"
"2014-2015","English:Reading","Non-Hispanic, two or more races","Grade 7","SOL","English Reading","963","2,822","642","3,785","4,427","21.75","63.75","14.50","85.50","453"
"2014-2015","English:Reading","Non-Hispanic, two or more races","Grade 8","SOL","English Reading","513","2,828","879","3,341","4,220","12.16","67.01","20.83","79.17","438"
"2015-2016","English:Reading","American Indian or Alaska Native","Grade 3","SOL","English Reading","30","171","81","201","282","10.64","60.64","28.72","71.28","423"
"2015-2016","English:Reading","American Indian or Alaska Native","Grade 4","SOL","English Reading","23","165","78","188","266","8.65","62.03","29.32","70.68","426"
"2015-2016","English:Reading","American Indian or Alaska Native","Grade 5","SOL","English Reading","48","150","56","198","254","18.90","59.06","22.05","77.95","440"
"2015-2016","English:Reading","American Indian or Alaska Native","Grade 6","SOL","English Reading","33","141","54","174","228","14.47","61.84","23.68","76.32","435"
"2015-2016","English:Reading","American Indian or Alaska Native","Grade 7","SOL","English Reading","21","159","45","180","225","9.33","70.67","20.00","80.00","433"
"2015-2016","English:Reading","American Indian or Alaska Native","Grade 8","SOL","English Reading","22","157","71","179","250","8.80","62.80","28.40","71.60","424"
"2015-2016","English:Reading","Asian","Grade 3","SOL","English Reading","1,327","4,175","774","5,502","6,276","21.14","66.52","12.33","87.67","456"
"2015-2016","English:Reading","Asian","Grade 4","SOL","English Reading","1,997","3,702","698","5,699","6,397","31.22","57.87","10.91","89.09","468"
"2015-2016","English:Reading","Asian","Grade 5","SOL","English Reading","2,619","3,281","492","5,900","6,392","40.97","51.33","7.70","92.30","485"
"2015-2016","English:Reading","Asian","Grade 6","SOL","English Reading","2,445","3,567","547","6,012","6,559","37.28","54.38","8.34","91.66","482"
"2015-2016","English:Reading","Asian","Grade 7","SOL","English Reading","1,855","4,031","427","5,886","6,313","29.38","63.85","6.76","93.24","470"
"2015-2016","English:Reading","Asian","Grade 8","SOL","English Reading","1,600","4,010","679","5,610","6,289","25.44","63.76","10.80","89.20","463"
"2015-2016","English:Reading","Black, not of Hispanic origin","Grade 3","SOL","English Reading","1,335","11,897","8,397","13,232","21,629","6.17","55.00","38.82","61.18","404"
"2015-2016","English:Reading","Black, not of Hispanic origin","Grade 4","SOL","English Reading","1,750","11,581","7,583","13,331","20,914","8.37","55.37","36.26","63.74","411"
"2015-2016","English:Reading","Black, not of Hispanic origin","Grade 5","SOL","English Reading","2,255","11,555","6,745","13,810","20,555","10.97","56.22","32.81","67.19","420"
"2015-2016","English:Reading","Black, not of Hispanic origin","Grade 6","SOL","English Reading","1,700","10,859","7,992","12,559","20,551","8.27","52.84","38.89","61.11","413"
"2015-2016","English:Reading","Black, not of Hispanic origin","Grade 7","SOL","English Reading","1,247","12,888","6,532","14,135","20,667","6.03","62.36","31.61","68.39","414"
"2015-2016","English:Reading","Black, not of Hispanic origin","Grade 8","SOL","English Reading","894","11,158","9,039","12,052","21,091","4.24","52.90","42.86","57.14","403"
"2015-2016","English:Reading","Hispanic","Grade 3","SOL","English Reading","1,051","7,838","4,389","8,889","13,278","7.92","59.03","33.05","66.95","414"
"2015-2016","English:Reading","Hispanic","Grade 4","SOL","English Reading","1,320","7,774","4,786","9,094","13,880","9.51","56.01","34.48","65.52","416"
"2015-2016","English:Reading","Hispanic","Grade 5","SOL","English Reading","1,815","7,414","3,737","9,229","12,966","14.00","57.18","28.82","71.18","428"
"2015-2016","English:Reading","Hispanic","Grade 6","SOL","English Reading","1,427","6,903","4,150","8,330","12,480","11.43","55.31","33.25","66.75","423"
"2015-2016","English:Reading","Hispanic","Grade 7","SOL","English Reading","1,057","7,621","3,179","8,678","11,857","8.91","64.27","26.81","73.19","422"
"2015-2016","English:Reading","Hispanic","Grade 8","SOL","English Reading","837","6,956","4,092","7,793","11,885","7.04","58.53","34.43","65.57","415"
"2015-2016","English:Reading","White, not of Hispanic origin","Grade 3","SOL","English Reading","8,956","30,122","8,142","39,078","47,220","18.97","63.79","17.24","82.76","446"
"2015-2016","English:Reading","White, not of Hispanic origin","Grade 4","SOL","English Reading","11,580","28,107","7,269","39,687","46,956","24.66","59.86","15.48","84.52","454"
"2015-2016","English:Reading","White, not of Hispanic origin","Grade 5","SOL","English Reading","15,148","26,245","5,977","41,393","47,370","31.98","55.40","12.62","87.38","467"
"2015-2016","English:Reading","White, not of Hispanic origin","Grade 6","SOL","English Reading","12,285","28,371","7,532","40,656","48,188","25.49","58.88","15.63","84.37","459"
"2015-2016","English:Reading","White, not of Hispanic origin","Grade 7","SOL","English Reading","9,756","32,375","5,542","42,131","47,673","20.46","67.91","11.63","88.37","454"
"2015-2016","English:Reading","White, not of Hispanic origin","Grade 8","SOL","English Reading","7,698","32,226","8,114","39,924","48,038","16.02","67.08","16.89","83.11","446"
"2015-2016","English:Reading","Native Hawaiian  or Pacific Islander","Grade 3","SOL","English Reading","21","92","30","113","143","14.69","64.34","20.98","79.02","429"
"2015-2016","English:Reading","Native Hawaiian  or Pacific Islander","Grade 4","SOL","English Reading","28","93","22","121","143","19.58","65.03","15.38","84.62","444"
"2015-2016","English:Reading","Native Hawaiian  or Pacific Islander","Grade 5","SOL","English Reading","33","90","23","123","146","22.60","61.64","15.75","84.25","452"
"2015-2016","English:Reading","Native Hawaiian  or Pacific Islander","Grade 6","SOL","English Reading","32","88","23","120","143","22.38","61.54","16.08","83.92","457"
"2015-2016","English:Reading","Native Hawaiian  or Pacific Islander","Grade 7","SOL","English Reading","26","112","20","138","158","16.46","70.89","12.66","87.34","448"
"2015-2016","English:Reading","Native Hawaiian  or Pacific Islander","Grade 8","SOL","English Reading","28","63","18","91","109","25.69","57.80","16.51","83.49","450"
"2015-2016","English:Reading","Non-Hispanic, two or more races","Grade 3","SOL","English Reading","879","3,428","1,193","4,307","5,500","15.98","62.33","21.69","78.31","437"
"2015-2016","English:Reading","Non-Hispanic, two or more races","Grade 4","SOL","English Reading","1,051","3,102","1,015","4,153","5,168","20.34","60.02","19.64","80.36","445"
"2015-2016","English:Reading","Non-Hispanic, two or more races","Grade 5","SOL","English Reading","1,417","2,704","807","4,121","4,928","28.75","54.87","16.38","83.62","459"
"2015-2016","English:Reading","Non-Hispanic, two or more races","Grade 6","SOL","English Reading","1,079","2,881","907","3,960","4,867","22.17","59.19","18.64","81.36","452"
"2015-2016","English:Reading","Non-Hispanic, two or more races","Grade 7","SOL","English Reading","830","3,146","678","3,976","4,654","17.83","67.60","14.57","85.43","447"
"2015-2016","English:Reading","Non-Hispanic, two or more races","Grade 8","SOL","English Reading","670","2,969","882","3,639","4,521","14.82","65.67","19.51","80.49","441"
"2016-2017","English:Reading","American Indian or Alaska Native","Grade 3","SOL","English Reading","31","139","74","170","244","12.70","56.97","30.33","69.67","427"
"2016-2017","English:Reading","American Indian or Alaska Native","Grade 4","SOL","English Reading","45","152","69","197","266","16.92","57.14","25.94","74.06","432"
"2016-2017","English:Reading","American Indian or Alaska Native","Grade 5","SOL","English Reading","49","151","54","200","254","19.29","59.45","21.26","78.74","445"
"2016-2017","English:Reading","American Indian or Alaska Native","Grade 6","SOL","English Reading","34","164","66","198","264","12.88","62.12","25.00","75.00","433"
"2016-2017","English:Reading","American Indian or Alaska Native","Grade 7","SOL","English Reading","32","146","41","178","219","14.61","66.67","18.72","81.28","437"
"2016-2017","English:Reading","American Indian or Alaska Native","Grade 8","SOL","English Reading","22","141","68","163","231","9.52","61.04","29.44","70.56","427"
"2016-2017","English:Reading","Asian","Grade 3","SOL","English Reading","1,834","3,973","850","5,807","6,657","27.55","59.68","12.77","87.23","462"
"2016-2017","English:Reading","Asian","Grade 4","SOL","English Reading","2,134","3,697","710","5,831","6,541","32.62","56.52","10.85","89.15","471"
"2016-2017","English:Reading","Asian","Grade 5","SOL","English Reading","2,624","3,362","556","5,986","6,542","40.11","51.39","8.50","91.50","482"
"2016-2017","English:Reading","Asian","Grade 6","SOL","English Reading","2,587","3,448","503","6,035","6,538","39.57","52.74","7.69","92.31","481"
"2016-2017","English:Reading","Asian","Grade 7","SOL","English Reading","2,071","4,191","432","6,262","6,694","30.94","62.61","6.45","93.55","471"
"2016-2017","English:Reading","Asian","Grade 8","SOL","English Reading","1,831","3,994","628","5,825","6,453","28.37","61.89","9.73","90.27","467"
"2016-2017","English:Reading","Black, not of Hispanic origin","Grade 3","SOL","English Reading","1,767","11,125","8,414","12,892","21,306","8.29","52.22","39.49","60.51","406"
"2016-2017","English:Reading","Black, not of Hispanic origin","Grade 4","SOL","English Reading","2,121","12,073","7,216","14,194","21,410","9.91","56.39","33.70","66.30","416"
"2016-2017","English:Reading","Black, not of Hispanic origin","Grade 5","SOL","English Reading","2,659","11,983","6,162","14,642","20,804","12.78","57.60","29.62","70.38","424"
"2016-2017","English:Reading","Black, not of Hispanic origin","Grade 6","SOL","English Reading","1,749","11,053","7,682","12,802","20,484","8.54","53.96","37.50","62.50","412"
"2016-2017","English:Reading","Black, not of Hispanic origin","Grade 7","SOL","English Reading","1,499","12,682","6,336","14,181","20,517","7.31","61.81","30.88","69.12","418"
"2016-2017","English:Reading","Black, not of Hispanic origin","Grade 8","SOL","English Reading","1,088","10,946","8,612","12,034","20,646","5.27","53.02","41.71","58.29","402"
"2016-2017","English:Reading","Hispanic","Grade 3","SOL","English Reading","1,353","7,533","5,175","8,886","14,061","9.62","53.57","36.80","63.20","412"
"2016-2017","English:Reading","Hispanic","Grade 4","SOL","English Reading","1,829","8,355","4,625","10,184","14,809","12.35","56.42","31.23","68.77","422"
"2016-2017","English:Reading","Hispanic","Grade 5","SOL","English Reading","2,050","8,269","4,002","10,319","14,321","14.31","57.74","27.94","72.06","429"
"2016-2017","English:Reading","Hispanic","Grade 6","SOL","English Reading","1,425","7,661","4,264","9,086","13,350","10.67","57.39","31.94","68.06","421"
"2016-2017","English:Reading","Hispanic","Grade 7","SOL","English Reading","1,243","8,018","3,457","9,261","12,718","9.77","63.04","27.18","72.82","425"
"2016-2017","English:Reading","Hispanic","Grade 8","SOL","English Reading","1,000","6,915","4,277","7,915","12,192","8.20","56.72","35.08","64.92","413"
"2016-2017","English:Reading","White, not of Hispanic origin","Grade 3","SOL","English Reading","10,228","27,712","8,640","37,940","46,580","21.96","59.49","18.55","81.45","448"
"2016-2017","English:Reading","White, not of Hispanic origin","Grade 4","SOL","English Reading","12,709","27,676","6,765","40,385","47,150","26.95","58.70","14.35","85.65","459"
"2016-2017","English:Reading","White, not of Hispanic origin","Grade 5","SOL","English Reading","14,676","26,409","5,840","41,085","46,925","31.28","56.28","12.45","87.55","466"
"2016-2017","English:Reading","White, not of Hispanic origin","Grade 6","SOL","English Reading","12,870","27,323","6,860","40,193","47,053","27.35","58.07","14.58","85.42","459"
"2016-2017","English:Reading","White, not of Hispanic origin","Grade 7","SOL","English Reading","9,914","32,237","5,756","42,151","47,907","20.69","67.29","12.01","87.99","453"
"2016-2017","English:Reading","White, not of Hispanic origin","Grade 8","SOL","English Reading","8,821","31,020","7,761","39,841","47,602","18.53","65.17","16.30","83.70","448"
"2016-2017","English:Reading","Native Hawaiian  or Pacific Islander","Grade 3","SOL","English Reading","28","92","26","120","146","19.18","63.01","17.81","82.19","443"
"2016-2017","English:Reading","Native Hawaiian  or Pacific Islander","Grade 4","SOL","English Reading","29","82","25","111","136","21.32","60.29","18.38","81.62","445"
"2016-2017","English:Reading","Native Hawaiian  or Pacific Islander","Grade 5","SOL","English Reading","36","95","23","131","154","23.38","61.69","14.94","85.06","452"
"2016-2017","English:Reading","Native Hawaiian  or Pacific Islander","Grade 6","SOL","English Reading","28","89","22","117","139","20.14","64.03","15.83","84.17","450"
"2016-2017","English:Reading","Native Hawaiian  or Pacific Islander","Grade 7","SOL","English Reading","29","99","15","128","143","20.28","69.23","10.49","89.51","456"
"2016-2017","English:Reading","Native Hawaiian  or Pacific Islander","Grade 8","SOL","English Reading","26","102","29","128","157","16.56","64.97","18.47","81.53","443"
"2016-2017","English:Reading","Non-Hispanic, two or more races","Grade 3","SOL","English Reading","1,047","3,328","1,266","4,375","5,641","18.56","59.00","22.44","77.56","440"
"2016-2017","English:Reading","Non-Hispanic, two or more races","Grade 4","SOL","English Reading","1,299","3,258","1,020","4,557","5,577","23.29","58.42","18.29","81.71","450"
"2016-2017","English:Reading","Non-Hispanic, two or more races","Grade 5","SOL","English Reading","1,429","3,019","825","4,448","5,273","27.10","57.25","15.65","84.35","458"
"2016-2017","English:Reading","Non-Hispanic, two or more races","Grade 6","SOL","English Reading","1,193","2,857","933","4,050","4,983","23.94","57.33","18.72","81.28","450"
"2016-2017","English:Reading","Non-Hispanic, two or more races","Grade 7","SOL","English Reading","960","3,297","700","4,257","4,957","19.37","66.51","14.12","85.88","449"
"2016-2017","English:Reading","Non-Hispanic, two or more races","Grade 8","SOL","English Reading","801","3,001","919","3,802","4,721","16.97","63.57","19.47","80.53","442"
"2017-2018","English:Reading","American Indian or Alaska Native","Grade 3","SOL","English Reading","48","131","84","179","263","18.25","49.81","31.94","68.06","425"
"2017-2018","English:Reading","American Indian or Alaska Native","Grade 4","SOL","English Reading","40","155","64","195","259","15.44","59.85","24.71","75.29","434"
"2017-2018","English:Reading","American Indian or Alaska Native","Grade 5","SOL","English Reading","57","150","64","207","271","21.03","55.35","23.62","76.38","439"
"2017-2018","English:Reading","American Indian or Alaska Native","Grade 6","SOL","English Reading","37","171","48","208","256","14.45","66.80","18.75","81.25","436"
"2017-2018","English:Reading","American Indian or Alaska Native","Grade 7","SOL","English Reading","32","173","58","205","263","12.17","65.78","22.05","77.95","436"
"2017-2018","English:Reading","American Indian or Alaska Native","Grade 8","SOL","English Reading","20","147","46","167","213","9.39","69.01","21.60","78.40","434"
"2017-2018","English:Reading","Asian","Grade 3","SOL","English Reading","1,798","3,793","1,068","5,591","6,659","27.00","56.96","16.04","83.96","457"
"2017-2018","English:Reading","Asian","Grade 4","SOL","English Reading","2,142","4,015","844","6,157","7,001","30.60","57.35","12.06","87.94","467"
"2017-2018","English:Reading","Asian","Grade 5","SOL","English Reading","2,650","3,449","687","6,099","6,786","39.05","50.83","10.12","89.88","478"
"2017-2018","English:Reading","Asian","Grade 6","SOL","English Reading","2,236","3,962","576","6,198","6,774","33.01","58.49","8.50","91.50","474"
"2017-2018","English:Reading","Asian","Grade 7","SOL","English Reading","2,243","3,995","478","6,238","6,716","33.40","59.48","7.12","92.88","476"
"2017-2018","English:Reading","Asian","Grade 8","SOL","English Reading","1,776","4,464","675","6,240","6,915","25.68","64.56","9.76","90.24","463"
"2017-2018","English:Reading","Black, not of Hispanic origin","Grade 3","SOL","English Reading","1,841","10,493","8,485","12,334","20,819","8.84","50.40","40.76","59.24","403"
"2017-2018","English:Reading","Black, not of Hispanic origin","Grade 4","SOL","English Reading","1,762","11,880","7,829","13,642","21,471","8.21","55.33","36.46","63.54","410"
"2017-2018","English:Reading","Black, not of Hispanic origin","Grade 5","SOL","English Reading","2,522","12,272","6,880","14,794","21,674","11.64","56.62","31.74","68.26","419"
"2017-2018","English:Reading","Black, not of Hispanic origin","Grade 6","SOL","English Reading","1,493","12,616","7,020","14,109","21,129","7.07","59.71","33.22","66.78","413"
"2017-2018","English:Reading","Black, not of Hispanic origin","Grade 7","SOL","English Reading","1,454","12,670","6,557","14,124","20,681","7.03","61.26","31.71","68.29","417"
"2017-2018","English:Reading","Black, not of Hispanic origin","Grade 8","SOL","English Reading","872","11,925","7,844","12,797","20,641","4.22","57.77","38.00","62.00","405"
"2017-2018","English:Reading","Hispanic","Grade 3","SOL","English Reading","1,475","7,700","6,542","9,175","15,717","9.38","48.99","41.62","58.38","404"
"2017-2018","English:Reading","Hispanic","Grade 4","SOL","English Reading","1,568","8,593","5,826","10,161","15,987","9.81","53.75","36.44","63.56","412"
"2017-2018","English:Reading","Hispanic","Grade 5","SOL","English Reading","2,218","8,782","5,020","11,000","16,020","13.85","54.82","31.34","68.66","422"
"2017-2018","English:Reading","Hispanic","Grade 6","SOL","English Reading","1,415","9,117","4,604","10,532","15,136","9.35","60.23","30.42","69.58","419"
"2017-2018","English:Reading","Hispanic","Grade 7","SOL","English Reading","1,321","8,620","4,275","9,941","14,216","9.29","60.64","30.07","69.93","421"
"2017-2018","English:Reading","Hispanic","Grade 8","SOL","English Reading","848","8,082","4,828","8,930","13,758","6.16","58.74","35.09","64.91","410"
"2017-2018","English:Reading","White, not of Hispanic origin","Grade 3","SOL","English Reading","10,132","26,464","8,811","36,596","45,407","22.31","58.28","19.40","80.60","446"
"2017-2018","English:Reading","White, not of Hispanic origin","Grade 4","SOL","English Reading","11,088","28,127","7,434","39,215","46,649","23.77","60.29","15.94","84.06","453"
"2017-2018","English:Reading","White, not of Hispanic origin","Grade 5","SOL","English Reading","14,087","26,837","6,168","40,924","47,092","29.91","56.99","13.10","86.90","463"
"2017-2018","English:Reading","White, not of Hispanic origin","Grade 6","SOL","English Reading","10,473","30,206","6,113","40,679","46,792","22.38","64.55","13.06","86.94","455"
"2017-2018","English:Reading","White, not of Hispanic origin","Grade 7","SOL","English Reading","10,461","30,739","5,779","41,200","46,979","22.27","65.43","12.30","87.70","456"
"2017-2018","English:Reading","White, not of Hispanic origin","Grade 8","SOL","English Reading","7,367","33,231","7,323","40,598","47,921","15.37","69.35","15.28","84.72","444"
"2017-2018","English:Reading","Native Hawaiian  or Pacific Islander","Grade 3","SOL","English Reading","24","104","36","128","164","14.63","63.41","21.95","78.05","433"
"2017-2018","English:Reading","Native Hawaiian  or Pacific Islander","Grade 4","SOL","English Reading","27","91","35","118","153","17.65","59.48","22.88","77.12","440"
"2017-2018","English:Reading","Native Hawaiian  or Pacific Islander","Grade 5","SOL","English Reading","32","92","21","124","145","22.07","63.45","14.48","85.52","447"
"2017-2018","English:Reading","Native Hawaiian  or Pacific Islander","Grade 6","SOL","English Reading","26","114","17","140","157","16.56","72.61","10.83","89.17","455"
"2017-2018","English:Reading","Native Hawaiian  or Pacific Islander","Grade 7","SOL","English Reading","34","91","24","125","149","22.82","61.07","16.11","83.89","452"
"2017-2018","English:Reading","Native Hawaiian  or Pacific Islander","Grade 8","SOL","English Reading","18","101","29","119","148","12.16","68.24","19.59","80.41","440"
"2017-2018","English:Reading","Non-Hispanic, two or more races","Grade 3","SOL","English Reading","1,165","3,341","1,362","4,506","5,868","19.85","56.94","23.21","76.79","438"
"2017-2018","English:Reading","Non-Hispanic, two or more races","Grade 4","SOL","English Reading","1,195","3,417","1,171","4,612","5,783","20.66","59.09","20.25","79.75","445"
"2017-2018","English:Reading","Non-Hispanic, two or more races","Grade 5","SOL","English Reading","1,509","3,233","959","4,742","5,701","26.47","56.71","16.82","83.18","454"
"2017-2018","English:Reading","Non-Hispanic, two or more races","Grade 6","SOL","English Reading","1,071","3,408","874","4,479","5,353","20.01","63.67","16.33","83.67","449"
"2017-2018","English:Reading","Non-Hispanic, two or more races","Grade 7","SOL","English Reading","1,043","3,287","794","4,330","5,124","20.36","64.15","15.50","84.50","450"
"2017-2018","English:Reading","Non-Hispanic, two or more races","Grade 8","SOL","English Reading","698","3,430","885","4,128","5,013","13.92","68.42","17.65","82.35","440"
"2018-2019","English:Reading","American Indian or Alaska Native","Grade 3","SOL","English Reading","25","127","79","152","231","10.82","54.98","34.20","65.80","411"
"2018-2019","English:Reading","American Indian or Alaska Native","Grade 4","SOL","English Reading","38","147","67","185","252","15.08","58.33","26.59","73.41","429"
"2018-2019","English:Reading","American Indian or Alaska Native","Grade 5","SOL","English Reading","43","160","52","203","255","16.86","62.75","20.39","79.61","440"
"2018-2019","English:Reading","American Indian or Alaska Native","Grade 6","SOL","English Reading","32","160","72","192","264","12.12","60.61","27.27","72.73","429"
"2018-2019","English:Reading","American Indian or Alaska Native","Grade 7","SOL","English Reading","35","158","54","193","247","14.17","63.97","21.86","78.14","436"
"2018-2019","English:Reading","American Indian or Alaska Native","Grade 8","SOL","English Reading","19","170","66","189","255","7.45","66.67","25.88","74.12","421"
"2018-2019","English:Reading","Asian","Grade 3","SOL","English Reading","1,659","3,940","1,210","5,599","6,809","24.36","57.86","17.77","82.23","451"
"2018-2019","English:Reading","Asian","Grade 4","SOL","English Reading","1,888","4,010","897","5,898","6,795","27.79","59.01","13.20","86.80","460"
"2018-2019","English:Reading","Asian","Grade 5","SOL","English Reading","2,713","3,712","695","6,425","7,120","38.10","52.13","9.76","90.24","477"
"2018-2019","English:Reading","Asian","Grade 6","SOL","English Reading","2,107","4,109","641","6,216","6,857","30.73","59.92","9.35","90.65","469"
"2018-2019","English:Reading","Asian","Grade 7","SOL","English Reading","2,158","4,150","556","6,308","6,864","31.44","60.46","8.10","91.90","471"
"2018-2019","English:Reading","Asian","Grade 8","SOL","English Reading","1,581","4,553","703","6,134","6,837","23.12","66.59","10.28","89.72","461"
"2018-2019","English:Reading","Black, not of Hispanic origin","Grade 3","SOL","English Reading","1,557","10,019","8,854","11,576","20,430","7.62","49.04","43.34","56.66","399"
"2018-2019","English:Reading","Black, not of Hispanic origin","Grade 4","SOL","English Reading","1,561","11,189","8,022","12,750","20,772","7.51","53.87","38.62","61.38","406"
"2018-2019","English:Reading","Black, not of Hispanic origin","Grade 5","SOL","English Reading","2,193","11,981","7,414","14,174","21,588","10.16","55.50","34.34","65.66","414"
"2018-2019","English:Reading","Black, not of Hispanic origin","Grade 6","SOL","English Reading","1,370","12,455","7,917","13,825","21,742","6.30","57.29","36.41","63.59","409"
"2018-2019","English:Reading","Black, not of Hispanic origin","Grade 7","SOL","English Reading","1,308","12,696","7,179","14,004","21,183","6.17","59.93","33.89","66.11","412"
"2018-2019","English:Reading","Black, not of Hispanic origin","Grade 8","SOL","English Reading","751","11,941","7,917","12,692","20,609","3.64","57.94","38.42","61.58","404"
"2018-2019","English:Reading","Hispanic","Grade 3","SOL","English Reading","1,243","7,037","6,865","8,280","15,145","8.21","46.46","45.33","54.67","397"
"2018-2019","English:Reading","Hispanic","Grade 4","SOL","English Reading","1,444","8,707","5,801","10,151","15,952","9.05","54.58","36.37","63.63","410"
"2018-2019","English:Reading","Hispanic","Grade 5","SOL","English Reading","2,009","8,757","5,436","10,766","16,202","12.40","54.05","33.55","66.45","417"
"2018-2019","English:Reading","Hispanic","Grade 6","SOL","English Reading","1,376","9,316","5,506","10,692","16,198","8.49","57.51","33.99","66.01","415"
"2018-2019","English:Reading","Hispanic","Grade 7","SOL","English Reading","1,249","9,311","4,806","10,560","15,366","8.13","60.59","31.28","68.72","418"
"2018-2019","English:Reading","Hispanic","Grade 8","SOL","English Reading","753","8,525","5,146","9,278","14,424","5.22","59.10","35.68","64.32","408"
"2018-2019","English:Reading","White, not of Hispanic origin","Grade 3","SOL","English Reading","9,304","25,598","9,060","34,902","43,962","21.16","58.23","20.61","79.39","443"
"2018-2019","English:Reading","White, not of Hispanic origin","Grade 4","SOL","English Reading","10,108","27,554","7,574","37,662","45,236","22.35","60.91","16.74","83.26","449"
"2018-2019","English:Reading","White, not of Hispanic origin","Grade 5","SOL","English Reading","13,255","26,557","6,755","39,812","46,567","28.46","57.03","14.51","85.49","459"
"2018-2019","English:Reading","White, not of Hispanic origin","Grade 6","SOL","English Reading","9,725","30,004","6,897","39,729","46,626","20.86","64.35","14.79","85.21","451"
"2018-2019","English:Reading","White, not of Hispanic origin","Grade 7","SOL","English Reading","9,562","30,571","6,261","40,133","46,394","20.61","65.89","13.50","86.50","452"
"2018-2019","English:Reading","White, not of Hispanic origin","Grade 8","SOL","English Reading","6,543","32,437","7,775","38,980","46,755","13.99","69.38","16.63","83.37","441"
"2018-2019","English:Reading","Native Hawaiian  or Pacific Islander","Grade 3","SOL","English Reading","20","83","46","103","149","13.42","55.70","30.87","69.13","427"
"2018-2019","English:Reading","Native Hawaiian  or Pacific Islander","Grade 4","SOL","English Reading","22","114","43","136","179","12.29","63.69","24.02","75.98","432"
"2018-2019","English:Reading","Native Hawaiian  or Pacific Islander","Grade 5","SOL","English Reading","41","81","27","122","149","27.52","54.36","18.12","81.88","450"
"2018-2019","English:Reading","Native Hawaiian  or Pacific Islander","Grade 6","SOL","English Reading","12","100","26","112","138","8.70","72.46","18.84","81.16","430"
"2018-2019","English:Reading","Native Hawaiian  or Pacific Islander","Grade 7","SOL","English Reading","24","114","22","138","160","15.00","71.25","13.75","86.25","452"
"2018-2019","English:Reading","Native Hawaiian  or Pacific Islander","Grade 8","SOL","English Reading","17","101","34","118","152","11.18","66.45","22.37","77.63","437"
"2018-2019","English:Reading","Non-Hispanic, two or more races","Grade 3","SOL","English Reading","1,072","3,407","1,448","4,479","5,927","18.09","57.48","24.43","75.57","436"
"2018-2019","English:Reading","Non-Hispanic, two or more races","Grade 4","SOL","English Reading","1,141","3,507","1,189","4,648","5,837","19.55","60.08","20.37","79.63","442"
"2018-2019","English:Reading","Non-Hispanic, two or more races","Grade 5","SOL","English Reading","1,473","3,288","1,045","4,761","5,806","25.37","56.63","18.00","82.00","452"
"2018-2019","English:Reading","Non-Hispanic, two or more races","Grade 6","SOL","English Reading","1,044","3,566","1,125","4,610","5,735","18.20","62.18","19.62","80.38","443"
"2018-2019","English:Reading","Non-Hispanic, two or more races","Grade 7","SOL","English Reading","953","3,528","911","4,481","5,392","17.67","65.43","16.90","83.10","445"
"2018-2019","English:Reading","Non-Hispanic, two or more races","Grade 8","SOL","English Reading","657","3,497","1,045","4,154","5,199","12.64","67.26","20.10","79.90","436"
