School Year,Division Number,Division Name,Subject,Test Level,Test Source,Test,Total Count,Pass Rate
2005-2006,2,Albemarle County,English:Reading,Grade 3,SOL,English Reading,833,87.88
2005-2006,2,Albemarle County,English:Reading,Grade 4,SOL,English Reading,848,92.92
2005-2006,2,Albemarle County,English:Reading,Grade 5,SOL,English Reading,876,93.38
2005-2006,2,Albemarle County,English:Reading,Grade 6,SOL,English Reading,927,89.32
2005-2006,2,Albemarle County,English:Reading,Grade 7,SOL,English Reading,928,89.01
2005-2006,2,Albemarle County,English:Reading,Grade 8,SOL,English Reading,898,85.97
2005-2006,104,Charlottesville City,English:Reading,Grade 3,SOL,English Reading,281,77.58
2005-2006,104,Charlottesville City,English:Reading,Grade 4,SOL,English Reading,278,89.21
2005-2006,104,Charlottesville City,English:Reading,Grade 5,SOL,English Reading,249,77.91
2005-2006,104,Charlottesville City,English:Reading,Grade 6,SOL,English Reading,270,70.74
2005-2006,104,Charlottesville City,English:Reading,Grade 7,SOL,English Reading,301,51.16
2005-2006,104,Charlottesville City,English:Reading,Grade 8,SOL,English Reading,300,59
2005-2006,32,Fluvanna County,English:Reading,Grade 3,SOL,English Reading,277,77.26
2005-2006,32,Fluvanna County,English:Reading,Grade 4,SOL,English Reading,240,90
2005-2006,32,Fluvanna County,English:Reading,Grade 5,SOL,English Reading,276,86.23
2005-2006,32,Fluvanna County,English:Reading,Grade 6,SOL,English Reading,271,86.72
2005-2006,32,Fluvanna County,English:Reading,Grade 7,SOL,English Reading,267,79.4
2005-2006,32,Fluvanna County,English:Reading,Grade 8,SOL,English Reading,277,76.53
2005-2006,39,Greene County,English:Reading,Grade 3,SOL,English Reading,212,79.25
2005-2006,39,Greene County,English:Reading,Grade 4,SOL,English Reading,199,77.89
2005-2006,39,Greene County,English:Reading,Grade 5,SOL,English Reading,190,84.21
2005-2006,39,Greene County,English:Reading,Grade 6,SOL,English Reading,205,83.41
2005-2006,39,Greene County,English:Reading,Grade 7,SOL,English Reading,191,80.63
2005-2006,39,Greene County,English:Reading,Grade 8,SOL,English Reading,206,69.42
2005-2006,54,Louisa County,English:Reading,Grade 3,SOL,English Reading,284,82.04
2005-2006,54,Louisa County,English:Reading,Grade 4,SOL,English Reading,268,80.22
2005-2006,54,Louisa County,English:Reading,Grade 5,SOL,English Reading,305,94.43
2005-2006,54,Louisa County,English:Reading,Grade 6,SOL,English Reading,356,79.49
2005-2006,54,Louisa County,English:Reading,Grade 7,SOL,English Reading,362,70.44
2005-2006,54,Louisa County,English:Reading,Grade 8,SOL,English Reading,350,74.29
2005-2006,62,Nelson County,English:Reading,Grade 3,SOL,English Reading,122,86.89
2005-2006,62,Nelson County,English:Reading,Grade 4,SOL,English Reading,141,83.69
2005-2006,62,Nelson County,English:Reading,Grade 5,SOL,English Reading,133,93.98
2005-2006,62,Nelson County,English:Reading,Grade 6,SOL,English Reading,150,87.33
2005-2006,62,Nelson County,English:Reading,Grade 7,SOL,English Reading,123,91.06
2005-2006,62,Nelson County,English:Reading,Grade 8,SOL,English Reading,138,80.43
2006-2007,2,Albemarle County,English:Reading,Grade 3,SOL,English Reading,894,84.45
2006-2007,2,Albemarle County,English:Reading,Grade 4,SOL,English Reading,857,91.25
2006-2007,2,Albemarle County,English:Reading,Grade 5,SOL,English Reading,843,93.24
2006-2007,2,Albemarle County,English:Reading,Grade 6,SOL,English Reading,861,89.66
2006-2007,2,Albemarle County,English:Reading,Grade 7,SOL,English Reading,911,88.69
2006-2007,2,Albemarle County,English:Reading,Grade 8,SOL,English Reading,937,82.5
2006-2007,104,Charlottesville City,English:Reading,Grade 3,SOL,English Reading,258,79.84
2006-2007,104,Charlottesville City,English:Reading,Grade 4,SOL,English Reading,271,84.5
2006-2007,104,Charlottesville City,English:Reading,Grade 5,SOL,English Reading,245,82.04
2006-2007,104,Charlottesville City,English:Reading,Grade 6,SOL,English Reading,242,84.71
2006-2007,104,Charlottesville City,English:Reading,Grade 7,SOL,English Reading,271,71.22
2006-2007,104,Charlottesville City,English:Reading,Grade 8,SOL,English Reading,269,56.51
2006-2007,32,Fluvanna County,English:Reading,Grade 3,SOL,English Reading,282,78.01
2006-2007,32,Fluvanna County,English:Reading,Grade 4,SOL,English Reading,286,80.77
2006-2007,32,Fluvanna County,English:Reading,Grade 5,SOL,English Reading,243,89.3
2006-2007,32,Fluvanna County,English:Reading,Grade 6,SOL,English Reading,280,90.36
2006-2007,32,Fluvanna County,English:Reading,Grade 7,SOL,English Reading,267,88.01
2006-2007,32,Fluvanna County,English:Reading,Grade 8,SOL,English Reading,271,81.92
2006-2007,39,Greene County,English:Reading,Grade 3,SOL,English Reading,206,72.82
2006-2007,39,Greene County,English:Reading,Grade 4,SOL,English Reading,210,84.76
2006-2007,39,Greene County,English:Reading,Grade 5,SOL,English Reading,208,82.21
2006-2007,39,Greene County,English:Reading,Grade 6,SOL,English Reading,191,85.34
2006-2007,39,Greene County,English:Reading,Grade 7,SOL,English Reading,218,78.44
2006-2007,39,Greene County,English:Reading,Grade 8,SOL,English Reading,191,74.35
2006-2007,54,Louisa County,English:Reading,Grade 3,SOL,English Reading,336,75.89
2006-2007,54,Louisa County,English:Reading,Grade 4,SOL,English Reading,322,85.4
2006-2007,54,Louisa County,English:Reading,Grade 5,SOL,English Reading,293,84.3
2006-2007,54,Louisa County,English:Reading,Grade 6,SOL,English Reading,335,83.58
2006-2007,54,Louisa County,English:Reading,Grade 7,SOL,English Reading,379,72.82
2006-2007,54,Louisa County,English:Reading,Grade 8,SOL,English Reading,370,70.27
2006-2007,62,Nelson County,English:Reading,Grade 3,SOL,English Reading,163,76.69
2006-2007,62,Nelson County,English:Reading,Grade 4,SOL,English Reading,138,89.13
2006-2007,62,Nelson County,English:Reading,Grade 5,SOL,English Reading,151,92.72
2006-2007,62,Nelson County,English:Reading,Grade 6,SOL,English Reading,150,83.33
2006-2007,62,Nelson County,English:Reading,Grade 7,SOL,English Reading,150,84.67
2006-2007,62,Nelson County,English:Reading,Grade 8,SOL,English Reading,121,90.08
2007-2008,2,Albemarle County,English:Reading,Grade 3,SOL,English Reading,876,87.56
2007-2008,2,Albemarle County,English:Reading,Grade 4,SOL,English Reading,912,91.34
2007-2008,2,Albemarle County,English:Reading,Grade 5,SOL,English Reading,824,92.48
2007-2008,2,Albemarle County,English:Reading,Grade 6,SOL,English Reading,856,90.54
2007-2008,2,Albemarle County,English:Reading,Grade 7,SOL,English Reading,880,91.59
2007-2008,2,Albemarle County,English:Reading,Grade 8,SOL,English Reading,917,87.68
2007-2008,104,Charlottesville City,English:Reading,Grade 3,SOL,English Reading,297,85.86
2007-2008,104,Charlottesville City,English:Reading,Grade 4,SOL,English Reading,242,91.32
2007-2008,104,Charlottesville City,English:Reading,Grade 5,SOL,English Reading,245,77.96
2007-2008,104,Charlottesville City,English:Reading,Grade 6,SOL,English Reading,248,82.66
2007-2008,104,Charlottesville City,English:Reading,Grade 7,SOL,English Reading,237,80.59
2007-2008,104,Charlottesville City,English:Reading,Grade 8,SOL,English Reading,272,65.07
2007-2008,32,Fluvanna County,English:Reading,Grade 3,SOL,English Reading,266,80.45
2007-2008,32,Fluvanna County,English:Reading,Grade 4,SOL,English Reading,273,80.95
2007-2008,32,Fluvanna County,English:Reading,Grade 5,SOL,English Reading,275,85.82
2007-2008,32,Fluvanna County,English:Reading,Grade 6,SOL,English Reading,238,91.18
2007-2008,32,Fluvanna County,English:Reading,Grade 7,SOL,English Reading,279,87.46
2007-2008,32,Fluvanna County,English:Reading,Grade 8,SOL,English Reading,269,88.85
2007-2008,39,Greene County,English:Reading,Grade 3,SOL,English Reading,225,82.22
2007-2008,39,Greene County,English:Reading,Grade 4,SOL,English Reading,195,87.18
2007-2008,39,Greene County,English:Reading,Grade 5,SOL,English Reading,208,88.94
2007-2008,39,Greene County,English:Reading,Grade 6,SOL,English Reading,205,77.07
2007-2008,39,Greene County,English:Reading,Grade 7,SOL,English Reading,190,78.95
2007-2008,39,Greene County,English:Reading,Grade 8,SOL,English Reading,208,84.13
2007-2008,54,Louisa County,English:Reading,Grade 3,SOL,English Reading,265,86.79
2007-2008,54,Louisa County,English:Reading,Grade 4,SOL,English Reading,333,88.29
2007-2008,54,Louisa County,English:Reading,Grade 5,SOL,English Reading,315,92.7
2007-2008,54,Louisa County,English:Reading,Grade 6,SOL,English Reading,293,83.62
2007-2008,54,Louisa County,English:Reading,Grade 7,SOL,English Reading,330,87.27
2007-2008,54,Louisa County,English:Reading,Grade 8,SOL,English Reading,377,78.51
2007-2008,62,Nelson County,English:Reading,Grade 3,SOL,English Reading,153,77.78
2007-2008,62,Nelson County,English:Reading,Grade 4,SOL,English Reading,185,86.49
2007-2008,62,Nelson County,English:Reading,Grade 5,SOL,English Reading,133,92.48
2007-2008,62,Nelson County,English:Reading,Grade 6,SOL,English Reading,163,79.75
2007-2008,62,Nelson County,English:Reading,Grade 7,SOL,English Reading,155,87.1
2007-2008,62,Nelson County,English:Reading,Grade 8,SOL,English Reading,149,89.26
2008-2009,2,Albemarle County,English:Reading,Grade 3,SOL,English Reading,954,90.78
2008-2009,2,Albemarle County,English:Reading,Grade 4,SOL,English Reading,885,93.22
2008-2009,2,Albemarle County,English:Reading,Grade 5,SOL,English Reading,894,93.96
2008-2009,2,Albemarle County,English:Reading,Grade 6,SOL,English Reading,858,89.28
2008-2009,2,Albemarle County,English:Reading,Grade 7,SOL,English Reading,873,94.39
2008-2009,2,Albemarle County,English:Reading,Grade 8,SOL,English Reading,883,92.98
2008-2009,104,Charlottesville City,English:Reading,Grade 3,SOL,English Reading,270,87.41
2008-2009,104,Charlottesville City,English:Reading,Grade 4,SOL,English Reading,279,85.66
2008-2009,104,Charlottesville City,English:Reading,Grade 5,SOL,English Reading,232,84.91
2008-2009,104,Charlottesville City,English:Reading,Grade 6,SOL,English Reading,235,84.26
2008-2009,104,Charlottesville City,English:Reading,Grade 7,SOL,English Reading,228,86.84
2008-2009,104,Charlottesville City,English:Reading,Grade 8,SOL,English Reading,247,78.14
2008-2009,32,Fluvanna County,English:Reading,Grade 3,SOL,English Reading,257,81.71
2008-2009,32,Fluvanna County,English:Reading,Grade 4,SOL,English Reading,262,88.93
2008-2009,32,Fluvanna County,English:Reading,Grade 5,SOL,English Reading,271,89.3
2008-2009,32,Fluvanna County,English:Reading,Grade 6,SOL,English Reading,284,89.08
2008-2009,32,Fluvanna County,English:Reading,Grade 7,SOL,English Reading,235,94.04
2008-2009,32,Fluvanna County,English:Reading,Grade 8,SOL,English Reading,283,90.11
2008-2009,39,Greene County,English:Reading,Grade 3,SOL,English Reading,236,77.97
2008-2009,39,Greene County,English:Reading,Grade 4,SOL,English Reading,231,80.52
2008-2009,39,Greene County,English:Reading,Grade 5,SOL,English Reading,192,83.33
2008-2009,39,Greene County,English:Reading,Grade 6,SOL,English Reading,206,78.16
2008-2009,39,Greene County,English:Reading,Grade 7,SOL,English Reading,202,76.73
2008-2009,39,Greene County,English:Reading,Grade 8,SOL,English Reading,190,82.63
2008-2009,54,Louisa County,English:Reading,Grade 3,SOL,English Reading,321,84.42
2008-2009,54,Louisa County,English:Reading,Grade 4,SOL,English Reading,267,88.39
2008-2009,54,Louisa County,English:Reading,Grade 5,SOL,English Reading,337,91.99
2008-2009,54,Louisa County,English:Reading,Grade 6,SOL,English Reading,322,86.02
2008-2009,54,Louisa County,English:Reading,Grade 7,SOL,English Reading,301,89.37
2008-2009,54,Louisa County,English:Reading,Grade 8,SOL,English Reading,346,86.42
2008-2009,62,Nelson County,English:Reading,Grade 3,SOL,English Reading,140,85.71
2008-2009,62,Nelson County,English:Reading,Grade 4,SOL,English Reading,140,87.14
2008-2009,62,Nelson County,English:Reading,Grade 5,SOL,English Reading,156,90.38
2008-2009,62,Nelson County,English:Reading,Grade 6,SOL,English Reading,123,87.8
2008-2009,62,Nelson County,English:Reading,Grade 7,SOL,English Reading,146,89.73
2008-2009,62,Nelson County,English:Reading,Grade 8,SOL,English Reading,143,82.52
2009-2010,2,Albemarle County,English:Reading,Grade 3,SOL,English Reading,941,87.25
2009-2010,2,Albemarle County,English:Reading,Grade 4,SOL,English Reading,980,92.65
2009-2010,2,Albemarle County,English:Reading,Grade 5,SOL,English Reading,889,94.71
2009-2010,2,Albemarle County,English:Reading,Grade 6,SOL,English Reading,891,89.9
2009-2010,2,Albemarle County,English:Reading,Grade 7,SOL,English Reading,890,91.12
2009-2010,2,Albemarle County,English:Reading,Grade 8,SOL,English Reading,868,95.51
2009-2010,104,Charlottesville City,English:Reading,Grade 3,SOL,English Reading,263,84.79
2009-2010,104,Charlottesville City,English:Reading,Grade 4,SOL,English Reading,265,80.75
2009-2010,104,Charlottesville City,English:Reading,Grade 5,SOL,English Reading,259,75.29
2009-2010,104,Charlottesville City,English:Reading,Grade 6,SOL,English Reading,230,78.7
2009-2010,104,Charlottesville City,English:Reading,Grade 7,SOL,English Reading,209,79.9
2009-2010,104,Charlottesville City,English:Reading,Grade 8,SOL,English Reading,226,83.63
2009-2010,32,Fluvanna County,English:Reading,Grade 3,SOL,English Reading,272,71.69
2009-2010,32,Fluvanna County,English:Reading,Grade 4,SOL,English Reading,263,79.09
2009-2010,32,Fluvanna County,English:Reading,Grade 5,SOL,English Reading,272,87.13
2009-2010,32,Fluvanna County,English:Reading,Grade 6,SOL,English Reading,273,84.62
2009-2010,32,Fluvanna County,English:Reading,Grade 7,SOL,English Reading,288,88.54
2009-2010,32,Fluvanna County,English:Reading,Grade 8,SOL,English Reading,260,90
2009-2010,39,Greene County,English:Reading,Grade 3,SOL,English Reading,215,70.7
2009-2010,39,Greene County,English:Reading,Grade 4,SOL,English Reading,227,81.5
2009-2010,39,Greene County,English:Reading,Grade 5,SOL,English Reading,238,86.13
2009-2010,39,Greene County,English:Reading,Grade 6,SOL,English Reading,186,79.03
2009-2010,39,Greene County,English:Reading,Grade 7,SOL,English Reading,207,85.02
2009-2010,39,Greene County,English:Reading,Grade 8,SOL,English Reading,208,87.02
2009-2010,54,Louisa County,English:Reading,Grade 3,SOL,English Reading,337,82.79
2009-2010,54,Louisa County,English:Reading,Grade 4,SOL,English Reading,310,83.23
2009-2010,54,Louisa County,English:Reading,Grade 5,SOL,English Reading,275,92.73
2009-2010,54,Louisa County,English:Reading,Grade 6,SOL,English Reading,342,88.01
2009-2010,54,Louisa County,English:Reading,Grade 7,SOL,English Reading,316,89.24
2009-2010,54,Louisa County,English:Reading,Grade 8,SOL,English Reading,294,88.1
2009-2010,62,Nelson County,English:Reading,Grade 3,SOL,English Reading,147,85.71
2009-2010,62,Nelson County,English:Reading,Grade 4,SOL,English Reading,140,87.14
2009-2010,62,Nelson County,English:Reading,Grade 5,SOL,English Reading,137,91.97
2009-2010,62,Nelson County,English:Reading,Grade 6,SOL,English Reading,159,93.08
2009-2010,62,Nelson County,English:Reading,Grade 7,SOL,English Reading,116,90.52
2009-2010,62,Nelson County,English:Reading,Grade 8,SOL,English Reading,145,86.9
2010-2011,2,Albemarle County,English:Reading,Grade 3,SOL,English Reading,967,86.35
2010-2011,2,Albemarle County,English:Reading,Grade 4,SOL,English Reading,962,88.57
2010-2011,2,Albemarle County,English:Reading,Grade 5,SOL,English Reading,975,92.31
2010-2011,2,Albemarle County,English:Reading,Grade 6,SOL,English Reading,945,91.53
2010-2011,2,Albemarle County,English:Reading,Grade 7,SOL,English Reading,939,91.48
2010-2011,2,Albemarle County,English:Reading,Grade 8,SOL,English Reading,937,94.02
2010-2011,104,Charlottesville City,English:Reading,Grade 3,SOL,English Reading,302,87.75
2010-2011,104,Charlottesville City,English:Reading,Grade 4,SOL,English Reading,264,89.39
2010-2011,104,Charlottesville City,English:Reading,Grade 5,SOL,English Reading,249,75.5
2010-2011,104,Charlottesville City,English:Reading,Grade 6,SOL,English Reading,267,80.52
2010-2011,104,Charlottesville City,English:Reading,Grade 7,SOL,English Reading,223,77.58
2010-2011,104,Charlottesville City,English:Reading,Grade 8,SOL,English Reading,237,78.9
2010-2011,32,Fluvanna County,English:Reading,Grade 3,SOL,English Reading,278,79.86
2010-2011,32,Fluvanna County,English:Reading,Grade 4,SOL,English Reading,273,82.42
2010-2011,32,Fluvanna County,English:Reading,Grade 5,SOL,English Reading,267,80.9
2010-2011,32,Fluvanna County,English:Reading,Grade 6,SOL,English Reading,263,82.51
2010-2011,32,Fluvanna County,English:Reading,Grade 7,SOL,English Reading,291,85.22
2010-2011,32,Fluvanna County,English:Reading,Grade 8,SOL,English Reading,314,91.08
2010-2011,39,Greene County,English:Reading,Grade 3,SOL,English Reading,220,77.27
2010-2011,39,Greene County,English:Reading,Grade 4,SOL,English Reading,215,81.86
2010-2011,39,Greene County,English:Reading,Grade 5,SOL,English Reading,239,83.26
2010-2011,39,Greene County,English:Reading,Grade 6,SOL,English Reading,232,83.62
2010-2011,39,Greene County,English:Reading,Grade 7,SOL,English Reading,189,85.71
2010-2011,39,Greene County,English:Reading,Grade 8,SOL,English Reading,224,92.41
2010-2011,54,Louisa County,English:Reading,Grade 3,SOL,English Reading,342,78.65
2010-2011,54,Louisa County,English:Reading,Grade 4,SOL,English Reading,349,83.09
2010-2011,54,Louisa County,English:Reading,Grade 5,SOL,English Reading,346,87.57
2010-2011,54,Louisa County,English:Reading,Grade 6,SOL,English Reading,310,82.26
2010-2011,54,Louisa County,English:Reading,Grade 7,SOL,English Reading,361,82.83
2010-2011,54,Louisa County,English:Reading,Grade 8,SOL,English Reading,366,86.34
2010-2011,62,Nelson County,English:Reading,Grade 3,SOL,English Reading,141,80.85
2010-2011,62,Nelson County,English:Reading,Grade 4,SOL,English Reading,151,82.12
2010-2011,62,Nelson County,English:Reading,Grade 5,SOL,English Reading,148,85.81
2010-2011,62,Nelson County,English:Reading,Grade 6,SOL,English Reading,142,88.03
2010-2011,62,Nelson County,English:Reading,Grade 7,SOL,English Reading,157,92.99
2010-2011,62,Nelson County,English:Reading,Grade 8,SOL,English Reading,135,93.33
2011-2012,2,Albemarle County,English:Reading,Grade 3,SOL,English Reading,925,85.62
2011-2012,2,Albemarle County,English:Reading,Grade 4,SOL,English Reading,961,89.28
2011-2012,2,Albemarle County,English:Reading,Grade 5,SOL,English Reading,941,87.14
2011-2012,2,Albemarle County,English:Reading,Grade 6,SOL,English Reading,978,92.84
2011-2012,2,Albemarle County,English:Reading,Grade 7,SOL,English Reading,958,91.44
2011-2012,2,Albemarle County,English:Reading,Grade 8,SOL,English Reading,940,92.34
2011-2012,104,Charlottesville City,English:Reading,Grade 3,SOL,English Reading,296,89.86
2011-2012,104,Charlottesville City,English:Reading,Grade 4,SOL,English Reading,297,87.54
2011-2012,104,Charlottesville City,English:Reading,Grade 5,SOL,English Reading,251,85.66
2011-2012,104,Charlottesville City,English:Reading,Grade 6,SOL,English Reading,249,81.53
2011-2012,104,Charlottesville City,English:Reading,Grade 7,SOL,English Reading,260,85
2011-2012,104,Charlottesville City,English:Reading,Grade 8,SOL,English Reading,222,81.53
2011-2012,32,Fluvanna County,English:Reading,Grade 3,SOL,English Reading,294,83.67
2011-2012,32,Fluvanna County,English:Reading,Grade 4,SOL,English Reading,285,84.21
2011-2012,32,Fluvanna County,English:Reading,Grade 5,SOL,English Reading,269,85.13
2011-2012,32,Fluvanna County,English:Reading,Grade 6,SOL,English Reading,271,82.66
2011-2012,32,Fluvanna County,English:Reading,Grade 7,SOL,English Reading,271,86.72
2011-2012,32,Fluvanna County,English:Reading,Grade 8,SOL,English Reading,307,87.3
2011-2012,39,Greene County,English:Reading,Grade 3,SOL,English Reading,243,79.42
2011-2012,39,Greene County,English:Reading,Grade 4,SOL,English Reading,217,83.41
2011-2012,39,Greene County,English:Reading,Grade 5,SOL,English Reading,212,78.77
2011-2012,39,Greene County,English:Reading,Grade 6,SOL,English Reading,230,87.83
2011-2012,39,Greene County,English:Reading,Grade 7,SOL,English Reading,229,87.77
2011-2012,39,Greene County,English:Reading,Grade 8,SOL,English Reading,192,91.15
2011-2012,54,Louisa County,English:Reading,Grade 3,SOL,English Reading,315,81.9
2011-2012,54,Louisa County,English:Reading,Grade 4,SOL,English Reading,338,85.21
2011-2012,54,Louisa County,English:Reading,Grade 5,SOL,English Reading,352,87.22
2011-2012,54,Louisa County,English:Reading,Grade 6,SOL,English Reading,355,90.14
2011-2012,54,Louisa County,English:Reading,Grade 7,SOL,English Reading,310,85.81
2011-2012,54,Louisa County,English:Reading,Grade 8,SOL,English Reading,361,83.38
2011-2012,62,Nelson County,English:Reading,Grade 3,SOL,English Reading,154,81.82
2011-2012,62,Nelson County,English:Reading,Grade 4,SOL,English Reading,143,87.41
2011-2012,62,Nelson County,English:Reading,Grade 5,SOL,English Reading,144,85.42
2011-2012,62,Nelson County,English:Reading,Grade 6,SOL,English Reading,148,87.84
2011-2012,62,Nelson County,English:Reading,Grade 7,SOL,English Reading,148,88.51
2011-2012,62,Nelson County,English:Reading,Grade 8,SOL,English Reading,156,92.31
2012-2013,2,Albemarle County,English:Reading,Grade 3,SOL,English Reading,948,71.1
2012-2013,2,Albemarle County,English:Reading,Grade 4,SOL,English Reading,940,70.64
2012-2013,2,Albemarle County,English:Reading,Grade 5,SOL,English Reading,939,75.93
2012-2013,2,Albemarle County,English:Reading,Grade 6,SOL,English Reading,925,80.86
2012-2013,2,Albemarle County,English:Reading,Grade 7,SOL,English Reading,975,80.41
2012-2013,2,Albemarle County,English:Reading,Grade 8,SOL,English Reading,947,78.88
2012-2013,104,Charlottesville City,English:Reading,Grade 3,SOL,English Reading,291,76.63
2012-2013,104,Charlottesville City,English:Reading,Grade 4,SOL,English Reading,278,70.14
2012-2013,104,Charlottesville City,English:Reading,Grade 5,SOL,English Reading,262,64.89
2012-2013,104,Charlottesville City,English:Reading,Grade 6,SOL,English Reading,242,68.18
2012-2013,104,Charlottesville City,English:Reading,Grade 7,SOL,English Reading,236,65.68
2012-2013,104,Charlottesville City,English:Reading,Grade 8,SOL,English Reading,251,65.74
2012-2013,32,Fluvanna County,English:Reading,Grade 3,SOL,English Reading,279,76.34
2012-2013,32,Fluvanna County,English:Reading,Grade 4,SOL,English Reading,281,72.6
2012-2013,32,Fluvanna County,English:Reading,Grade 5,SOL,English Reading,275,68.36
2012-2013,32,Fluvanna County,English:Reading,Grade 6,SOL,English Reading,251,71.31
2012-2013,32,Fluvanna County,English:Reading,Grade 7,SOL,English Reading,265,72.08
2012-2013,32,Fluvanna County,English:Reading,Grade 8,SOL,English Reading,272,77.57
2012-2013,39,Greene County,English:Reading,Grade 3,SOL,English Reading,235,65.11
2012-2013,39,Greene County,English:Reading,Grade 4,SOL,English Reading,230,61.74
2012-2013,39,Greene County,English:Reading,Grade 5,SOL,English Reading,231,71.86
2012-2013,39,Greene County,English:Reading,Grade 6,SOL,English Reading,218,65.14
2012-2013,39,Greene County,English:Reading,Grade 7,SOL,English Reading,225,67.56
2012-2013,39,Greene County,English:Reading,Grade 8,SOL,English Reading,237,71.31
2012-2013,54,Louisa County,English:Reading,Grade 3,SOL,English Reading,340,70.88
2012-2013,54,Louisa County,English:Reading,Grade 4,SOL,English Reading,314,61.78
2012-2013,54,Louisa County,English:Reading,Grade 5,SOL,English Reading,355,73.52
2012-2013,54,Louisa County,English:Reading,Grade 6,SOL,English Reading,350,73.43
2012-2013,54,Louisa County,English:Reading,Grade 7,SOL,English Reading,353,74.22
2012-2013,54,Louisa County,English:Reading,Grade 8,SOL,English Reading,318,60.69
2012-2013,62,Nelson County,English:Reading,Grade 3,SOL,English Reading,147,68.71
2012-2013,62,Nelson County,English:Reading,Grade 4,SOL,English Reading,152,65.13
2012-2013,62,Nelson County,English:Reading,Grade 5,SOL,English Reading,137,78.1
2012-2013,62,Nelson County,English:Reading,Grade 6,SOL,English Reading,153,72.55
2012-2013,62,Nelson County,English:Reading,Grade 7,SOL,English Reading,147,77.55
2012-2013,62,Nelson County,English:Reading,Grade 8,SOL,English Reading,152,69.08
2013-2014,2,Albemarle County,English:Reading,Grade 3,SOL,English Reading,950,72.53
2013-2014,2,Albemarle County,English:Reading,Grade 4,SOL,English Reading,948,72.68
2013-2014,2,Albemarle County,English:Reading,Grade 5,SOL,English Reading,898,76.28
2013-2014,2,Albemarle County,English:Reading,Grade 6,SOL,English Reading,940,78.09
2013-2014,2,Albemarle County,English:Reading,Grade 7,SOL,English Reading,943,79.75
2013-2014,2,Albemarle County,English:Reading,Grade 8,SOL,English Reading,985,78.27
2013-2014,104,Charlottesville City,English:Reading,Grade 3,SOL,English Reading,314,73.25
2013-2014,104,Charlottesville City,English:Reading,Grade 4,SOL,English Reading,287,72.82
2013-2014,104,Charlottesville City,English:Reading,Grade 5,SOL,English Reading,247,71.66
2013-2014,104,Charlottesville City,English:Reading,Grade 6,SOL,English Reading,265,61.89
2013-2014,104,Charlottesville City,English:Reading,Grade 7,SOL,English Reading,242,73.97
2013-2014,104,Charlottesville City,English:Reading,Grade 8,SOL,English Reading,224,66.52
2013-2014,32,Fluvanna County,English:Reading,Grade 3,SOL,English Reading,283,66.78
2013-2014,32,Fluvanna County,English:Reading,Grade 4,SOL,English Reading,280,72.86
2013-2014,32,Fluvanna County,English:Reading,Grade 5,SOL,English Reading,271,75.65
2013-2014,32,Fluvanna County,English:Reading,Grade 6,SOL,English Reading,275,76
2013-2014,32,Fluvanna County,English:Reading,Grade 7,SOL,English Reading,254,70.47
2013-2014,32,Fluvanna County,English:Reading,Grade 8,SOL,English Reading,290,66.21
2013-2014,39,Greene County,English:Reading,Grade 3,SOL,English Reading,258,51.94
2013-2014,39,Greene County,English:Reading,Grade 4,SOL,English Reading,244,70.08
2013-2014,39,Greene County,English:Reading,Grade 5,SOL,English Reading,232,69.4
2013-2014,39,Greene County,English:Reading,Grade 6,SOL,English Reading,233,58.37
2013-2014,39,Greene County,English:Reading,Grade 7,SOL,English Reading,218,71.1
2013-2014,39,Greene County,English:Reading,Grade 8,SOL,English Reading,232,58.62
2013-2014,54,Louisa County,English:Reading,Grade 3,SOL,English Reading,354,65.82
2013-2014,54,Louisa County,English:Reading,Grade 4,SOL,English Reading,350,67.43
2013-2014,54,Louisa County,English:Reading,Grade 5,SOL,English Reading,327,76.76
2013-2014,54,Louisa County,English:Reading,Grade 6,SOL,English Reading,371,74.39
2013-2014,54,Louisa County,English:Reading,Grade 7,SOL,English Reading,353,73.37
2013-2014,54,Louisa County,English:Reading,Grade 8,SOL,English Reading,368,69.02
2013-2014,62,Nelson County,English:Reading,Grade 3,SOL,English Reading,130,58.46
2013-2014,62,Nelson County,English:Reading,Grade 4,SOL,English Reading,145,67.59
2013-2014,62,Nelson County,English:Reading,Grade 5,SOL,English Reading,152,78.29
2013-2014,62,Nelson County,English:Reading,Grade 6,SOL,English Reading,130,79.23
2013-2014,62,Nelson County,English:Reading,Grade 7,SOL,English Reading,156,67.95
2013-2014,62,Nelson County,English:Reading,Grade 8,SOL,English Reading,144,75
2014-2015,2,Albemarle County,English:Reading,Grade 3,SOL,English Reading,902,72.73
2014-2015,2,Albemarle County,English:Reading,Grade 4,SOL,English Reading,994,76.36
2014-2015,2,Albemarle County,English:Reading,Grade 5,SOL,English Reading,970,75.88
2014-2015,2,Albemarle County,English:Reading,Grade 6,SOL,English Reading,927,78.32
2014-2015,2,Albemarle County,English:Reading,Grade 7,SOL,English Reading,958,81.21
2014-2015,2,Albemarle County,English:Reading,Grade 8,SOL,English Reading,948,81.12
2014-2015,104,Charlottesville City,English:Reading,Grade 3,SOL,English Reading,315,82.86
2014-2015,104,Charlottesville City,English:Reading,Grade 4,SOL,English Reading,299,77.93
2014-2015,104,Charlottesville City,English:Reading,Grade 5,SOL,English Reading,254,67.72
2014-2015,104,Charlottesville City,English:Reading,Grade 6,SOL,English Reading,245,75.51
2014-2015,104,Charlottesville City,English:Reading,Grade 7,SOL,English Reading,259,76.06
2014-2015,104,Charlottesville City,English:Reading,Grade 8,SOL,English Reading,227,74.01
2014-2015,32,Fluvanna County,English:Reading,Grade 3,SOL,English Reading,266,79.32
2014-2015,32,Fluvanna County,English:Reading,Grade 4,SOL,English Reading,289,75.43
2014-2015,32,Fluvanna County,English:Reading,Grade 5,SOL,English Reading,293,77.13
2014-2015,32,Fluvanna County,English:Reading,Grade 6,SOL,English Reading,264,84.47
2014-2015,32,Fluvanna County,English:Reading,Grade 7,SOL,English Reading,267,82.4
2014-2015,32,Fluvanna County,English:Reading,Grade 8,SOL,English Reading,256,71.48
2014-2015,39,Greene County,English:Reading,Grade 3,SOL,English Reading,236,63.56
2014-2015,39,Greene County,English:Reading,Grade 4,SOL,English Reading,264,62.12
2014-2015,39,Greene County,English:Reading,Grade 5,SOL,English Reading,244,72.54
2014-2015,39,Greene County,English:Reading,Grade 6,SOL,English Reading,237,69.2
2014-2015,39,Greene County,English:Reading,Grade 7,SOL,English Reading,238,75.63
2014-2015,39,Greene County,English:Reading,Grade 8,SOL,English Reading,235,71.91
2014-2015,54,Louisa County,English:Reading,Grade 3,SOL,English Reading,357,69.19
2014-2015,54,Louisa County,English:Reading,Grade 4,SOL,English Reading,352,73.58
2014-2015,54,Louisa County,English:Reading,Grade 5,SOL,English Reading,362,77.62
2014-2015,54,Louisa County,English:Reading,Grade 6,SOL,English Reading,335,74.93
2014-2015,54,Louisa County,English:Reading,Grade 7,SOL,English Reading,380,81.32
2014-2015,54,Louisa County,English:Reading,Grade 8,SOL,English Reading,348,78.74
2014-2015,62,Nelson County,English:Reading,Grade 3,SOL,English Reading,130,73.85
2014-2015,62,Nelson County,English:Reading,Grade 4,SOL,English Reading,130,63.85
2014-2015,62,Nelson County,English:Reading,Grade 5,SOL,English Reading,151,72.85
2014-2015,62,Nelson County,English:Reading,Grade 6,SOL,English Reading,150,80
2014-2015,62,Nelson County,English:Reading,Grade 7,SOL,English Reading,135,77.04
2014-2015,62,Nelson County,English:Reading,Grade 8,SOL,English Reading,153,69.93
2015-2016,2,Albemarle County,English:Reading,Grade 3,SOL,English Reading,"1,013",75.72
2015-2016,2,Albemarle County,English:Reading,Grade 4,SOL,English Reading,906,76.38
2015-2016,2,Albemarle County,English:Reading,Grade 5,SOL,English Reading,984,78.66
2015-2016,2,Albemarle County,English:Reading,Grade 6,SOL,English Reading,962,75.78
2015-2016,2,Albemarle County,English:Reading,Grade 7,SOL,English Reading,939,83.81
2015-2016,2,Albemarle County,English:Reading,Grade 8,SOL,English Reading,957,76.07
2015-2016,104,Charlottesville City,English:Reading,Grade 3,SOL,English Reading,339,70.21
2015-2016,104,Charlottesville City,English:Reading,Grade 4,SOL,English Reading,322,78.88
2015-2016,104,Charlottesville City,English:Reading,Grade 5,SOL,English Reading,268,67.16
2015-2016,104,Charlottesville City,English:Reading,Grade 6,SOL,English Reading,236,70.76
2015-2016,104,Charlottesville City,English:Reading,Grade 7,SOL,English Reading,243,81.48
2015-2016,104,Charlottesville City,English:Reading,Grade 8,SOL,English Reading,243,67.08
2015-2016,32,Fluvanna County,English:Reading,Grade 3,SOL,English Reading,265,76.23
2015-2016,32,Fluvanna County,English:Reading,Grade 4,SOL,English Reading,264,81.06
2015-2016,32,Fluvanna County,English:Reading,Grade 5,SOL,English Reading,285,76.49
2015-2016,32,Fluvanna County,English:Reading,Grade 6,SOL,English Reading,294,76.19
2015-2016,32,Fluvanna County,English:Reading,Grade 7,SOL,English Reading,260,86.54
2015-2016,32,Fluvanna County,English:Reading,Grade 8,SOL,English Reading,264,76.89
2015-2016,39,Greene County,English:Reading,Grade 3,SOL,English Reading,230,68.7
2015-2016,39,Greene County,English:Reading,Grade 4,SOL,English Reading,237,70.04
2015-2016,39,Greene County,English:Reading,Grade 5,SOL,English Reading,256,73.83
2015-2016,39,Greene County,English:Reading,Grade 6,SOL,English Reading,245,72.24
2015-2016,39,Greene County,English:Reading,Grade 7,SOL,English Reading,235,81.28
2015-2016,39,Greene County,English:Reading,Grade 8,SOL,English Reading,243,68.72
2015-2016,54,Louisa County,English:Reading,Grade 3,SOL,English Reading,350,77.71
2015-2016,54,Louisa County,English:Reading,Grade 4,SOL,English Reading,360,75.28
2015-2016,54,Louisa County,English:Reading,Grade 5,SOL,English Reading,363,79.89
2015-2016,54,Louisa County,English:Reading,Grade 6,SOL,English Reading,359,78.27
2015-2016,54,Louisa County,English:Reading,Grade 7,SOL,English Reading,342,78.36
2015-2016,54,Louisa County,English:Reading,Grade 8,SOL,English Reading,378,76.19
2015-2016,62,Nelson County,English:Reading,Grade 3,SOL,English Reading,140,65.71
2015-2016,62,Nelson County,English:Reading,Grade 4,SOL,English Reading,132,75.76
2015-2016,62,Nelson County,English:Reading,Grade 5,SOL,English Reading,134,70.15
2015-2016,62,Nelson County,English:Reading,Grade 6,SOL,English Reading,144,83.33
2015-2016,62,Nelson County,English:Reading,Grade 7,SOL,English Reading,147,84.35
2015-2016,62,Nelson County,English:Reading,Grade 8,SOL,English Reading,142,71.13
2016-2017,2,Albemarle County,English:Reading,Grade 3,SOL,English Reading,"1,011",70.82
2016-2017,2,Albemarle County,English:Reading,Grade 4,SOL,English Reading,"1,052",78.8
2016-2017,2,Albemarle County,English:Reading,Grade 5,SOL,English Reading,896,81.25
2016-2017,2,Albemarle County,English:Reading,Grade 6,SOL,English Reading,973,77.6
2016-2017,2,Albemarle County,English:Reading,Grade 7,SOL,English Reading,964,82.47
2016-2017,2,Albemarle County,English:Reading,Grade 8,SOL,English Reading,933,77.92
2016-2017,104,Charlottesville City,English:Reading,Grade 3,SOL,English Reading,382,72.25
2016-2017,104,Charlottesville City,English:Reading,Grade 4,SOL,English Reading,330,75.45
2016-2017,104,Charlottesville City,English:Reading,Grade 5,SOL,English Reading,282,70.92
2016-2017,104,Charlottesville City,English:Reading,Grade 6,SOL,English Reading,252,73.02
2016-2017,104,Charlottesville City,English:Reading,Grade 7,SOL,English Reading,234,74.36
2016-2017,104,Charlottesville City,English:Reading,Grade 8,SOL,English Reading,233,70.39
2016-2017,32,Fluvanna County,English:Reading,Grade 3,SOL,English Reading,262,75.57
2016-2017,32,Fluvanna County,English:Reading,Grade 4,SOL,English Reading,260,75
2016-2017,32,Fluvanna County,English:Reading,Grade 5,SOL,English Reading,282,78.37
2016-2017,32,Fluvanna County,English:Reading,Grade 6,SOL,English Reading,281,77.22
2016-2017,32,Fluvanna County,English:Reading,Grade 7,SOL,English Reading,310,80.32
2016-2017,32,Fluvanna County,English:Reading,Grade 8,SOL,English Reading,281,76.51
2016-2017,39,Greene County,English:Reading,Grade 3,SOL,English Reading,238,65.97
2016-2017,39,Greene County,English:Reading,Grade 4,SOL,English Reading,234,74.79
2016-2017,39,Greene County,English:Reading,Grade 5,SOL,English Reading,237,78.48
2016-2017,39,Greene County,English:Reading,Grade 6,SOL,English Reading,253,66.4
2016-2017,39,Greene County,English:Reading,Grade 7,SOL,English Reading,238,80.25
2016-2017,39,Greene County,English:Reading,Grade 8,SOL,English Reading,234,78.21
2016-2017,54,Louisa County,English:Reading,Grade 3,SOL,English Reading,371,67.39
2016-2017,54,Louisa County,English:Reading,Grade 4,SOL,English Reading,345,80
2016-2017,54,Louisa County,English:Reading,Grade 5,SOL,English Reading,356,77.25
2016-2017,54,Louisa County,English:Reading,Grade 6,SOL,English Reading,348,74.43
2016-2017,54,Louisa County,English:Reading,Grade 7,SOL,English Reading,356,81.18
2016-2017,54,Louisa County,English:Reading,Grade 8,SOL,English Reading,343,74.64
2016-2017,62,Nelson County,English:Reading,Grade 3,SOL,English Reading,131,59.54
2016-2017,62,Nelson County,English:Reading,Grade 4,SOL,English Reading,142,65.49
2016-2017,62,Nelson County,English:Reading,Grade 5,SOL,English Reading,133,82.71
2016-2017,62,Nelson County,English:Reading,Grade 6,SOL,English Reading,130,70
2016-2017,62,Nelson County,English:Reading,Grade 7,SOL,English Reading,153,80.39
2016-2017,62,Nelson County,English:Reading,Grade 8,SOL,English Reading,154,73.38
2017-2018,2,Albemarle County,English:Reading,Grade 3,SOL,English Reading,"1,098",70.49
2017-2018,2,Albemarle County,English:Reading,Grade 4,SOL,English Reading,"1,051",74.79
2017-2018,2,Albemarle County,English:Reading,Grade 5,SOL,English Reading,"1,056",79.17
2017-2018,2,Albemarle County,English:Reading,Grade 6,SOL,English Reading,936,81.62
2017-2018,2,Albemarle County,English:Reading,Grade 7,SOL,English Reading,"1,002",81.44
2017-2018,2,Albemarle County,English:Reading,Grade 8,SOL,English Reading,981,77.37
2017-2018,104,Charlottesville City,English:Reading,Grade 3,SOL,English Reading,363,62.81
2017-2018,104,Charlottesville City,English:Reading,Grade 4,SOL,English Reading,401,72.32
2017-2018,104,Charlottesville City,English:Reading,Grade 5,SOL,English Reading,310,61.94
2017-2018,104,Charlottesville City,English:Reading,Grade 6,SOL,English Reading,270,75.19
2017-2018,104,Charlottesville City,English:Reading,Grade 7,SOL,English Reading,259,74.13
2017-2018,104,Charlottesville City,English:Reading,Grade 8,SOL,English Reading,247,63.56
2017-2018,32,Fluvanna County,English:Reading,Grade 3,SOL,English Reading,252,77.78
2017-2018,32,Fluvanna County,English:Reading,Grade 4,SOL,English Reading,275,80
2017-2018,32,Fluvanna County,English:Reading,Grade 5,SOL,English Reading,264,74.62
2017-2018,32,Fluvanna County,English:Reading,Grade 6,SOL,English Reading,291,76.29
2017-2018,32,Fluvanna County,English:Reading,Grade 7,SOL,English Reading,287,79.44
2017-2018,32,Fluvanna County,English:Reading,Grade 8,SOL,English Reading,309,77.99
2017-2018,39,Greene County,English:Reading,Grade 3,SOL,English Reading,250,65.2
2017-2018,39,Greene County,English:Reading,Grade 4,SOL,English Reading,233,68.24
2017-2018,39,Greene County,English:Reading,Grade 5,SOL,English Reading,240,71.25
2017-2018,39,Greene County,English:Reading,Grade 6,SOL,English Reading,238,71.01
2017-2018,39,Greene County,English:Reading,Grade 7,SOL,English Reading,243,72.84
2017-2018,39,Greene County,English:Reading,Grade 8,SOL,English Reading,245,73.88
2017-2018,54,Louisa County,English:Reading,Grade 3,SOL,English Reading,375,68.53
2017-2018,54,Louisa County,English:Reading,Grade 4,SOL,English Reading,388,73.97
2017-2018,54,Louisa County,English:Reading,Grade 5,SOL,English Reading,363,79.89
2017-2018,54,Louisa County,English:Reading,Grade 6,SOL,English Reading,366,76.23
2017-2018,54,Louisa County,English:Reading,Grade 7,SOL,English Reading,369,77.51
2017-2018,54,Louisa County,English:Reading,Grade 8,SOL,English Reading,360,75
2017-2018,62,Nelson County,English:Reading,Grade 3,SOL,English Reading,131,66.41
2017-2018,62,Nelson County,English:Reading,Grade 4,SOL,English Reading,131,65.65
2017-2018,62,Nelson County,English:Reading,Grade 5,SOL,English Reading,147,63.95
2017-2018,62,Nelson County,English:Reading,Grade 6,SOL,English Reading,137,77.37
2017-2018,62,Nelson County,English:Reading,Grade 7,SOL,English Reading,132,68.18
2017-2018,62,Nelson County,English:Reading,Grade 8,SOL,English Reading,153,75.16
2018-2019,2,Albemarle County,English:Reading,Grade 3,SOL,English Reading,"1,004",69.82
2018-2019,2,Albemarle County,English:Reading,Grade 4,SOL,English Reading,"1,117",75.47
2018-2019,2,Albemarle County,English:Reading,Grade 5,SOL,English Reading,"1,040",78.27
2018-2019,2,Albemarle County,English:Reading,Grade 6,SOL,English Reading,"1,072",78.26
2018-2019,2,Albemarle County,English:Reading,Grade 7,SOL,English Reading,963,81.1
2018-2019,2,Albemarle County,English:Reading,Grade 8,SOL,English Reading,"1,012",79.15
2018-2019,104,Charlottesville City,English:Reading,Grade 3,SOL,English Reading,378,70.37
2018-2019,104,Charlottesville City,English:Reading,Grade 4,SOL,English Reading,351,65.24
2018-2019,104,Charlottesville City,English:Reading,Grade 5,SOL,English Reading,350,57.14
2018-2019,104,Charlottesville City,English:Reading,Grade 6,SOL,English Reading,282,68.44
2018-2019,104,Charlottesville City,English:Reading,Grade 7,SOL,English Reading,253,73.12
2018-2019,104,Charlottesville City,English:Reading,Grade 8,SOL,English Reading,257,66.15
2018-2019,32,Fluvanna County,English:Reading,Grade 3,SOL,English Reading,225,64.89
2018-2019,32,Fluvanna County,English:Reading,Grade 4,SOL,English Reading,258,75.97
2018-2019,32,Fluvanna County,English:Reading,Grade 5,SOL,English Reading,279,73.12
2018-2019,32,Fluvanna County,English:Reading,Grade 6,SOL,English Reading,277,69.31
2018-2019,32,Fluvanna County,English:Reading,Grade 7,SOL,English Reading,291,77.32
2018-2019,32,Fluvanna County,English:Reading,Grade 8,SOL,English Reading,294,73.13
2018-2019,39,Greene County,English:Reading,Grade 3,SOL,English Reading,212,61.32
2018-2019,39,Greene County,English:Reading,Grade 4,SOL,English Reading,245,67.35
2018-2019,39,Greene County,English:Reading,Grade 5,SOL,English Reading,240,73.33
2018-2019,39,Greene County,English:Reading,Grade 6,SOL,English Reading,245,65.71
2018-2019,39,Greene County,English:Reading,Grade 7,SOL,English Reading,236,69.07
2018-2019,39,Greene County,English:Reading,Grade 8,SOL,English Reading,235,68.09
2018-2019,54,Louisa County,English:Reading,Grade 3,SOL,English Reading,360,71.39
2018-2019,54,Louisa County,English:Reading,Grade 4,SOL,English Reading,383,77.02
2018-2019,54,Louisa County,English:Reading,Grade 5,SOL,English Reading,401,76.06
2018-2019,54,Louisa County,English:Reading,Grade 6,SOL,English Reading,376,80.59
2018-2019,54,Louisa County,English:Reading,Grade 7,SOL,English Reading,373,70.78
2018-2019,54,Louisa County,English:Reading,Grade 8,SOL,English Reading,370,72.16
2018-2019,62,Nelson County,English:Reading,Grade 3,SOL,English Reading,113,58.41
2018-2019,62,Nelson County,English:Reading,Grade 4,SOL,English Reading,122,76.23
2018-2019,62,Nelson County,English:Reading,Grade 5,SOL,English Reading,125,72.8
2018-2019,62,Nelson County,English:Reading,Grade 6,SOL,English Reading,141,75.18
2018-2019,62,Nelson County,English:Reading,Grade 7,SOL,English Reading,132,78.03
2018-2019,62,Nelson County,English:Reading,Grade 8,SOL,English Reading,124,72.58